ID,ArrestSurrenderID,AccusedMasterID
1,1,1
2,2,5
3,3,6
4,3,7
5,4,9
6,5,8
7,6,11
8,7,23
9,8,27
10,9,28
11,10,32
12,11,33
13,12,34
14,13,38
15,14,39
16,14,38
17,15,41
18,16,44
19,17,47
20,18,51
21,18,50
22,19,58
23,20,59
24,21,60
25,22,65
26,23,69
27,24,75
28,25,78
29,26,76
30,27,80
31,27,81
32,28,81
33,29,84
34,30,83
35,31,86
36,32,95
37,32,94
38,33,103
39,33,102
40,34,101
41,35,104
42,36,107
43,37,106
44,38,110
45,39,109
46,40,111
47,41,112
48,42,113
49,43,118
50,44,117
51,45,119
52,46,125
53,46,126
54,47,124
55,47,125
56,48,129
57,49,130
58,50,132
59,51,134
60,51,135
61,52,141
62,53,143
63,54,146
64,54,147
65,55,149
66,56,150
67,57,158
68,58,160
69,59,161
70,60,166
71,61,168
72,62,169
73,63,171
74,64,170
75,64,171
76,65,179
77,66,182
78,67,185
79,68,187
80,69,188
81,70,194
82,71,205
83,72,207
84,73,211
85,74,210
86,75,213
87,76,214
88,77,216
89,78,218
90,79,220
91,80,223
92,81,225
93,82,226
94,83,230
95,83,229
96,84,229
97,84,231
98,85,232
99,86,235
100,87,238
101,88,237
102,88,238
103,89,241
104,90,242
105,91,243
106,92,250
107,92,248
108,93,248
109,93,247
110,94,265
111,95,267
112,96,272
113,97,280
114,98,278
115,98,279
116,99,282
117,100,289
118,101,292
119,102,297
120,103,299
121,104,300
122,105,301
123,106,302
124,107,304
125,108,303
126,109,308
127,110,307
128,111,310
129,112,312
130,113,311
131,113,312
132,114,314
133,114,313
134,115,319
135,116,320
136,117,321
137,118,325
138,119,331
139,120,335
140,121,337
141,122,338
142,123,340
143,124,341
144,125,343
145,126,347
146,127,349
147,128,352
148,129,354
149,130,356
150,131,357
151,132,359
152,133,361
153,134,360
154,135,362
155,136,363
156,136,362
157,137,371
158,138,376
159,139,381
160,140,380
161,141,385
162,142,388
163,143,387
164,143,386
165,144,390
166,145,397
167,146,398
168,147,400
169,148,401
170,149,402
171,150,404
172,151,409
173,152,411
174,153,416
175,154,417
176,155,419
177,156,420
178,157,424
179,158,431
180,159,435
181,160,440
182,161,447
183,162,444
184,163,448
185,164,451
186,165,453
187,166,455
188,167,454
189,168,456
190,169,458
191,170,457
192,171,459
193,172,468
194,173,471
195,174,477
196,175,478
197,176,484
198,177,486
199,178,485
200,179,491
201,180,493
202,181,495
203,182,501
204,182,502
205,183,500
206,184,504
207,185,505
208,186,507
209,187,511
210,188,514
211,189,519
212,190,520
213,191,527
214,192,528
215,193,529
216,194,537
217,195,540
218,196,541
219,197,544
220,198,546
221,199,548
222,200,553
223,201,560
224,201,557
225,202,561
226,203,564
227,204,563
228,205,566
229,206,570
230,207,569
231,208,577
232,209,576
233,210,579
234,211,580
235,212,585
236,213,587
237,213,586
238,214,589
239,214,588
240,215,588
241,216,592
242,217,591
243,218,595
244,219,594
245,219,595
246,220,598
247,221,599
248,222,600
249,223,601
250,223,600
251,224,605
252,225,606
253,226,616
254,227,617
255,228,627
256,229,629
257,229,630
258,230,632
259,231,651
260,232,653
261,233,655
262,234,657
263,235,656
264,236,663
265,237,664
266,238,665
267,238,664
268,239,666
269,240,667
270,241,668
271,242,675
272,243,676
273,244,678
274,245,684
275,245,681
276,246,685
277,247,687
278,248,688
279,249,695
280,250,697
281,251,698
282,252,699
283,253,703
284,254,705
285,255,707
286,256,714
287,257,725
288,258,735
289,259,736
290,260,738
291,261,744
292,261,745
293,262,747
294,263,753
295,264,751
296,265,758
297,265,756
298,266,756
299,266,758
300,267,759
301,268,766
302,269,769
303,270,772
304,271,776
305,271,775
306,272,781
307,272,782
308,273,782
309,274,787
310,275,789
311,275,790
312,276,790
313,277,793
314,277,791
315,278,791
316,278,793
317,279,794
318,280,796
319,281,805
320,282,808
321,283,809
322,284,811
323,285,812
324,286,814
325,287,816
326,288,818
327,289,817
328,290,819
329,291,820
330,292,821
331,292,822
332,293,823
333,294,825
334,295,824
335,295,825
336,296,826
337,296,827
338,297,832
339,298,831
340,299,834
341,300,835
342,301,837
343,302,842
344,302,843
345,303,843
346,304,849
347,304,848
348,305,852
349,306,851
350,307,854
351,308,856
352,309,859
353,310,863
354,311,864
355,312,867
356,312,869
357,313,874
358,314,875
359,315,878
360,316,877
361,316,876
362,317,879
363,318,884
364,318,883
365,319,890
366,320,897
367,321,896
368,321,898
369,322,900
370,323,899
371,324,906
372,324,904
373,325,904
374,326,912
375,327,913
376,328,914
377,329,915
378,330,917
379,331,921
380,332,922
381,333,928
382,334,935
383,335,941
384,336,943
385,336,942
386,337,945
387,338,946
388,339,949
389,340,952
390,341,955
391,342,960
392,343,964
393,344,963
394,344,964
395,345,965
396,346,966
397,347,971
398,348,969
399,349,972
400,350,973
401,350,972
402,351,977
403,352,979
404,353,980
405,354,981
406,355,984
407,355,982
408,356,986
409,357,985
410,358,987
411,359,990
412,359,987
413,360,994
414,361,995
415,362,996
416,363,998
417,364,1001
418,365,1002
419,366,1004
420,367,1005
421,368,1008
422,369,1011
423,370,1012
424,371,1016
425,372,1017
426,373,1019
427,374,1018
428,375,1021
429,376,1023
430,377,1024
431,378,1034
432,379,1037
433,380,1042
434,381,1044
435,382,1045
436,382,1046
437,383,1052
438,384,1054
439,385,1070
440,386,1071
441,386,1072
442,387,1074
443,388,1076
444,389,1078
445,390,1081
446,391,1083
447,392,1088
448,392,1086
449,393,1089
450,394,1093
451,395,1091
452,396,1097
453,397,1098
454,398,1099
455,399,1100
456,400,1102
457,401,1105
458,401,1106
459,402,1111
460,402,1110
461,403,1112
462,404,1113
463,405,1114
464,406,1129
465,407,1127
466,408,1130
467,409,1131
468,410,1134
469,411,1139
470,411,1138
471,412,1138
472,412,1139
473,413,1144
474,414,1146
475,415,1147
476,416,1152
477,417,1155
478,418,1156
479,419,1158
480,420,1164
481,421,1165
482,422,1167
483,423,1169
484,424,1170
485,425,1171
486,426,1172
487,427,1173
488,428,1175
489,429,1176
490,430,1180
491,431,1182
492,432,1186
493,432,1189
494,433,1191
495,434,1190
496,434,1191
497,435,1196
498,436,1197
499,437,1198
500,438,1202
501,439,1225
502,440,1223
503,440,1224
504,441,1227
505,441,1229
506,442,1229
507,442,1227
508,443,1231
509,444,1235
510,445,1232
511,446,1236
512,447,1237
513,448,1238
514,449,1243
515,450,1252
516,451,1253
517,452,1257
518,453,1259
519,454,1263
520,455,1264
521,456,1268
522,457,1272
523,458,1273
524,458,1274
525,459,1274
526,459,1273
527,460,1276
528,461,1278
529,461,1276
530,462,1281
531,463,1282
532,464,1285
533,465,1290
534,466,1289
535,467,1293
536,468,1292
537,469,1296
538,470,1295
539,470,1294
540,471,1298
541,472,1299
542,473,1307
543,474,1308
544,475,1309
545,476,1310
546,476,1309
547,477,1311
548,478,1313
549,478,1312
550,479,1314
551,480,1321
552,481,1324
553,482,1332
554,483,1336
555,483,1335
556,484,1338
557,485,1340
558,486,1347
559,487,1348
560,488,1350
561,489,1353
562,490,1351
563,490,1354
564,491,1362
565,492,1364
566,493,1368
567,494,1372
568,495,1371
569,496,1375
570,497,1383
571,498,1384
572,499,1385
573,500,1387
574,501,1393
575,502,1392
576,503,1402
577,504,1401
578,504,1402
579,505,1407
580,506,1409
581,507,1416
582,507,1415
583,508,1420
584,509,1425
585,510,1423
586,511,1426
587,512,1433
588,513,1437
589,514,1438
590,515,1439
591,516,1444
592,517,1448
593,518,1449
594,519,1450
595,520,1458
596,521,1459
597,521,1461
598,522,1462
599,523,1463
600,523,1464
601,524,1468
602,525,1473
603,526,1476
604,527,1479
605,528,1478
606,529,1485
607,530,1488
608,531,1489
609,532,1493
610,532,1494
611,533,1495
612,534,1500
613,535,1503
614,536,1506
615,537,1504
616,538,1507
617,539,1508
618,540,1514
619,540,1513
620,541,1513
621,542,1515
622,542,1516
623,543,1516
624,544,1519
625,545,1528
626,546,1530
627,547,1531
628,548,1534
629,549,1535
630,550,1540
631,551,1545
632,551,1544
633,552,1549
634,553,1550
635,554,1554
636,555,1555
637,556,1557
638,557,1556
639,558,1559
640,559,1564
641,560,1561
642,561,1567
643,562,1571
644,563,1569
645,564,1572
646,565,1573
647,566,1574
648,567,1576
649,568,1580
650,569,1578
651,570,1582
652,571,1588
653,572,1592
654,573,1593
655,573,1591
656,574,1594
657,575,1595
658,576,1596
659,577,1597
660,578,1598
661,579,1602
662,580,1611
663,581,1617
664,582,1616
665,583,1622
666,584,1623
667,585,1633
668,586,1644
669,586,1643
670,587,1643
671,588,1646
672,589,1654
673,590,1657
674,591,1658
675,592,1661
676,593,1660
677,594,1664
678,594,1663
679,595,1663
680,595,1665
681,596,1669
682,597,1675
683,598,1676
684,599,1678
685,600,1677
686,600,1678
687,601,1680
688,602,1683
689,603,1685
690,604,1684
691,604,1685
692,605,1689
693,606,1691
694,607,1690
695,608,1692
696,609,1696
697,610,1697
698,610,1699
699,611,1702
700,612,1703
701,613,1704
702,614,1707
703,615,1708
704,616,1713
705,617,1733
706,617,1736
707,618,1737
708,618,1738
709,619,1738
710,620,1743
711,621,1746
712,622,1745
713,623,1749
714,624,1750
715,624,1749
716,625,1758
717,625,1759
718,626,1761
719,627,1766
720,627,1765
721,628,1771
722,629,1770
723,630,1772
724,631,1774
725,631,1773
726,632,1776
727,633,1777
728,634,1780
729,635,1781
730,636,1783
731,637,1789
732,638,1790
733,638,1789
734,639,1791
735,640,1801
736,641,1802
737,642,1811
738,643,1810
739,644,1813
740,645,1819
741,646,1821
742,647,1822
743,648,1824
744,649,1829
745,650,1834
746,650,1833
747,651,1835
748,651,1836
749,652,1839
750,653,1844
751,654,1845
752,655,1849
753,655,1850
754,656,1847
755,657,1851
756,658,1854
757,659,1859
758,660,1858
759,661,1860
760,662,1861
761,662,1860
762,663,1862
763,664,1864
764,665,1873
765,665,1875
766,666,1872
767,667,1880
768,668,1881
769,669,1883
770,670,1884
771,671,1888
772,672,1897
773,673,1898
774,674,1900
775,675,1899
776,676,1902
777,677,1901
778,678,1911
779,679,1916
780,680,1917
781,681,1919
782,682,1921
783,683,1924
784,683,1923
785,684,1923
786,685,1925
787,686,1926
788,687,1927
789,687,1926
790,688,1928
791,689,1934
792,690,1933
793,691,1938
794,692,1940
795,693,1939
796,694,1945
797,695,1946
798,696,1947
799,697,1949
800,697,1950
801,698,1954
802,699,1956
803,700,1961
804,700,1960
805,701,1959
806,702,1964
807,703,1965
808,704,1968
809,705,1969
810,706,1971
811,707,1974
812,708,1976
813,709,1981
814,710,1983
815,711,1984
816,712,1986
817,713,1988
818,714,1995
819,715,1999
820,716,1998
821,716,1999
822,717,2000
823,718,2005
824,719,2011
825,720,2013
826,721,2015
827,722,2016
828,723,2017
829,724,2024
830,725,2023
831,726,2026
832,727,2028
833,728,2035
834,728,2036
835,729,2036
836,730,2038
837,731,2041
838,732,2045
839,733,2046
840,733,2044
841,734,2048
842,734,2047
843,735,2047
844,736,2050
845,736,2049
846,737,2051
847,738,2056
848,739,2057
849,740,2061
850,741,2069
851,741,2067
852,742,2067
853,743,2070
854,744,2071
855,745,2073
856,746,2075
857,747,2074
858,748,2079
859,749,2080
860,750,2081
861,751,2083
862,751,2082
863,752,2082
864,752,2083
865,753,2084
866,754,2085
867,755,2087
868,755,2088
869,756,2088
870,756,2087
871,757,2090
872,758,2092
873,759,2093
874,760,2095
875,761,2099
876,762,2100
877,763,2104
878,764,2101
879,765,2105
880,766,2109
881,767,2120
882,768,2123
883,768,2124
884,769,2134
885,770,2138
886,771,2136
887,771,2137
888,772,2145
889,773,2153
890,773,2154
891,774,2158
892,775,2160
893,776,2161
894,777,2167
895,778,2168
896,779,2171
897,780,2173
898,781,2175
899,782,2178
900,783,2177
901,784,2182
902,785,2187
903,786,2190
904,787,2193
905,788,2202
906,788,2200
907,789,2203
908,790,2204
909,790,2203
910,791,2206
911,792,2209
912,793,2213
913,794,2211
914,795,2214
915,796,2217
916,797,2218
917,798,2219
918,799,2220
919,800,2234
920,800,2232
921,801,2238
922,802,2237
923,802,2235
924,803,2241
925,804,2247
926,805,2246
927,805,2247
928,806,2252
929,807,2251
930,808,2253
931,809,2254
932,810,2255
933,810,2254
934,811,2269
935,811,2268
936,812,2268
937,813,2272
938,814,2279
939,815,2281
940,816,2285
941,817,2283
942,818,2290
943,819,2291
944,820,2292
945,821,2293
946,821,2292
947,822,2297
948,823,2301
949,824,2305
950,825,2308
951,826,2310
952,826,2309
953,827,2314
954,828,2315
955,829,2321
956,830,2320
957,831,2322
958,832,2325
959,833,2324
960,834,2326
961,835,2328
962,835,2327
963,836,2327
964,837,2330
965,838,2334
966,838,2335
967,839,2336
968,840,2339
969,840,2337
970,841,2337
971,842,2341
972,843,2346
973,844,2350
974,845,2351
975,846,2352
976,846,2351
977,847,2361
978,847,2360
979,848,2360
980,849,2362
981,850,2364
982,850,2363
983,851,2365
984,852,2367
985,853,2369
986,854,2370
987,855,2373
988,856,2380
989,857,2379
990,858,2381
991,859,2382
992,860,2383
993,860,2384
994,861,2388
995,862,2393
996,863,2394
997,864,2397
998,865,2399
999,865,2398
1000,866,2400
1001,867,2402
1002,868,2403
1003,869,2406
1004,870,2405
1005,871,2409
1006,871,2408
1007,872,2408
1008,873,2412
1009,873,2411
1010,874,2415
1011,875,2416
1012,876,2417
1013,877,2426
1014,878,2432
1015,878,2430
1016,879,2436
1017,880,2433
1018,881,2441
1019,882,2444
1020,882,2445
1021,883,2446
1022,884,2452
1023,885,2454
1024,886,2455
1025,887,2456
1026,888,2457
1027,889,2461
1028,890,2463
1029,891,2462
1030,892,2470
1031,893,2472
1032,894,2475
1033,895,2473
1034,896,2480
1035,897,2485
1036,897,2484
1037,898,2490
1038,899,2493
1039,900,2494
1040,901,2495
1041,902,2499
1042,903,2500
1043,903,2498
1044,904,2502
1045,905,2503
1046,906,2504
1047,907,2508
1048,908,2510
1049,909,2516
1050,910,2518
1051,910,2517
1052,911,2524
1053,912,2525
1054,913,2530
1055,914,2527
1056,914,2530
1057,915,2534
1058,916,2535
1059,917,2537
1060,918,2540
1061,919,2539
1062,920,2541
1063,921,2545
1064,922,2546
1065,923,2553
1066,924,2551
1067,925,2555
1068,926,2556
1069,927,2557
1070,928,2564
1071,929,2562
1072,929,2564
1073,930,2568
1074,931,2569
1075,932,2571
1076,933,2574
1077,934,2575
1078,935,2576
1079,936,2577
1080,937,2583
1081,938,2581
1082,938,2583
1083,939,2585
1084,939,2584
1085,940,2591
1086,941,2593
1087,942,2594
1088,943,2596
1089,944,2598
1090,945,2597
1091,946,2605
1092,947,2603
1093,948,2607
1094,949,2606
1095,950,2608
1096,951,2611
1097,952,2618
1098,953,2620
1099,954,2624
1100,955,2627
1101,956,2628
1102,957,2629
1103,958,2634
1104,959,2635
1105,960,2642
1106,960,2643
1107,961,2645
1108,962,2644
1109,963,2660
1110,964,2659
1111,965,2664
1112,966,2667
1113,967,2673
1114,968,2676
1115,969,2674
1116,970,2679
1117,971,2680
1118,972,2682
1119,973,2688
1120,973,2689
1121,974,2689
1122,975,2692
1123,976,2694
1124,977,2700
1125,977,2698
1126,978,2702
1127,979,2711
1128,979,2712
1129,980,2712
1130,981,2715
1131,982,2718
1132,983,2724
1133,984,2725
1134,985,2727
1135,986,2726
1136,987,2730
1137,988,2734
1138,989,2735
1139,989,2736
1140,990,2737
1141,991,2740
1142,992,2739
1143,992,2740
1144,993,2742
1145,994,2744
1146,995,2745
1147,996,2750
1148,997,2753
1149,998,2756
1150,999,2758
1151,1000,2765
1152,1001,2767
1153,1002,2770
1154,1003,2772
1155,1004,2779
1156,1005,2780
1157,1006,2783
1158,1006,2781
1159,1007,2791
1160,1008,2798
1161,1009,2797
1162,1010,2803
1163,1011,2801
1164,1012,2805
1165,1013,2806
1166,1014,2807
1167,1014,2808
1168,1015,2813
1169,1016,2816
1170,1016,2817
1171,1017,2819
1172,1018,2822
1173,1019,2824
1174,1020,2827
1175,1021,2826
1176,1022,2830
1177,1023,2832
1178,1024,2833
1179,1025,2835
1180,1026,2838
1181,1027,2839
1182,1028,2842
1183,1028,2841
1184,1029,2847
1185,1030,2852
1186,1031,2853
1187,1032,2854
1188,1032,2853
1189,1033,2855
1190,1034,2856
1191,1035,2864
1192,1035,2865
1193,1036,2866
1194,1037,2871
1195,1037,2870
1196,1038,2870
1197,1039,2873
1198,1040,2872
1199,1041,2879
1200,1042,2881
1201,1042,2882
1202,1043,2884
1203,1043,2886
1204,1044,2886
1205,1045,2890
1206,1045,2892
1207,1046,2892
1208,1047,2893
1209,1048,2895
1210,1049,2900
1211,1050,2899
1212,1051,2904
1213,1051,2902
1214,1052,2902
1215,1053,2906
1216,1054,2907
1217,1055,2915
1218,1056,2922
1219,1057,2925
1220,1058,2927
1221,1059,2928
1222,1060,2933
1223,1061,2936
1224,1062,2937
1225,1062,2938
1226,1063,2940
1227,1064,2946
1228,1065,2947
1229,1066,2949
1230,1067,2950
1231,1068,2952
1232,1068,2953
1233,1069,2957
1234,1070,2960
1235,1071,2962
1236,1072,2963
1237,1072,2962
1238,1073,2965
1239,1074,2968
1240,1075,2972
1241,1076,2971
1242,1077,2977
1243,1078,2979
1244,1079,2985
1245,1079,2984
1246,1080,2986
1247,1081,2991
1248,1082,2992
1249,1083,2997
1250,1083,3000
1251,1084,3006
1252,1085,3007
1253,1086,3011
1254,1087,3014
1255,1088,3015
1256,1089,3019
1257,1090,3025
1258,1091,3024
1259,1091,3025
1260,1092,3028
1261,1093,3026
1262,1094,3030
1263,1094,3031
1264,1095,3039
1265,1096,3042
1266,1097,3043
1267,1098,3044
1268,1099,3045
1269,1099,3046
1270,1100,3049
1271,1101,3059
1272,1102,3062
1273,1103,3063
1274,1104,3065
1275,1105,3073
1276,1106,3075
1277,1107,3076
1278,1107,3077
1279,1108,3086
1280,1109,3097
1281,1110,3098
1282,1111,3099
1283,1112,3101
1284,1113,3103
1285,1114,3102
1286,1115,3104
1287,1115,3105
1288,1116,3108
1289,1117,3106
1290,1118,3109
1291,1119,3111
1292,1120,3112
1293,1121,3116
1294,1122,3119
1295,1123,3123
1296,1124,3128
1297,1124,3129
1298,1125,3137
1299,1126,3139
1300,1126,3136
1301,1127,3144
1302,1128,3148
1303,1128,3145
1304,1129,3147
1305,1130,3151
1306,1131,3152
1307,1132,3155
1308,1133,3154
1309,1133,3155
1310,1134,3159
1311,1135,3157
1312,1136,3160
1313,1137,3161
1314,1138,3164
1315,1139,3166
1316,1140,3173
1317,1141,3177
1318,1142,3176
1319,1143,3180
1320,1144,3181
1321,1145,3188
1322,1146,3197
1323,1147,3199
1324,1148,3201
1325,1149,3204
1326,1150,3205
1327,1151,3207
1328,1151,3209
1329,1152,3210
1330,1153,3214
1331,1154,3213
1332,1155,3218
1333,1156,3221
1334,1157,3226
1335,1158,3228
1336,1159,3229
1337,1160,3232
1338,1161,3233
1339,1162,3236
1340,1163,3235
1341,1164,3238
1342,1165,3239
1343,1165,3241
1344,1166,3243
1345,1167,3251
1346,1167,3253
1347,1168,3252
1348,1169,3257
1349,1170,3262
1350,1171,3267
1351,1172,3272
1352,1173,3270
1353,1174,3274
1354,1175,3275
1355,1176,3278
1356,1177,3277
1357,1177,3278
1358,1178,3279
1359,1179,3281
1360,1180,3282
1361,1180,3280
1362,1181,3283
1363,1182,3290
1364,1183,3291
1365,1184,3294
1366,1185,3296
1367,1186,3304
1368,1187,3305
1369,1188,3308
1370,1189,3309
1371,1190,3321
1372,1191,3323
1373,1192,3326
1374,1193,3324
1375,1193,3327
1376,1194,3331
1377,1195,3330
1378,1196,3334
1379,1197,3339
1380,1198,3345
1381,1199,3349
1382,1200,3353
1383,1200,3352
1384,1201,3367
1385,1202,3368
1386,1203,3369
1387,1204,3374
1388,1205,3379
1389,1205,3378
1390,1206,3383
1391,1207,3381
1392,1208,3384
1393,1208,3385
1394,1209,3386
1395,1210,3389
1396,1211,3394
1397,1212,3400
1398,1212,3398
1399,1213,3402
1400,1214,3405
1401,1215,3404
1402,1215,3405
1403,1216,3406
1404,1217,3415
1405,1218,3418
1406,1219,3420
1407,1220,3426
1408,1221,3427
1409,1222,3428
1410,1223,3429
1411,1224,3435
1412,1224,3437
1413,1225,3434
1414,1226,3438
1415,1227,3439
1416,1227,3440
1417,1228,3447
1418,1229,3453
1419,1230,3452
1420,1231,3457
1421,1232,3460
1422,1233,3462
1423,1234,3466
1424,1235,3467
1425,1236,3469
1426,1236,3468
1427,1237,3468
1428,1238,3473
1429,1238,3472
1430,1239,3472
1431,1240,3478
1432,1241,3480
1433,1242,3483
1434,1243,3485
1435,1244,3487
1436,1245,3489
1437,1246,3498
1438,1247,3499
1439,1248,3507
1440,1249,3514
1441,1250,3520
1442,1251,3530
1443,1252,3529
1444,1253,3535
1445,1254,3534
1446,1255,3538
1447,1256,3539
1448,1257,3541
1449,1258,3542
1450,1258,3541
1451,1259,3547
1452,1260,3551
1453,1261,3552
1454,1262,3553
1455,1263,3554
1456,1264,3556
1457,1264,3557
1458,1265,3557
1459,1266,3558
1460,1267,3561
1461,1268,3562
1462,1269,3566
1463,1269,3567
1464,1270,3568
1465,1271,3571
1466,1272,3576
1467,1273,3584
1468,1274,3581
1469,1275,3585
1470,1276,3595
1471,1277,3606
1472,1278,3607
1473,1279,3611
1474,1280,3608
1475,1281,3612
1476,1281,3614
1477,1282,3616
1478,1283,3615
1479,1284,3624
1480,1285,3628
1481,1286,3633
1482,1286,3632
1483,1287,3635
1484,1288,3638
1485,1289,3637
1486,1289,3638
1487,1290,3640
1488,1291,3651
1489,1292,3650
1490,1293,3656
1491,1294,3660
1492,1295,3664
1493,1296,3673
1494,1297,3679
1495,1298,3682
1496,1298,3680
1497,1299,3680
1498,1300,3683
1499,1301,3687
1500,1302,3686
1501,1303,3696
1502,1304,3697
1503,1305,3700
1504,1305,3699
1505,1306,3699
1506,1307,3702
1507,1308,3703
1508,1309,3712
1509,1310,3716
1510,1310,3713
1511,1311,3718
1512,1311,3719
1513,1312,3719
1514,1313,3723
1515,1314,3730
1516,1314,3727
1517,1315,3731
1518,1316,3732
1519,1317,3733
1520,1318,3735
1521,1319,3737
1522,1320,3738
1523,1320,3737
1524,1321,3745
1525,1322,3747
1526,1323,3749
1527,1324,3751
1528,1325,3756
1529,1326,3760
1530,1327,3762
1531,1328,3763
1532,1329,3765
1533,1330,3766
1534,1331,3775
1535,1331,3774
1536,1332,3776
1537,1333,3778
1538,1334,3779
1539,1335,3782
1540,1336,3785
1541,1337,3790
1542,1338,3795
1543,1339,3796
1544,1340,3801
1545,1341,3800
1546,1342,3804
1547,1343,3809
1548,1344,3811
1549,1345,3812
1550,1346,3815
1551,1347,3814
1552,1348,3816
1553,1349,3821
1554,1350,3822
1555,1351,3833
1556,1352,3831
1557,1353,3835
1558,1354,3837
1559,1355,3840
1560,1356,3851
1561,1357,3852
1562,1357,3851
1563,1358,3853
1564,1359,3855
1565,1360,3863
1566,1361,3862
1567,1362,3865
1568,1363,3867
1569,1364,3868
1570,1365,3869
1571,1366,3875
1572,1366,3876
1573,1367,3877
1574,1368,3878
1575,1369,3879
1576,1370,3895
1577,1371,3896
1578,1372,3900
1579,1373,3905
1580,1374,3906
1581,1375,3912
1582,1375,3911
1583,1376,3914
1584,1377,3917
1585,1378,3919
1586,1379,3921
1587,1380,3923
1588,1381,3926
1589,1381,3927
1590,1382,3925
1591,1383,3932
1592,1384,3933
1593,1385,3943
1594,1386,3950
1595,1387,3949
1596,1388,3954
1597,1389,3951
1598,1390,3955
1599,1391,3959
1600,1391,3957
1601,1392,3958
1602,1393,3960
1603,1394,3962
1604,1395,3964
1605,1396,3963
1606,1397,3969
1607,1398,3968
1608,1399,3975
1609,1400,3974
1610,1401,3978
1611,1402,3977
1612,1403,3983
1613,1404,3987
1614,1405,3992
1615,1406,3993
1616,1407,3995
1617,1408,4000
1618,1409,4005
1619,1410,4007
1620,1411,4012
1621,1412,4010
1622,1413,4016
1623,1414,4020
1624,1415,4024
1625,1415,4022
1626,1416,4030
1627,1417,4035
1628,1418,4034
1629,1419,4037
1630,1420,4039
1631,1421,4042
1632,1421,4043
1633,1422,4051
1634,1423,4057
1635,1424,4060
1636,1425,4063
1637,1426,4064
1638,1427,4069
1639,1427,4072
1640,1428,4070
1641,1429,4074
1642,1430,4077
1643,1430,4074
1644,1431,4078
1645,1432,4084
1646,1433,4086
1647,1434,4096
1648,1435,4097
1649,1435,4096
1650,1436,4102
1651,1437,4099
1652,1438,4106
1653,1439,4107
1654,1440,4108
1655,1441,4109
1656,1442,4110
1657,1443,4113
1658,1444,4112
1659,1445,4121
1660,1445,4122
1661,1446,4122
1662,1447,4124
1663,1448,4123
1664,1449,4129
1665,1449,4131
1666,1450,4133
1667,1451,4145
1668,1451,4147
1669,1452,4149
1670,1453,4150
1671,1453,4151
1672,1454,4151
1673,1455,4152
1674,1456,4153
1675,1456,4152
1676,1457,4162
1677,1458,4163
1678,1459,4165
1679,1460,4167
1680,1461,4168
1681,1462,4176
1682,1463,4177
1683,1464,4181
1684,1464,4180
1685,1465,4182
1686,1466,4184
1687,1467,4183
1688,1468,4196
1689,1469,4204
1690,1470,4206
1691,1471,4207
1692,1472,4208
1693,1473,4209
1694,1474,4216
1695,1475,4221
1696,1476,4222
1697,1477,4224
1698,1478,4229
1699,1479,4230
1700,1480,4233
1701,1481,4232
1702,1482,4236
1703,1483,4235
1704,1484,4241
1705,1484,4240
1706,1485,4255
1707,1486,4258
1708,1487,4267
1709,1488,4270
1710,1489,4274
1711,1490,4271
1712,1491,4275
1713,1492,4276
1714,1493,4279
1715,1494,4281
1716,1494,4282
1717,1495,4283
1718,1495,4280
1719,1496,4291
1720,1497,4297
1721,1498,4304
1722,1499,4303
1723,1500,4309
1724,1500,4306
1725,1501,4310
1726,1502,4312
1727,1503,4316
1728,1504,4315
1729,1505,4317
1730,1506,4320
1731,1507,4328
1732,1507,4325
1733,1508,4327
1734,1509,4331
1735,1510,4329
1736,1511,4332
1737,1512,4338
1738,1513,4346
1739,1514,4345
1740,1514,4346
1741,1515,4347
1742,1516,4358
1743,1517,4360
1744,1518,4363
1745,1519,4362
1746,1520,4366
1747,1521,4368
1748,1522,4370
1749,1523,4372
1750,1523,4373
1751,1524,4375
1752,1525,4391
1753,1526,4393
1754,1527,4398
1755,1528,4397
1756,1529,4399
1757,1530,4407
1758,1531,4404
1759,1532,4408
1760,1532,4410
1761,1533,4410
1762,1534,4411
1763,1535,4413
1764,1536,4412
1765,1537,4417
1766,1538,4420
1767,1539,4423
1768,1540,4430
1769,1541,4431
1770,1542,4436
1771,1543,4434
1772,1544,4439
1773,1545,4440
1774,1546,4443
1775,1547,4446
1776,1548,4449
1777,1549,4450
1778,1550,4457
1779,1551,4456
1780,1552,4458
1781,1553,4460
1782,1554,4465
1783,1555,4466
1784,1556,4467
1785,1557,4469
1786,1557,4470
1787,1558,4468
1788,1558,4470
1789,1559,4477
1790,1560,4482
1791,1561,4483
1792,1562,4488
1793,1563,4489
1794,1564,4493
1795,1565,4491
1796,1565,4492
1797,1566,4500
1798,1567,4503
1799,1568,4502
1800,1569,4504
1801,1570,4506
1802,1571,4508
1803,1572,4510
1804,1573,4512
1805,1574,4514
1806,1575,4513
1807,1576,4515
1808,1577,4517
1809,1578,4516
1810,1578,4517
1811,1579,4519
1812,1580,4524
1813,1581,4527
1814,1581,4526
1815,1582,4525
1816,1583,4534
1817,1584,4538
1818,1585,4539
1819,1586,4549
1820,1587,4548
1821,1588,4551
1822,1589,4553
1823,1589,4552
1824,1590,4552
1825,1591,4555
1826,1592,4554
1827,1592,4555
1828,1593,4571
1829,1594,4570
1830,1594,4571
1831,1595,4577
1832,1596,4576
1833,1597,4578
1834,1598,4582
1835,1599,4580
1836,1599,4579
1837,1600,4583
1838,1601,4584
1839,1602,4587
1840,1603,4590
1841,1604,4589
1842,1604,4590
1843,1605,4593
1844,1606,4599
1845,1607,4606
1846,1608,4605
1847,1608,4606
1848,1609,4608
1849,1610,4611
1850,1611,4610
1851,1612,4617
1852,1613,4620
1853,1614,4621
1854,1615,4625
1855,1616,4624
1856,1616,4625
1857,1617,4626
1858,1618,4627
1859,1619,4628
1860,1620,4631
1861,1621,4635
1862,1622,4632
1863,1623,4641
1864,1624,4640
1865,1624,4641
1866,1625,4644
1867,1626,4642
1868,1627,4645
1869,1628,4649
1870,1629,4652
1871,1630,4660
1872,1631,4664
1873,1632,4665
1874,1633,4666
1875,1634,4668
1876,1634,4669
1877,1635,4675
1878,1636,4673
1879,1637,4676
1880,1638,4677
1881,1639,4678
1882,1640,4682
1883,1641,4685
1884,1642,4688
1885,1642,4689
1886,1643,4687
1887,1644,4692
1888,1644,4693
1889,1645,4698
1890,1646,4696
1891,1647,4701
1892,1648,4702
1893,1648,4701
1894,1649,4703
1895,1650,4704
1896,1651,4705
1897,1652,4706
1898,1652,4707
1899,1653,4710
1900,1654,4715
1901,1655,4714
1902,1656,4716
1903,1657,4717
1904,1658,4718
1905,1659,4722
1906,1660,4724
1907,1661,4727
1908,1661,4725
1909,1662,4734
1910,1662,4733
1911,1663,4739
1912,1664,4737
1913,1664,4739
1914,1665,4740
1915,1666,4744
1916,1667,4746
1917,1668,4748
1918,1669,4749
1919,1670,4755
1920,1671,4758
1921,1672,4767
1922,1672,4765
1923,1673,4769
1924,1674,4768
1925,1674,4769
1926,1675,4771
1927,1676,4776
1928,1677,4775
1929,1677,4774
1930,1678,4778
1931,1679,4782
1932,1680,4784
1933,1681,4785
1934,1682,4787
1935,1683,4791
1936,1683,4793
1937,1684,4795
1938,1685,4794
1939,1686,4801
1940,1687,4807
1941,1688,4808
1942,1689,4809
1943,1690,4811
1944,1691,4813
1945,1692,4814
1946,1693,4815
1947,1694,4816
1948,1695,4822
1949,1696,4825
1950,1697,4826
1951,1698,4827
1952,1699,4830
1953,1699,4831
1954,1700,4839
1955,1701,4840
1956,1702,4842
1957,1702,4840
1958,1703,4843
1959,1704,4844
1960,1705,4848
1961,1705,4849
1962,1706,4849
1963,1707,4854
1964,1707,4852
1965,1708,4863
1966,1709,4862
1967,1710,4865
1968,1711,4870
1969,1712,4877
1970,1712,4880
1971,1713,4885
1972,1714,4886
1973,1715,4889
1974,1716,4890
1975,1717,4892
1976,1718,4893
1977,1718,4892
1978,1719,4896
1979,1719,4897
1980,1720,4900
1981,1721,4902
1982,1722,4903
1983,1723,4904
1984,1724,4911
1985,1725,4921
1986,1726,4922
1987,1726,4921
1988,1727,4927
1989,1728,4936
1990,1729,4939
1991,1730,4940
1992,1731,4941
1993,1732,4942
1994,1733,4943
1995,1734,4944
1996,1735,4949
1997,1736,4952
1998,1737,4960
1999,1738,4962
2000,1739,4963
2001,1740,4968
2002,1741,4969
2003,1742,4970
2004,1742,4972
2005,1743,4971
2006,1744,4974
2007,1745,4975
2008,1746,4976
2009,1747,4977
2010,1747,4976
2011,1748,4986
2012,1749,4992
2013,1750,4993
2014,1750,4994
2015,1751,4994
2016,1751,4993
2017,1752,4999
2018,1753,4997
2019,1754,5005
2020,1755,5008
2021,1756,5017
2022,1757,5018
2023,1758,5022
2024,1759,5023
2025,1760,5030
2026,1761,5033
2027,1761,5034
2028,1762,5036
2029,1763,5038
2030,1764,5049
2031,1765,5053
2032,1766,5057
2033,1767,5060
2034,1768,5064
2035,1769,5076
2036,1770,5074
2037,1771,5078
2038,1772,5079
2039,1773,5080
2040,1774,5085
2041,1775,5086
2042,1775,5088
2043,1776,5087
2044,1776,5086
2045,1777,5091
2046,1777,5092
2047,1778,5094
2048,1779,5102
2049,1780,5108
2050,1781,5107
2051,1782,5113
2052,1783,5117
2053,1784,5119
2054,1785,5124
2055,1786,5129
2056,1787,5132
2057,1788,5135
2058,1789,5136
2059,1790,5137
2060,1791,5147
2061,1791,5148
2062,1792,5152
2063,1793,5151
2064,1793,5150
2065,1794,5156
2066,1794,5154
2067,1795,5155
2068,1796,5157
2069,1797,5162
2070,1798,5167
2071,1799,5168
2072,1799,5167
2073,1800,5170
2074,1801,5172
2075,1802,5171
2076,1803,5177
2077,1804,5184
2078,1805,5196
2079,1805,5195
2080,1806,5195
2081,1807,5199
2082,1808,5202
2083,1809,5205
2084,1810,5207
2085,1811,5206
2086,1812,5211
2087,1813,5214
2088,1814,5224
2089,1815,5225
2090,1816,5226
2091,1817,5228
2092,1818,5229
2093,1819,5231
2094,1820,5234
2095,1821,5236
2096,1822,5235
2097,1823,5237
2098,1824,5238
2099,1825,5243
2100,1826,5245
2101,1827,5249
2102,1827,5248
2103,1828,5251
2104,1829,5254
2105,1830,5259
2106,1831,5261
2107,1832,5264
2108,1833,5267
2109,1834,5266
2110,1835,5271
2111,1835,5270
2112,1836,5268
2113,1837,5274
2114,1838,5273
2115,1839,5278
2116,1840,5279
2117,1841,5280
2118,1842,5282
2119,1843,5284
2120,1844,5283
2121,1845,5285
2122,1846,5288
2123,1847,5286
2124,1848,5294
2125,1849,5302
2126,1849,5304
2127,1850,5308
2128,1851,5310
2129,1852,5312
2130,1853,5316
2131,1854,5320
2132,1854,5318
2133,1855,5322
2134,1856,5323
2135,1857,5324
2136,1858,5328
2137,1859,5334
2138,1860,5335
2139,1861,5339
2140,1861,5337
2141,1862,5338
2142,1863,5343
2143,1864,5342
2144,1865,5345
2145,1866,5344
2146,1867,5349
2147,1868,5352
2148,1869,5353
2149,1870,5356
2150,1871,5357
2151,1871,5359
2152,1872,5359
2153,1872,5358
2154,1873,5360
2155,1874,5363
2156,1875,5366
2157,1876,5371
2158,1877,5374
2159,1878,5375
2160,1879,5376
2161,1880,5381
2162,1881,5382
2163,1882,5384
2164,1883,5386
2165,1884,5385
2166,1885,5389
2167,1886,5390
2168,1886,5389
2169,1887,5392
2170,1888,5393
2171,1889,5397
2172,1890,5398
2173,1891,5401
2174,1892,5408
2175,1892,5409
2176,1893,5411
2177,1894,5412
2178,1895,5414
2179,1895,5413
2180,1896,5415
2181,1897,5416
2182,1898,5419
2183,1899,5420
2184,1900,5431
2185,1900,5432
2186,1901,5432
2187,1902,5433
2188,1903,5434
2189,1904,5438
2190,1905,5437
2191,1906,5440
2192,1907,5442
2193,1908,5441
2194,1908,5442
2195,1909,5446
2196,1910,5444
2197,1910,5443
2198,1911,5453
2199,1912,5454
2200,1913,5455
2201,1913,5456
2202,1914,5458
2203,1915,5457
2204,1916,5460
2205,1917,5461
2206,1918,5462
2207,1919,5465
2208,1920,5467
2209,1921,5469
2210,1922,5468
2211,1923,5474
2212,1924,5475
2213,1925,5480
2214,1926,5482
2215,1926,5481
2216,1927,5481
2217,1928,5489
2218,1929,5490
2219,1930,5491
2220,1931,5493
2221,1932,5492
2222,1933,5496
2223,1934,5494
2224,1935,5498
2225,1936,5499
2226,1936,5498
2227,1937,5500
2228,1938,5501
2229,1939,5503
2230,1940,5504
2231,1941,5507
2232,1942,5508
2233,1942,5509
2234,1943,5510
2235,1943,5511
2236,1944,5511
2237,1945,5516
2238,1946,5522
2239,1946,5520
2240,1947,5520
2241,1948,5527
2242,1949,5526
2243,1950,5534
2244,1951,5538
2245,1951,5536
2246,1952,5536
2247,1952,5537
2248,1953,5539
2249,1954,5540
2250,1955,5541
2251,1955,5542
2252,1956,5542
2253,1957,5546
2254,1957,5544
2255,1958,5550
2256,1959,5547
2257,1960,5562
2258,1961,5561
2259,1962,5567
2260,1963,5570
2261,1964,5569
2262,1965,5571
2263,1965,5572
2264,1966,5572
2265,1967,5577
2266,1968,5578
2267,1969,5582
2268,1970,5591
2269,1970,5590
2270,1971,5595
2271,1971,5594
2272,1972,5598
2273,1973,5599
2274,1974,5600
2275,1975,5602
2276,1976,5601
2277,1977,5607
2278,1978,5609
2279,1979,5613
2280,1980,5614
2281,1981,5615
2282,1982,5620
2283,1983,5624
2284,1984,5629
2285,1985,5628
2286,1986,5630
2287,1987,5631
2288,1988,5632
2289,1988,5631
2290,1989,5637
2291,1990,5641
2292,1991,5640
2293,1992,5644
2294,1993,5646
2295,1994,5648
2296,1995,5649
2297,1996,5651
2298,1997,5653
2299,1998,5654
2300,1999,5655
2301,2000,5658
2302,2001,5659
2303,2002,5660
2304,2003,5669
2305,2004,5672
2306,2005,5673
2307,2006,5674
2308,2007,5675
2309,2008,5676
2310,2009,5679
2311,2009,5677
2312,2010,5678
2313,2011,5682
2314,2011,5681
2315,2012,5684
2316,2013,5687
2317,2014,5688
2318,2015,5691
2319,2016,5692
2320,2017,5693
2321,2018,5694
2322,2019,5697
2323,2020,5699
2324,2021,5700
2325,2021,5699
2326,2022,5701
2327,2023,5709
2328,2024,5714
2329,2025,5717
2330,2026,5716
2331,2027,5719
2332,2028,5720
2333,2029,5721
2334,2030,5723
2335,2031,5725
2336,2032,5726
2337,2033,5727
2338,2034,5728
2339,2035,5733
2340,2036,5734
2341,2037,5744
2342,2038,5746
2343,2038,5745
2344,2039,5745
2345,2040,5749
2346,2041,5747
2347,2041,5750
2348,2042,5751
2349,2043,5755
2350,2044,5754
2351,2045,5757
2352,2046,5758
2353,2047,5765
2354,2048,5764
2355,2048,5765
2356,2049,5767
2357,2050,5768
2358,2051,5778
2359,2052,5780
2360,2053,5779
2361,2054,5781
2362,2055,5787
2363,2056,5792
2364,2057,5801
2365,2058,5803
2366,2059,5807
2367,2060,5811
2368,2060,5808
2369,2061,5817
2370,2062,5818
2371,2063,5820
2372,2064,5821
2373,2065,5823
2374,2066,5825
2375,2067,5826
2376,2068,5827
2377,2069,5832
2378,2070,5836
2379,2071,5839
2380,2071,5838
2381,2072,5837
2382,2073,5846
2383,2074,5845
2384,2075,5853
2385,2075,5852
2386,2076,5863
2387,2077,5868
2388,2078,5867
2389,2079,5873
2390,2080,5876
2391,2081,5878
2392,2082,5879
2393,2083,5886
2394,2084,5895
2395,2085,5897
2396,2086,5899
2397,2087,5904
2398,2088,5907
2399,2089,5909
2400,2089,5908
2401,2090,5908
2402,2091,5911
2403,2092,5915
2404,2093,5917
2405,2094,5919
2406,2095,5920
2407,2096,5923
2408,2097,5926
2409,2098,5929
2410,2099,5931
2411,2100,5936
2412,2101,5941
2413,2102,5949
2414,2103,5954
2415,2104,5955
2416,2105,5958
2417,2106,5959
2418,2107,5960
2419,2108,5964
2420,2109,5970
2421,2109,5968
2422,2110,5969
2423,2111,5971
2424,2111,5973
2425,2112,5975
2426,2113,5977
2427,2114,5979
2428,2115,5980
2429,2116,5985
2430,2117,5984
2431,2118,5988
2432,2119,5990
2433,2120,5992
2434,2121,5997
2435,2122,5999
2436,2123,6005
2437,2124,6003
2438,2125,6006
2439,2126,6008
2440,2126,6007
2441,2127,6009
2442,2127,6007
2443,2128,6010
2444,2129,6016
2445,2129,6015
2446,2130,6018
2447,2131,6022
2448,2132,6026
2449,2132,6027
2450,2133,6030
2451,2134,6028
2452,2134,6029
2453,2135,6031
2454,2135,6032
2455,2136,6032
2456,2137,6036
2457,2138,6038
2458,2139,6037
2459,2140,6045
2460,2141,6049
2461,2142,6048
2462,2143,6051
2463,2144,6050
2464,2144,6051
2465,2145,6053
2466,2145,6054
2467,2146,6054
2468,2147,6059
2469,2148,6062
2470,2149,6066
2471,2149,6064
2472,2150,6070
2473,2150,6068
2474,2151,6068
2475,2152,6075
2476,2152,6073
2477,2153,6080
2478,2154,6084
2479,2155,6083
2480,2156,6085
2481,2157,6089
2482,2158,6090
2483,2158,6091
2484,2159,6091
2485,2160,6093
2486,2161,6095
2487,2161,6094
2488,2162,6094
2489,2163,6096
2490,2164,6097
2491,2165,6101
2492,2166,6111
2493,2167,6114
2494,2167,6112
2495,2168,6113
2496,2169,6117
2497,2170,6121
2498,2171,6123
2499,2172,6124
2500,2173,6127
2501,2174,6130
2502,2175,6142
2503,2176,6144
2504,2177,6146
2505,2178,6147
2506,2179,6154
2507,2180,6156
2508,2180,6155
2509,2181,6164
2510,2182,6168
2511,2182,6169
2512,2183,6171
2513,2184,6175
2514,2185,6172
2515,2186,6177
2516,2187,6184
2517,2187,6183
2518,2188,6183
2519,2189,6199
2520,2190,6198
2521,2191,6200
2522,2192,6201
2523,2193,6203
2524,2194,6205
2525,2195,6209
2526,2196,6207
2527,2197,6225
2528,2197,6227
2529,2198,6229
2530,2198,6231
2531,2199,6232
2532,2200,6235
2533,2201,6239
2534,2202,6242
2535,2203,6249
2536,2204,6250
2537,2205,6256
2538,2206,6258
2539,2207,6263
2540,2208,6265
2541,2209,6264
2542,2210,6267
2543,2211,6270
2544,2212,6274
2545,2213,6276
2546,2214,6277
2547,2215,6280
2548,2216,6281
2549,2217,6283
2550,2218,6287
2551,2218,6286
2552,2219,6284
2553,2219,6285
2554,2220,6289
2555,2220,6291
2556,2221,6295
2557,2222,6303
2558,2223,6313
2559,2224,6316
2560,2224,6315
2561,2225,6314
2562,2225,6317
2563,2226,6319
2564,2227,6324
2565,2228,6325
2566,2228,6324
2567,2229,6331
2568,2229,6330
2569,2230,6330
2570,2231,6337
2571,2232,6336
2572,2233,6341
2573,2234,6340
2574,2235,6343
2575,2236,6348
2576,2236,6349
2577,2237,6354
2578,2238,6358
2579,2239,6359
2580,2240,6360
2581,2241,6364
2582,2242,6362
2583,2242,6363
2584,2243,6367
2585,2244,6368
2586,2245,6369
2587,2245,6370
2588,2246,6371
2589,2247,6372
2590,2248,6373
2591,2248,6372
2592,2249,6374
2593,2250,6383
2594,2251,6385
2595,2252,6384
2596,2253,6387
2597,2253,6386
2598,2254,6386
2599,2255,6393
2600,2256,6391
2601,2256,6390
2602,2257,6394
2603,2258,6398
2604,2259,6402
2605,2259,6401
2606,2260,6403
2607,2260,6404
2608,2261,6405
2609,2262,6406
2610,2263,6410
2611,2264,6407
2612,2265,6411
2613,2266,6420
2614,2266,6418
2615,2267,6424
2616,2267,6421
2617,2268,6425
2618,2268,6426
2619,2269,6427
2620,2270,6433
2621,2271,6434
2622,2271,6435
2623,2272,6439
2624,2273,6437
2625,2274,6440
2626,2275,6442
2627,2276,6447
2628,2276,6446
2629,2277,6448
2630,2278,6450
2631,2279,6449
2632,2280,6452
2633,2281,6453
2634,2282,6457
2635,2283,6455
2636,2284,6460
2637,2285,6461
2638,2286,6464
2639,2287,6469
2640,2288,6470
2641,2289,6472
2642,2289,6471
2643,2290,6478
2644,2291,6475
2645,2292,6479
2646,2293,6480
2647,2294,6482
2648,2295,6484
2649,2295,6483
2650,2296,6485
2651,2297,6488
2652,2298,6486
2653,2299,6490
2654,2299,6492
2655,2300,6493
2656,2301,6496
2657,2302,6502
2658,2303,6503
2659,2304,6512
2660,2305,6513
2661,2305,6510
2662,2306,6516
2663,2307,6520
2664,2308,6519
2665,2309,6522
2666,2310,6528
2667,2311,6529
2668,2312,6530
2669,2313,6531
2670,2313,6532
2671,2314,6532
2672,2315,6533
2673,2316,6535
2674,2317,6541
2675,2317,6540
2676,2318,6543
2677,2319,6546
2678,2320,6555
2679,2321,6562
2680,2322,6572
2681,2323,6570
2682,2324,6573
2683,2325,6576
2684,2326,6579
2685,2327,6580
2686,2328,6583
2687,2329,6584
2688,2330,6585
2689,2331,6590
2690,2332,6591
2691,2332,6592
2692,2333,6592
2693,2334,6597
2694,2335,6596
2695,2336,6600
2696,2337,6608
2697,2338,6611
2698,2339,6612
2699,2340,6615
2700,2341,6614
2701,2342,6619
2702,2342,6618
2703,2343,6620
2704,2343,6618
2705,2344,6621
2706,2344,6624
2707,2345,6622
2708,2346,6626
2709,2347,6627
2710,2348,6630
2711,2349,6632
2712,2350,6633
2713,2351,6643
2714,2352,6648
2715,2352,6647
2716,2353,6652
2717,2354,6656
2718,2355,6658
2719,2356,6659
2720,2357,6662
2721,2357,6664
2722,2358,6665
2723,2359,6667
2724,2360,6666
2725,2361,6668
2726,2362,6673
2727,2363,6680
2728,2364,6683
2729,2364,6682
2730,2365,6682
2731,2366,6686
2732,2367,6684
2733,2368,6688
2734,2369,6690
2735,2370,6692
2736,2371,6691
2737,2372,6693
2738,2373,6696
2739,2374,6708
2740,2375,6709
2741,2376,6710
2742,2376,6713
2743,2377,6714
2744,2378,6716
2745,2379,6717
2746,2380,6719
2747,2381,6721
2748,2382,6720
2749,2382,6721
2750,2383,6724
2751,2384,6723
2752,2385,6727
2753,2386,6729
2754,2387,6730
2755,2387,6731
2756,2388,6733
2757,2389,6737
2758,2390,6742
2759,2391,6744
2760,2392,6747
2761,2393,6748
2762,2393,6749
2763,2394,6751
2764,2395,6753
2765,2396,6756
2766,2396,6755
2767,2397,6757
2768,2398,6759
2769,2399,6760
2770,2400,6761
2771,2401,6764
2772,2402,6774
2773,2402,6775
2774,2403,6772
2775,2404,6776
2776,2405,6777
2777,2406,6779
2778,2406,6780
2779,2407,6785
2780,2408,6787
2781,2409,6791
2782,2409,6790
2783,2410,6793
2784,2410,6792
2785,2411,6795
2786,2412,6798
2787,2413,6804
2788,2414,6813
2789,2415,6811
2790,2416,6816
2791,2417,6820
2792,2417,6817
2793,2418,6817
2794,2419,6821
2795,2420,6824
2796,2421,6833
2797,2422,6832
2798,2422,6833
2799,2423,6834
2800,2424,6836
2801,2424,6838
2802,2425,6843
2803,2425,6846
2804,2426,6844
2805,2427,6851
2806,2428,6855
2807,2428,6854
2808,2429,6854
2809,2430,6856
2810,2431,6864
2811,2432,6867
2812,2432,6868
2813,2433,6871
2814,2434,6872
2815,2434,6871
2816,2435,6873
2817,2436,6887
2818,2437,6888
2819,2438,6895
2820,2439,6896
2821,2440,6901
2822,2441,6906
2823,2442,6907
2824,2442,6908
2825,2443,6909
2826,2444,6910
2827,2445,6914
2828,2445,6915
2829,2446,6915
2830,2447,6917
2831,2448,6918
2832,2449,6919
2833,2450,6921
2834,2451,6922
2835,2452,6924
2836,2453,6927
2837,2454,6926
2838,2455,6931
2839,2455,6930
2840,2456,6934
2841,2457,6937
2842,2458,6938
2843,2459,6942
2844,2460,6943
2845,2461,6945
2846,2462,6951
2847,2463,6956
2848,2463,6957
2849,2464,6963
2850,2464,6964
2851,2465,6964
2852,2466,6967
2853,2467,6970
2854,2468,6971
2855,2469,6972
2856,2470,6976
2857,2471,6978
2858,2472,6983
2859,2473,6984
2860,2474,6987
2861,2475,6989
2862,2476,6993
2863,2477,6994
2864,2478,6995
2865,2479,7001
2866,2480,7006
2867,2481,7018
2868,2482,7023
2869,2483,7025
2870,2484,7030
2871,2485,7035
2872,2486,7038
2873,2487,7039
2874,2488,7040
2875,2488,7042
2876,2489,7044
2877,2490,7048
2878,2490,7047
2879,2491,7049
2880,2491,7048
2881,2492,7051
2882,2493,7057
2883,2493,7058
2884,2494,7056
2885,2495,7063
2886,2496,7064
2887,2497,7073
2888,2498,7072
2889,2499,7074
2890,2500,7075
2891,2500,7076
2892,2501,7076
2893,2501,7077
2894,2502,7082
2895,2503,7083
2896,2504,7089
2897,2505,7095
2898,2506,7094
2899,2507,7098
2900,2508,7100
2901,2509,7107
2902,2509,7106
2903,2510,7109
2904,2511,7112
2905,2511,7111
2906,2512,7110
2907,2512,7112
2908,2513,7114
2909,2513,7115
2910,2514,7116
2911,2515,7118
2912,2516,7123
2913,2517,7125
2914,2518,7126
2915,2519,7129
2916,2520,7134
2917,2521,7140
2918,2522,7148
2919,2523,7145
2920,2523,7146
2921,2524,7156
2922,2525,7158
2923,2525,7157
2924,2526,7157
2925,2527,7165
2926,2528,7166
2927,2529,7169
2928,2530,7172
2929,2531,7173
2930,2532,7175
2931,2533,7176
2932,2534,7183
2933,2535,7185
2934,2536,7184
2935,2537,7186
2936,2538,7189
2937,2539,7193
2938,2540,7190
2939,2541,7195
2940,2542,7197
2941,2542,7195
2942,2543,7200
2943,2544,7201
2944,2545,7205
2945,2545,7206
2946,2546,7207
2947,2547,7209
2948,2548,7208
2949,2549,7210
2950,2550,7212
2951,2551,7211
2952,2552,7215
2953,2553,7216
2954,2554,7217
2955,2555,7219
2956,2555,7218
2957,2556,7226
2958,2557,7227
2959,2558,7232
2960,2559,7230
2961,2560,7233
2962,2561,7234
2963,2562,7235
2964,2563,7236
2965,2564,7239
2966,2565,7245
2967,2566,7246
2968,2567,7248
2969,2567,7247
2970,2568,7249
2971,2569,7258
2972,2570,7259
2973,2570,7256
2974,2571,7261
2975,2572,7267
2976,2573,7266
2977,2574,7268
2978,2575,7274
2979,2576,7273
2980,2577,7275
2981,2578,7278
2982,2579,7277
2983,2579,7278
2984,2580,7282
2985,2580,7281
2986,2581,7280
2987,2582,7284
2988,2583,7286
2989,2584,7287
2990,2585,7291
2991,2586,7292
2992,2587,7295
2993,2588,7296
2994,2589,7297
2995,2590,7301
2996,2591,7303
2997,2592,7305
2998,2593,7306
2999,2594,7311
3000,2594,7313
3001,2595,7312
3002,2596,7318
3003,2597,7315
3004,2597,7316
3005,2598,7319
3006,2599,7320
3007,2600,7322
3008,2600,7323
3009,2601,7327
3010,2602,7328
3011,2603,7331
3012,2604,7332
3013,2605,7335
3014,2605,7336
3015,2606,7336
3016,2607,7346
3017,2608,7349
3018,2609,7350
3019,2610,7353
3020,2611,7354
3021,2611,7355
3022,2612,7356
3023,2613,7365
3024,2613,7366
3025,2614,7367
3026,2615,7369
3027,2616,7370
3028,2617,7371
3029,2618,7376
3030,2619,7377
3031,2620,7378
3032,2621,7379
3033,2622,7382
3034,2623,7383
3035,2623,7384
3036,2624,7384
3037,2625,7387
3038,2626,7388
3039,2627,7392
3040,2628,7389
3041,2629,7395
3042,2630,7393
3043,2631,7407
3044,2632,7406
3045,2633,7410
3046,2634,7414
3047,2634,7416
3048,2635,7417
3049,2636,7425
3050,2637,7426
3051,2637,7429
3052,2638,7430
3053,2639,7435
3054,2640,7434
3055,2640,7435
3056,2641,7438
3057,2642,7441
3058,2642,7442
3059,2643,7442
3060,2644,7443
3061,2645,7446
3062,2646,7451
3063,2646,7452
3064,2647,7453
3065,2648,7456
3066,2648,7455
3067,2649,7455
3068,2650,7458
3069,2651,7461
3070,2652,7460
3071,2653,7464
3072,2654,7462
3073,2655,7466
3074,2656,7473
3075,2657,7476
3076,2658,7474
3077,2658,7476
3078,2659,7481
3079,2660,7483
3080,2661,7482
3081,2662,7486
3082,2662,7485
3083,2663,7485
3084,2664,7488
3085,2665,7493
3086,2666,7492
3087,2667,7498
3088,2668,7505
3089,2669,7511
3090,2669,7508
3091,2670,7516
3092,2671,7517
3093,2672,7518
3094,2673,7519
3095,2674,7522
3096,2675,7523
3097,2676,7529
3098,2676,7531
3099,2677,7533
3100,2678,7539
3101,2679,7538
3102,2680,7542
3103,2681,7548
3104,2682,7547
3105,2683,7551
3106,2684,7554
3107,2685,7557
3108,2686,7558
3109,2687,7562
3110,2688,7561
3111,2689,7564
3112,2690,7570
3113,2691,7571
3114,2692,7577
3115,2693,7579
3116,2694,7584
3117,2695,7585
3118,2696,7586
3119,2697,7590
3120,2698,7591
3121,2699,7595
3122,2700,7600
3123,2701,7604
3124,2702,7606
3125,2703,7607
3126,2704,7609
3127,2705,7611
3128,2706,7610
3129,2706,7611
3130,2707,7616
3131,2708,7620
3132,2709,7626
3133,2710,7627
3134,2710,7626
3135,2711,7630
3136,2712,7632
3137,2713,7633
3138,2714,7637
3139,2715,7648
3140,2716,7647
3141,2716,7646
3142,2717,7650
3143,2718,7649
3144,2719,7656
3145,2719,7658
3146,2720,7658
3147,2721,7659
3148,2722,7662
3149,2723,7661
3150,2724,7663
3151,2725,7674
3152,2726,7672
3153,2727,7676
3154,2728,7678
3155,2729,7683
3156,2730,7686
3157,2731,7685
3158,2732,7689
3159,2732,7688
3160,2733,7691
3161,2734,7694
3162,2735,7696
3163,2736,7697
3164,2737,7702
3165,2738,7703
3166,2739,7704
3167,2740,7710
3168,2741,7712
3169,2742,7713
3170,2743,7717
3171,2744,7718
3172,2744,7719
3173,2745,7719
3174,2746,7721
3175,2747,7728
3176,2748,7731
3177,2748,7729
3178,2749,7732
3179,2750,7739
3180,2751,7744
3181,2752,7745
3182,2753,7750
3183,2754,7751
3184,2755,7752
3185,2756,7758
3186,2757,7755
3187,2758,7760
3188,2759,7759
3189,2760,7761
3190,2761,7762
3191,2762,7766
3192,2763,7765
3193,2764,7767
3194,2765,7772
3195,2766,7774
3196,2767,7773
3197,2767,7774
3198,2768,7780
3199,2769,7787
3200,2770,7790
3201,2771,7792
3202,2772,7793
3203,2772,7792
3204,2773,7801
3205,2774,7802
3206,2775,7809
3207,2776,7810
3208,2777,7811
3209,2777,7812
3210,2778,7812
3211,2779,7814
3212,2780,7813
3213,2781,7815
3214,2782,7824
3215,2783,7825
3216,2784,7828
3217,2784,7827
3218,2785,7829
3219,2786,7832
3220,2787,7833
3221,2788,7835
3222,2789,7836
3223,2790,7839
3224,2791,7842
3225,2791,7844
3226,2792,7844
3227,2793,7849
3228,2794,7857
3229,2795,7856
3230,2796,7858
3231,2797,7863
3232,2797,7866
3233,2798,7864
3234,2799,7867
3235,2800,7868
3236,2801,7869
3237,2802,7870
3238,2803,7872
3239,2803,7871
3240,2804,7878
3241,2805,7879
3242,2806,7885
3243,2807,7886
3244,2807,7887
3245,2808,7888
3246,2809,7890
3247,2810,7892
3248,2811,7891
3249,2812,7894
3250,2813,7898
3251,2814,7900
3252,2815,7902
3253,2816,7912
3254,2816,7911
3255,2817,7923
3256,2818,7922
3257,2819,7934
3258,2819,7933
3259,2820,7935
3260,2821,7937
3261,2821,7936
3262,2822,7938
3263,2823,7942
3264,2824,7943
3265,2825,7957
3266,2826,7958
3267,2827,7959
3268,2828,7965
3269,2829,7973
3270,2830,7976
3271,2831,7979
3272,2832,7981
3273,2833,7980
3274,2833,7981
3275,2834,7982
3276,2835,7985
3277,2835,7986
3278,2836,7988
3279,2837,7989
3280,2838,7991
3281,2839,7993
3282,2840,7995
3283,2841,8000
3284,2842,7999
3285,2843,8003
3286,2843,8002
3287,2844,8004
3288,2845,8006
3289,2846,8008
3290,2847,8013
3291,2848,8014
3292,2849,8016
3293,2849,8018
3294,2850,8018
3295,2851,8021
3296,2852,8028
3297,2853,8031
3298,2854,8030
3299,2855,8036
3300,2856,8039
3301,2856,8038
3302,2857,8040
3303,2858,8041
3304,2859,8046
3305,2860,8043
3306,2861,8048
3307,2862,8050
3308,2863,8055
3309,2864,8058
3310,2865,8064
3311,2866,8065
3312,2867,8067
3313,2868,8068
3314,2869,8076
3315,2870,8074
3316,2871,8078
3317,2872,8080
3318,2873,8088
3319,2873,8087
3320,2874,8086
3321,2875,8093
3322,2876,8094
3323,2877,8097
3324,2878,8101
3325,2879,8100
3326,2880,8107
3327,2880,8106
3328,2881,8106
3329,2882,8112
3330,2883,8115
3331,2883,8116
3332,2884,8116
3333,2884,8114
3334,2885,8117
3335,2886,8118
3336,2887,8119
3337,2887,8118
3338,2888,8124
3339,2889,8125
3340,2889,8124
3341,2890,8127
3342,2890,8128
3343,2891,8139
3344,2892,8145
3345,2893,8146
3346,2894,8150
3347,2895,8151
3348,2896,8154
3349,2897,8161
3350,2898,8163
3351,2899,8167
3352,2900,8169
3353,2901,8176
3354,2902,8178
3355,2903,8180
3356,2904,8179
3357,2905,8181
3358,2906,8182
3359,2907,8183
3360,2908,8188
3361,2909,8201
3362,2910,8202
3363,2911,8203
3364,2912,8204
3365,2913,8206
3366,2914,8209
3367,2915,8214
3368,2915,8215
3369,2916,8217
3370,2917,8227
3371,2918,8229
3372,2919,8230
3373,2919,8231
3374,2920,8231
3375,2921,8234
3376,2922,8237
3377,2923,8242
3378,2923,8243
3379,2924,8243
3380,2925,8246
3381,2926,8248
3382,2927,8251
3383,2928,8252
3384,2929,8259
3385,2930,8258
3386,2931,8260
3387,2932,8261
3388,2933,8265
3389,2933,8264
3390,2934,8269
3391,2935,8268
3392,2935,8269
3393,2936,8270
3394,2937,8271
3395,2938,8277
3396,2939,8279
3397,2940,8280
3398,2941,8284
3399,2942,8291
3400,2943,8298
3401,2943,8296
3402,2944,8299
3403,2945,8303
3404,2946,8306
3405,2947,8309
3406,2948,8312
3407,2949,8311
3408,2950,8315
3409,2951,8317
3410,2952,8322
3411,2953,8325
3412,2954,8327
3413,2955,8335
3414,2956,8337
3415,2957,8338
3416,2958,8340
3417,2959,8342
3418,2959,8343
3419,2960,8343
3420,2961,8346
3421,2962,8350
3422,2963,8351
3423,2964,8352
3424,2965,8358
3425,2966,8362
3426,2966,8363
3427,2967,8361
3428,2968,8365
3429,2969,8372
3430,2970,8373
3431,2971,8383
3432,2971,8384
3433,2972,8384
3434,2972,8383
3435,2973,8385
3436,2974,8386
3437,2975,8387
3438,2976,8388
3439,2977,8389
3440,2978,8391
3441,2979,8393
3442,2980,8395
3443,2980,8394
3444,2981,8397
3445,2982,8396
3446,2983,8403
3447,2984,8402
3448,2985,8404
3449,2986,8406
3450,2986,8407
3451,2987,8405
3452,2988,8408
3453,2988,8410
3454,2989,8409
3455,2990,8413
3456,2990,8411
3457,2991,8415
3458,2991,8414
3459,2992,8421
3460,2993,8423
3461,2994,8425
3462,2995,8427
3463,2996,8428
3464,2997,8429
3465,2998,8430
3466,2999,8431
3467,3000,8432
3468,3001,8433
3469,3002,8434
3470,3003,8435
3471,3004,8436
3472,3005,8440
3473,3006,8451
3474,3006,8452
3475,3007,8453
3476,3008,8465
3477,3009,8470
3478,3010,8472
3479,3010,8471
3480,3011,8471
3481,3012,8474
3482,3012,8473
3483,3013,8477
3484,3013,8478
3485,3014,8479
3486,3015,8480
3487,3015,8482
3488,3016,8491
3489,3017,8492
3490,3018,8493
3491,3019,8496
3492,3020,8495
3493,3021,8498
3494,3022,8500
3495,3023,8504
3496,3024,8508
3497,3024,8506
3498,3025,8510
3499,3026,8512
3500,3027,8516
3501,3028,8519
3502,3029,8527
3503,3030,8529
3504,3031,8528
3505,3032,8532
3506,3033,8533
3507,3033,8532
3508,3034,8540
3509,3035,8538
3510,3036,8547
3511,3037,8558
3512,3038,8556
3513,3038,8558
3514,3039,8561
3515,3040,8559
3516,3041,8562
3517,3042,8563
3518,3043,8565
3519,3044,8566
3520,3044,8567
3521,3045,8571
3522,3045,8569
3523,3046,8568
3524,3046,8570
3525,3047,8572
3526,3048,8580
3527,3049,8577
3528,3050,8584
3529,3051,8585
3530,3052,8586
3531,3053,8587
3532,3054,8591
3533,3055,8596
3534,3055,8597
3535,3056,8597
3536,3056,8596
3537,3057,8602
3538,3058,8603
3539,3058,8601
3540,3059,8605
3541,3060,8609
3542,3061,8619
3543,3062,8618
3544,3063,8623
3545,3064,8622
3546,3065,8632
3547,3066,8634
3548,3067,8637
3549,3068,8638
3550,3069,8643
3551,3069,8640
3552,3070,8640
3553,3071,8647
3554,3072,8646
3555,3073,8651
3556,3074,8652
3557,3074,8653
3558,3075,8653
3559,3075,8652
3560,3076,8654
3561,3077,8661
3562,3078,8660
3563,3079,8663
3564,3079,8662
3565,3080,8666
3566,3081,8668
3567,3081,8667
3568,3082,8667
3569,3083,8671
3570,3084,8670
3571,3085,8672
3572,3086,8674
3573,3086,8672
3574,3087,8676
3575,3087,8677
3576,3088,8678
3577,3089,8681
3578,3089,8682
3579,3090,8684
3580,3091,8692
3581,3091,8691
3582,3092,8693
3583,3093,8694
3584,3094,8695
3585,3095,8707
3586,3096,8708
3587,3097,8709
3588,3098,8710
3589,3099,8712
3590,3100,8713
3591,3101,8715
3592,3102,8718
3593,3103,8722
3594,3104,8723
3595,3105,8726
3596,3106,8727
3597,3107,8730
3598,3108,8731
3599,3109,8732
3600,3110,8737
3601,3110,8738
3602,3111,8740
3603,3111,8741
3604,3112,8743
3605,3113,8742
3606,3113,8743
3607,3114,8744
3608,3115,8748
3609,3116,8751
3610,3117,8750
3611,3118,8754
3612,3119,8753
3613,3120,8762
3614,3120,8764
3615,3121,8767
3616,3122,8769
3617,3123,8773
3618,3124,8775
3619,3125,8783
3620,3126,8791
3621,3127,8793
3622,3128,8792
3623,3129,8797
3624,3130,8798
3625,3131,8800
3626,3132,8803
3627,3133,8802
3628,3133,8803
3629,3134,8804
3630,3135,8806
3631,3136,8810
3632,3137,8817
3633,3138,8822
3634,3139,8823
3635,3140,8827
3636,3141,8832
3637,3142,8834
3638,3143,8837
3639,3144,8836
3640,3145,8843
3641,3146,8844
3642,3146,8846
3643,3147,8846
3644,3148,8849
3645,3149,8847
3646,3150,8855
3647,3151,8864
3648,3152,8865
3649,3153,8869
3650,3154,8871
3651,3155,8873
3652,3156,8878
3653,3157,8877
3654,3158,8880
3655,3159,8882
3656,3160,8884
3657,3160,8883
3658,3161,8888
3659,3162,8900
3660,3162,8901
3661,3163,8899
3662,3163,8900
3663,3164,8902
3664,3165,8903
3665,3166,8904
3666,3167,8907
3667,3168,8910
3668,3169,8911
3669,3170,8913
3670,3171,8912
3671,3172,8915
3672,3173,8917
3673,3174,8918
3674,3175,8921
3675,3175,8919
3676,3176,8920
3677,3177,8925
3678,3178,8922
3679,3179,8926
3680,3179,8927
3681,3180,8929
3682,3181,8931
3683,3182,8934
3684,3183,8939
3685,3183,8938
3686,3184,8943
3687,3184,8940
3688,3185,8940
3689,3186,8944
3690,3187,8945
3691,3187,8946
3692,3188,8947
3693,3188,8948
3694,3189,8950
3695,3190,8951
3696,3190,8950
3697,3191,8952
3698,3192,8956
3699,3193,8958
3700,3194,8957
3701,3194,8958
3702,3195,8960
3703,3196,8963
3704,3197,8964
3705,3198,8966
3706,3199,8969
3707,3200,8970
3708,3201,8972
3709,3202,8976
3710,3203,8986
3711,3203,8985
3712,3204,8985
3713,3205,8988
3714,3205,8989
3715,3206,8989
3716,3207,8992
3717,3208,8990
3718,3209,8994
3719,3210,9007
3720,3210,9006
3721,3211,9006
3722,3212,9013
3723,3213,9014
3724,3213,9013
3725,3214,9017
3726,3215,9018
3727,3216,9020
3728,3217,9023
3729,3218,9024
3730,3219,9028
3731,3219,9027
3732,3220,9027
3733,3221,9030
3734,3222,9034
3735,3223,9035
3736,3224,9036
3737,3225,9040
3738,3226,9042
3739,3226,9044
3740,3227,9047
3741,3228,9046
3742,3229,9049
3743,3229,9048
3744,3230,9048
3745,3230,9049
3746,3231,9052
3747,3232,9056
3748,3233,9064
3749,3234,9067
3750,3234,9068
3751,3235,9066
3752,3236,9076
3753,3237,9083
3754,3238,9085
3755,3238,9084
3756,3239,9091
3757,3240,9094
3758,3240,9093
3759,3241,9096
3760,3242,9098
3761,3243,9103
3762,3243,9102
3763,3244,9105
3764,3245,9106
3765,3246,9107
3766,3246,9109
3767,3247,9110
3768,3248,9114
3769,3249,9117
3770,3250,9118
3771,3251,9119
3772,3252,9120
3773,3253,9121
3774,3254,9122
3775,3255,9127
3776,3256,9139
3777,3257,9137
3778,3258,9143
3779,3258,9140
3780,3259,9141
3781,3260,9145
3782,3261,9149
3783,3261,9148
3784,3262,9151
3785,3263,9158
3786,3264,9160
3787,3265,9166
3788,3266,9174
3789,3267,9173
3790,3268,9175
3791,3269,9176
3792,3270,9179
3793,3271,9183
3794,3271,9184
3795,3272,9184
3796,3273,9185
3797,3274,9188
3798,3275,9192
3799,3276,9193
3800,3277,9202
3801,3277,9200
3802,3278,9208
3803,3279,9214
3804,3280,9216
3805,3281,9218
3806,3282,9221
3807,3283,9226
3808,3284,9231
3809,3285,9242
3810,3285,9241
3811,3286,9248
3812,3287,9250
3813,3288,9252
3814,3288,9250
3815,3289,9253
3816,3290,9257
3817,3291,9255
3818,3292,9258
3819,3293,9261
3820,3294,9262
3821,3295,9263
3822,3296,9264
3823,3297,9278
3824,3298,9279
3825,3298,9280
3826,3299,9288
3827,3299,9287
3828,3300,9287
3829,3301,9289
3830,3302,9290
3831,3303,9291
3832,3304,9293
3833,3305,9294
3834,3306,9296
3835,3307,9295
3836,3308,9298
3837,3309,9299
3838,3310,9302
3839,3310,9300
3840,3311,9300
3841,3311,9301
3842,3312,9304
3843,3312,9306
3844,3313,9309
3845,3313,9307
3846,3314,9307
3847,3315,9311
3848,3316,9312
3849,3317,9319
3850,3318,9320
3851,3319,9328
3852,3320,9326
3853,3321,9329
3854,3322,9335
3855,3323,9338
3856,3324,9340
3857,3324,9342
3858,3325,9344
3859,3326,9346
3860,3327,9350
3861,3328,9354
3862,3328,9355
3863,3329,9357
3864,3330,9374
3865,3330,9376
3866,3331,9375
3867,3332,9382
3868,3333,9383
3869,3334,9384
3870,3334,9383
3871,3335,9385
3872,3336,9386
3873,3337,9392
3874,3338,9391
3875,3339,9396
3876,3340,9394
3877,3340,9396
3878,3341,9402
3879,3341,9403
3880,3342,9407
3881,3343,9405
3882,3344,9413
3883,3345,9419
3884,3346,9420
3885,3347,9421
3886,3348,9422
3887,3349,9425
3888,3350,9427
3889,3351,9433
3890,3352,9432
3891,3353,9435
3892,3354,9438
3893,3355,9439
3894,3356,9440
3895,3357,9446
3896,3357,9444
3897,3358,9448
3898,3358,9447
3899,3359,9449
3900,3360,9450
3901,3361,9453
3902,3362,9454
3903,3363,9457
3904,3364,9459
3905,3365,9460
3906,3366,9463
3907,3367,9464
3908,3367,9465
3909,3368,9476
3910,3369,9479
3911,3369,9477
3912,3370,9481
3913,3371,9492
3914,3372,9489
3915,3373,9494
3916,3374,9498
3917,3375,9496
3918,3376,9501
3919,3376,9502
3920,3377,9504
3921,3378,9508
3922,3378,9506
3923,3379,9510
3924,3379,9509
3925,3380,9512
3926,3381,9513
3927,3382,9515
3928,3383,9516
3929,3383,9519
3930,3384,9519
3931,3385,9521
3932,3386,9526
3933,3387,9532
3934,3387,9529
3935,3388,9534
3936,3389,9540
3937,3390,9537
3938,3391,9544
3939,3392,9546
3940,3393,9550
3941,3394,9553
3942,3394,9552
3943,3395,9558
3944,3396,9566
3945,3397,9573
3946,3397,9575
3947,3398,9577
3948,3399,9582
3949,3400,9588
3950,3401,9587
3951,3402,9592
3952,3403,9593
3953,3404,9599
3954,3404,9601
3955,3405,9607
3956,3406,9609
3957,3407,9608
3958,3408,9616
3959,3408,9615
3960,3409,9618
3961,3410,9619
3962,3410,9620
3963,3411,9627
3964,3411,9628
3965,3412,9629
3966,3413,9631
3967,3414,9632
3968,3415,9635
3969,3416,9639
3970,3417,9644
3971,3418,9643
3972,3419,9648
3973,3420,9653
3974,3420,9652
3975,3421,9652
3976,3422,9655
3977,3423,9656
3978,3424,9657
3979,3425,9661
3980,3426,9662
3981,3427,9664
3982,3428,9663
3983,3429,9665
3984,3430,9670
3985,3431,9673
3986,3431,9671
3987,3432,9686
3988,3433,9694
3989,3434,9699
3990,3435,9698
3991,3436,9703
3992,3437,9702
3993,3438,9705
3994,3439,9704
3995,3439,9705
3996,3440,9710
3997,3441,9713
3998,3442,9711
3999,3443,9715
4000,3444,9720
4001,3445,9721
4002,3446,9724
4003,3447,9731
4004,3448,9733
4005,3448,9732
4006,3449,9732
4007,3450,9734
4008,3451,9735
4009,3452,9739
4010,3453,9741
4011,3454,9751
4012,3455,9754
4013,3456,9752
4014,3457,9765
4015,3458,9768
4016,3459,9767
4017,3460,9773
4018,3461,9772
4019,3462,9781
4020,3463,9782
4021,3464,9784
4022,3465,9785
4023,3466,9789
4024,3467,9788
4025,3468,9793
4026,3469,9794
4027,3469,9797
4028,3470,9798
4029,3471,9799
4030,3472,9802
4031,3473,9811
4032,3473,9810
4033,3474,9810
4034,3474,9811
4035,3475,9814
4036,3476,9813
4037,3477,9816
4038,3478,9815
4039,3479,9819
4040,3479,9820
4041,3480,9818
4042,3481,9826
4043,3482,9827
4044,3483,9828
4045,3484,9835
4046,3484,9836
4047,3485,9840
4048,3486,9842
4049,3487,9843
4050,3488,9845
4051,3488,9844
4052,3489,9848
4053,3490,9850
4054,3491,9856
4055,3492,9860
4056,3493,9861
4057,3494,9865
4058,3495,9866
4059,3496,9873
4060,3497,9885
4061,3497,9883
4062,3498,9884
4063,3499,9887
4064,3500,9894
4065,3500,9895
4066,3501,9898
4067,3501,9896
4068,3502,9901
4069,3503,9900
4070,3504,9906
4071,3505,9907
4072,3505,9910
4073,3506,9912
4074,3507,9911
4075,3508,9913
4076,3509,9914
4077,3509,9915
4078,3510,9915
4079,3510,9914
4080,3511,9923
4081,3511,9922
4082,3512,9921
4083,3513,9924
4084,3513,9925
4085,3514,9926
4086,3515,9928
4087,3515,9929
4088,3516,9930
4089,3517,9932
4090,3518,9940
4091,3519,9939
4092,3520,9943
4093,3521,9944
4094,3522,9948
4095,3523,9951
4096,3524,9963
4097,3525,9967
4098,3526,9970
4099,3527,9977
4100,3528,9978
4101,3529,9982
4102,3530,9980
4103,3531,9984
4104,3532,9986
4105,3533,9987
4106,3534,9989
4107,3535,9993
4108,3536,9996
4109,3537,10007
4110,3538,10008
4111,3539,10009
4112,3540,10010
4113,3541,10011
4114,3542,10012
4115,3543,10016
4116,3544,10015
4117,3544,10016
4118,3545,10021
4119,3545,10020
4120,3546,10027
4121,3547,10029
4122,3548,10030
4123,3549,10034
4124,3550,10032
4125,3551,10042
4126,3552,10043
4127,3553,10046
4128,3554,10045
4129,3555,10048
4130,3556,10049
4131,3557,10052
4132,3557,10051
4133,3558,10054
4134,3559,10053
4135,3560,10056
4136,3561,10055
4137,3561,10057
4138,3562,10061
4139,3563,10062
4140,3564,10063
4141,3565,10070
4142,3566,10068
4143,3567,10080
4144,3568,10079
4145,3569,10083
4146,3570,10084
4147,3571,10093
4148,3572,10092
4149,3572,10094
4150,3573,10096
4151,3573,10097
4152,3574,10098
4153,3575,10105
4154,3575,10104
4155,3576,10104
4156,3577,10108
4157,3578,10106
4158,3579,10110
4159,3580,10111
4160,3581,10114
4161,3582,10113
4162,3583,10118
4163,3584,10120
4164,3585,10122
4165,3586,10125
4166,3587,10127
4167,3588,10130
4168,3588,10129
4169,3589,10129
4170,3590,10133
4171,3591,10137
4172,3592,10134
4173,3593,10147
4174,3594,10152
4175,3595,10154
4176,3596,10158
4177,3596,10157
4178,3597,10155
4179,3598,10169
4180,3599,10172
4181,3600,10174
4182,3601,10182
4183,3601,10184
4184,3602,10187
4185,3602,10185
4186,3603,10190
4187,3604,10192
4188,3605,10196
4189,3606,10193
4190,3607,10197
4191,3608,10205
4192,3609,10208
4193,3610,10210
4194,3611,10213
4195,3612,10217
4196,3613,10216
4197,3614,10220
4198,3615,10222
4199,3616,10221
4200,3616,10223
4201,3617,10234
4202,3617,10233
4203,3618,10232
4204,3619,10236
4205,3620,10235
4206,3621,10237
4207,3622,10238
4208,3623,10239
4209,3623,10240
4210,3624,10243
4211,3625,10245
4212,3626,10252
4213,3627,10249
4214,3628,10255
4215,3629,10253
4216,3630,10260
4217,3631,10262
4218,3632,10270
4219,3633,10273
4220,3633,10274
4221,3634,10272
4222,3635,10276
4223,3636,10277
4224,3637,10278
4225,3638,10287
4226,3639,10286
4227,3640,10288
4228,3641,10300
4229,3641,10298
4230,3642,10299
4231,3642,10300
4232,3643,10304
4233,3644,10303
4234,3645,10309
4235,3646,10310
4236,3647,10311
4237,3648,10312
4238,3649,10314
4239,3650,10315
4240,3651,10321
4241,3652,10323
4242,3653,10326
4243,3654,10329
4244,3655,10328
4245,3656,10334
4246,3656,10332
4247,3657,10338
4248,3658,10337
4249,3659,10340
4250,3660,10344
4251,3660,10343
4252,3661,10343
4253,3662,10345
4254,3663,10352
4255,3663,10350
4256,3664,10355
4257,3665,10359
4258,3665,10357
4259,3666,10358
4260,3667,10362
4261,3668,10360
4262,3669,10364
4263,3669,10365
4264,3670,10368
4265,3671,10374
4266,3672,10384
4267,3673,10383
4268,3673,10384
4269,3674,10385
4270,3675,10386
4271,3676,10387
4272,3677,10391
4273,3678,10393
4274,3679,10394
4275,3680,10395
4276,3680,10396
4277,3681,10397
4278,3681,10398
4279,3682,10400
4280,3683,10402
4281,3684,10404
4282,3685,10410
4283,3686,10411
4284,3687,10414
4285,3688,10418
4286,3689,10419
4287,3690,10420
4288,3690,10421
4289,3691,10422
4290,3692,10426
4291,3693,10427
4292,3694,10430
4293,3695,10431
4294,3695,10429
4295,3696,10432
4296,3696,10433
4297,3697,10434
4298,3698,10436
4299,3698,10438
4300,3699,10439
4301,3700,10441
4302,3701,10440
4303,3702,10449
4304,3703,10448
4305,3703,10447
4306,3704,10454
4307,3704,10453
4308,3705,10453
4309,3706,10460
4310,3707,10461
4311,3707,10459
4312,3708,10465
4313,3709,10464
4314,3709,10463
4315,3710,10469
4316,3710,10468
4317,3711,10468
4318,3712,10471
4319,3713,10472
4320,3714,10482
4321,3715,10483
4322,3716,10486
4323,3717,10488
4324,3717,10487
4325,3718,10493
4326,3719,10492
4327,3720,10495
4328,3721,10498
4329,3721,10499
4330,3722,10500
4331,3723,10503
4332,3724,10504
4333,3725,10508
4334,3725,10509
4335,3726,10511
4336,3726,10512
4337,3727,10512
4338,3727,10511
4339,3728,10515
4340,3729,10517
4341,3729,10516
4342,3730,10518
4343,3731,10520
4344,3732,10522
4345,3733,10525
4346,3734,10527
4347,3735,10528
4348,3736,10533
4349,3737,10532
4350,3738,10543
4351,3739,10546
4352,3740,10550
4353,3741,10552
4354,3742,10557
4355,3743,10556
4356,3744,10561
4357,3745,10560
4358,3746,10567
4359,3746,10566
4360,3747,10568
4361,3748,10574
4362,3748,10573
4363,3749,10576
4364,3750,10578
4365,3750,10579
4366,3751,10580
4367,3751,10581
4368,3752,10582
4369,3752,10584
4370,3753,10584
4371,3754,10588
4372,3755,10591
4373,3756,10592
4374,3757,10604
4375,3758,10606
4376,3759,10605
4377,3760,10618
4378,3761,10619
4379,3762,10621
4380,3763,10623
4381,3764,10626
4382,3765,10635
4383,3766,10634
4384,3767,10639
4385,3768,10636
4386,3769,10642
4387,3770,10643
4388,3771,10644
4389,3771,10645
4390,3772,10645
4391,3773,10646
4392,3773,10649
4393,3774,10648
4394,3775,10651
4395,3776,10657
4396,3777,10658
4397,3778,10659
4398,3779,10665
4399,3780,10666
4400,3781,10667
4401,3782,10671
4402,3783,10674
4403,3784,10676
4404,3784,10675
4405,3785,10680
4406,3786,10681
4407,3787,10684
4408,3788,10683
4409,3789,10689
4410,3789,10690
4411,3790,10690
4412,3791,10701
4413,3792,10703
4414,3793,10705
4415,3794,10708
4416,3794,10707
4417,3795,10707
4418,3796,10710
4419,3796,10709
4420,3797,10713
4421,3797,10712
4422,3798,10719
4423,3799,10718
4424,3800,10721
4425,3801,10724
4426,3802,10730
4427,3803,10732
4428,3804,10731
4429,3804,10732
4430,3805,10743
4431,3806,10742
4432,3807,10745
4433,3807,10746
4434,3808,10753
4435,3809,10754
4436,3810,10758
4437,3811,10756
4438,3812,10760
4439,3813,10761
4440,3814,10762
4441,3815,10766
4442,3815,10763
4443,3816,10768
4444,3817,10772
4445,3818,10781
4446,3819,10782
4447,3819,10783
4448,3820,10784
4449,3820,10785
4450,3821,10789
4451,3822,10801
4452,3823,10802
4453,3823,10803
4454,3824,10806
4455,3825,10804
4456,3825,10807
4457,3826,10808
4458,3827,10812
4459,3828,10815
4460,3828,10814
4461,3829,10817
4462,3830,10818
4463,3831,10820
4464,3831,10819
4465,3832,10825
4466,3832,10826
4467,3833,10826
4468,3833,10825
4469,3834,10827
4470,3835,10833
4471,3835,10832
4472,3836,10832
4473,3837,10839
4474,3838,10843
4475,3839,10845
4476,3840,10847
4477,3840,10848
4478,3841,10850
4479,3842,10851
4480,3843,10855
4481,3844,10856
4482,3844,10855
4483,3845,10863
4484,3845,10864
4485,3846,10864
4486,3847,10867
4487,3848,10875
4488,3849,10876
4489,3850,10882
4490,3850,10881
4491,3851,10885
4492,3851,10884
4493,3852,10884
4494,3853,10886
4495,3854,10897
4496,3855,10899
4497,3856,10898
4498,3857,10906
4499,3858,10910
4500,3858,10909
4501,3859,10909
4502,3859,10910
4503,3860,10917
4504,3861,10915
4505,3862,10922
4506,3863,10929
4507,3863,10928
4508,3864,10930
4509,3864,10931
4510,3865,10931
4511,3865,10930
4512,3866,10933
4513,3867,10932
4514,3867,10935
4515,3868,10936
4516,3869,10948
4517,3870,10955
4518,3870,10954
4519,3871,10959
4520,3872,10957
4521,3873,10963
4522,3874,10961
4523,3875,10968
4524,3876,10973
4525,3877,10974
4526,3878,10980
4527,3879,10982
4528,3880,10984
4529,3881,10986
4530,3881,10988
4531,3882,10990
4532,3883,10992
4533,3884,10996
4534,3885,10997
4535,3886,11000
4536,3886,10998
4537,3887,10999
4538,3888,11001
4539,3889,11004
4540,3890,11007
4541,3891,11017
4542,3892,11016
4543,3893,11020
4544,3894,11025
4545,3895,11034
4546,3896,11035
4547,3897,11037
4548,3897,11038
4549,3898,11040
4550,3899,11048
4551,3900,11057
4552,3901,11056
4553,3902,11058
4554,3902,11059
4555,3903,11066
4556,3903,11065
4557,3904,11067
4558,3905,11069
4559,3906,11068
4560,3907,11070
4561,3908,11072
4562,3909,11073
4563,3910,11082
4564,3911,11080
4565,3912,11083
4566,3913,11094
4567,3914,11095
4568,3915,11098
4569,3916,11097
4570,3917,11099
4571,3918,11100
4572,3919,11103
4573,3920,11104
4574,3921,11107
4575,3921,11104
4576,3922,11111
4577,3923,11108
4578,3923,11110
4579,3924,11112
4580,3925,11114
4581,3926,11113
4582,3927,11121
4583,3928,11125
4584,3929,11127
4585,3930,11133
4586,3931,11132
4587,3932,11138
4588,3933,11139
4589,3934,11142
4590,3935,11141
4591,3936,11144
4592,3936,11143
4593,3937,11143
4594,3938,11145
4595,3939,11146
4596,3939,11145
4597,3940,11154
4598,3941,11157
4599,3942,11161
4600,3942,11160
4601,3943,11160
4602,3943,11161
4603,3944,11170
4604,3945,11171
4605,3945,11170
4606,3946,11173
4607,3947,11177
4608,3948,11175
4609,3949,11179
4610,3950,11180
4611,3951,11182
4612,3952,11184
4613,3953,11188
4614,3954,11190
4615,3955,11200
4616,3956,11199
4617,3957,11203
4618,3958,11206
4619,3959,11207
4620,3960,11209
4621,3961,11212
4622,3962,11215
4623,3963,11214
4624,3964,11217
4625,3965,11220
4626,3966,11232
4627,3967,11235
4628,3967,11236
4629,3968,11239
4630,3969,11241
4631,3970,11244
4632,3971,11246
4633,3972,11252
4634,3972,11253
4635,3973,11253
4636,3973,11252
4637,3974,11257
4638,3975,11260
4639,3976,11264
4640,3977,11261
4641,3978,11271
4642,3979,11269
4643,3979,11270
4644,3980,11274
4645,3981,11276
4646,3982,11279
4647,3983,11284
4648,3983,11282
4649,3984,11288
4650,3984,11287
4651,3985,11289
4652,3986,11291
4653,3987,11299
4654,3987,11300
4655,3988,11301
4656,3989,11305
4657,3989,11304
4658,3990,11303
4659,3991,11310
4660,3992,11309
4661,3993,11313
4662,3994,11319
4663,3995,11318
4664,3996,11320
4665,3997,11321
4666,3998,11326
4667,3999,11331
4668,4000,11332
4669,4001,11334
4670,4002,11337
4671,4003,11336
4672,4003,11337
4673,4004,11339
4674,4005,11340
4675,4006,11343
4676,4007,11344
4677,4008,11347
4678,4009,11348
4679,4010,11349
4680,4011,11350
4681,4012,11351
4682,4013,11352
4683,4014,11353
4684,4015,11359
4685,4015,11357
4686,4016,11358
4687,4017,11361
4688,4017,11360
4689,4018,11360
4690,4018,11361
4691,4019,11362
4692,4020,11368
4693,4021,11373
4694,4022,11375
4695,4022,11374
4696,4023,11376
4697,4024,11378
4698,4025,11389
4699,4026,11386
4700,4027,11393
4701,4028,11395
4702,4028,11394
4703,4029,11397
4704,4030,11405
4705,4031,11404
4706,4032,11408
4707,4033,11410
4708,4034,11414
4709,4035,11420
4710,4036,11423
4711,4037,11429
4712,4038,11434
4713,4039,11435
4714,4040,11437
4715,4041,11442
4716,4042,11444
4717,4043,11447
4718,4044,11451
4719,4044,11452
4720,4045,11450
4721,4046,11453
4722,4047,11454
4723,4048,11455
4724,4049,11457
4725,4050,11459
4726,4051,11458
4727,4052,11463
4728,4052,11465
4729,4053,11467
4730,4054,11468
4731,4055,11473
4732,4056,11477
4733,4057,11484
4734,4058,11485
4735,4059,11493
4736,4059,11492
4737,4060,11495
4738,4061,11499
4739,4062,11497
4740,4062,11498
4741,4063,11500
4742,4064,11502
4743,4065,11501
4744,4066,11505
4745,4067,11504
4746,4068,11510
4747,4069,11513
4748,4070,11517
4749,4070,11515
4750,4071,11519
4751,4072,11518
4752,4073,11521
4753,4074,11520
4754,4075,11538
4755,4076,11537
4756,4077,11542
4757,4078,11543
4758,4079,11545
4759,4080,11544
4760,4081,11546
4761,4082,11548
4762,4083,11549
4763,4084,11555
4764,4085,11553
4765,4086,11562
4766,4087,11560
4767,4088,11564
4768,4089,11574
4769,4090,11573
4770,4091,11576
4771,4092,11580
4772,4093,11582
4773,4094,11584
4774,4095,11583
4775,4096,11585
4776,4097,11587
4777,4098,11588
4778,4099,11593
4779,4100,11594
4780,4101,11599
4781,4101,11597
4782,4102,11597
4783,4103,11603
4784,4104,11605
4785,4105,11604
4786,4106,11606
4787,4106,11607
4788,4107,11610
4789,4108,11611
4790,4109,11612
4791,4109,11613
4792,4110,11613
4793,4111,11615
4794,4112,11620
4795,4113,11625
4796,4114,11629
4797,4115,11628
4798,4116,11631
4799,4116,11630
4800,4117,11630
4801,4118,11633
4802,4119,11634
4803,4119,11633
4804,4120,11637
4805,4121,11636
4806,4122,11641
4807,4123,11639
4808,4124,11642
4809,4125,11645
4810,4126,11646
4811,4127,11647
4812,4128,11653
4813,4129,11655
4814,4130,11660
4815,4131,11663
4816,4131,11662
4817,4132,11662
4818,4133,11664
4819,4134,11665
4820,4135,11674
4821,4136,11675
4822,4137,11676
4823,4138,11677
4824,4139,11681
4825,4140,11688
4826,4141,11692
4827,4142,11693
4828,4143,11695
4829,4144,11694
4830,4145,11701
4831,4145,11700
4832,4146,11707
4833,4147,11710
4834,4148,11713
4835,4149,11715
4836,4150,11723
4837,4151,11722
4838,4152,11725
4839,4153,11726
4840,4154,11729
4841,4154,11728
4842,4155,11730
4843,4156,11736
4844,4157,11737
4845,4158,11743
4846,4159,11747
4847,4160,11750
4848,4161,11753
4849,4162,11754
4850,4163,11756
4851,4163,11757
4852,4164,11765
4853,4165,11766
4854,4165,11767
4855,4166,11771
4856,4167,11780
4857,4168,11779
4858,4169,11781
4859,4170,11782
4860,4171,11786
4861,4172,11788
4862,4173,11787
4863,4174,11791
4864,4175,11790
4865,4176,11792
4866,4177,11799
4867,4178,11798
4868,4179,11807
4869,4180,11808
4870,4181,11809
4871,4182,11812
4872,4183,11814
4873,4184,11821
4874,4185,11822
4875,4186,11823
4876,4187,11824
4877,4187,11823
4878,4188,11825
4879,4189,11838
4880,4190,11837
4881,4190,11838
4882,4191,11839
4883,4192,11840
4884,4193,11847
4885,4194,11846
4886,4195,11850
4887,4196,11849
4888,4197,11853
4889,4198,11852
4890,4199,11858
4891,4200,11857
4892,4201,11860
4893,4202,11863
4894,4203,11864
4895,4203,11865
4896,4204,11865
4897,4205,11868
4898,4206,11866
4899,4207,11871
4900,4208,11873
4901,4209,11874
4902,4210,11875
4903,4211,11879
4904,4212,11878
4905,4213,11880
4906,4214,11883
4907,4215,11890
4908,4216,11889
4909,4217,11894
4910,4218,11891
4911,4219,11897
4912,4220,11895
4913,4221,11898
4914,4222,11900
4915,4223,11916
4916,4224,11920
4917,4225,11924
4918,4226,11926
4919,4227,11930
4920,4227,11929
4921,4228,11940
4922,4229,11943
4923,4230,11945
4924,4231,11956
4925,4232,11963
4926,4232,11964
4927,4233,11964
4928,4234,11969
4929,4235,11968
4930,4236,11975
4931,4237,11981
4932,4238,11983
4933,4239,11984
4934,4240,11991
4935,4241,11992
4936,4241,11993
4937,4242,11993
4938,4242,11992
4939,4243,11997
4940,4244,11999
4941,4245,12003
4942,4246,12004
4943,4247,12008
4944,4248,12011
4945,4249,12010
4946,4250,12014
4947,4251,12016
4948,4252,12017
4949,4253,12019
4950,4254,12021
4951,4255,12027
4952,4256,12034
4953,4256,12031
4954,4257,12032
4955,4258,12038
4956,4259,12042
4957,4260,12041
4958,4261,12043
4959,4262,12053
4960,4263,12052
4961,4264,12055
4962,4265,12061
4963,4266,12060
4964,4267,12062
4965,4268,12063
4966,4269,12064
4967,4270,12075
4968,4271,12080
4969,4272,12081
4970,4273,12082
4971,4274,12084
4972,4275,12087
4973,4276,12095
4974,4277,12092
4975,4278,12096
4976,4279,12097
4977,4280,12099
4978,4281,12100
4979,4282,12101
4980,4283,12111
4981,4284,12121
4982,4284,12119
4983,4285,12120
4984,4286,12125
4985,4287,12126
4986,4287,12127
4987,4288,12129
4988,4289,12135
4989,4290,12136
4990,4290,12137
4991,4291,12143
4992,4291,12142
4993,4292,12147
4994,4292,12144
4995,4293,12146
4996,4294,12151
4997,4295,12156
4998,4296,12159
4999,4297,12160
5000,4298,12162
5001,4299,12164
5002,4300,12165
5003,4301,12167
5004,4302,12171
5005,4303,12176
5006,4303,12174
5007,4304,12175
5008,4305,12181
5009,4306,12182
5010,4307,12191
5011,4308,12196
5012,4309,12200
5013,4310,12206
5014,4311,12210
5015,4312,12215
5016,4313,12231
5017,4314,12233
5018,4315,12238
5019,4316,12239
5020,4317,12241
5021,4318,12244
5022,4319,12246
5023,4319,12247
5024,4320,12245
5025,4321,12249
5026,4322,12250
5027,4323,12252
5028,4324,12251
5029,4325,12254
5030,4326,12256
5031,4327,12261
5032,4328,12262
5033,4329,12268
5034,4330,12270
5035,4331,12279
5036,4332,12278
5037,4333,12282
5038,4334,12281
5039,4335,12285
5040,4336,12289
5041,4337,12290
5042,4338,12292
5043,4339,12294
5044,4340,12293
5045,4341,12295
5046,4342,12296
5047,4343,12299
5048,4344,12302
5049,4345,12306
5050,4346,12311
5051,4346,12312
5052,4347,12313
5053,4348,12322
5054,4348,12320
5055,4349,12321
5056,4350,12328
5057,4351,12331
5058,4352,12334
5059,4353,12336
5060,4354,12337
5061,4355,12340
5062,4356,12341
5063,4357,12342
5064,4358,12345
5065,4359,12347
5066,4360,12362
5067,4361,12364
5068,4362,12366
5069,4363,12371
5070,4364,12368
5071,4365,12378
5072,4366,12381
5073,4367,12386
5074,4368,12385
5075,4369,12387
5076,4369,12390
5077,4370,12395
5078,4370,12394
5079,4371,12394
5080,4372,12408
5081,4373,12406
5082,4373,12408
5083,4374,12409
5084,4375,12412
5085,4375,12409
5086,4376,12418
5087,4376,12417
5088,4377,12421
5089,4378,12419
5090,4379,12423
5091,4380,12424
5092,4381,12428
5093,4381,12426
5094,4382,12430
5095,4383,12434
5096,4384,12433
5097,4385,12436
5098,4386,12440
5099,4387,12444
5100,4388,12442
5101,4389,12445
5102,4390,12448
5103,4391,12450
5104,4392,12452
5105,4393,12451
5106,4394,12456
5107,4395,12459
5108,4395,12457
5109,4396,12458
5110,4397,12461
5111,4398,12466
5112,4399,12468
5113,4399,12467
5114,4400,12472
5115,4401,12471
5116,4402,12473
5117,4403,12475
5118,4404,12474
5119,4404,12475
5120,4405,12480
5121,4406,12487
5122,4407,12489
5123,4408,12491
5124,4409,12492
5125,4410,12494
5126,4410,12493
5127,4411,12497
5128,4412,12498
5129,4413,12504
5130,4414,12505
5131,4415,12509
5132,4416,12518
5133,4417,12519
5134,4418,12520
5135,4419,12522
5136,4420,12521
5137,4421,12525
5138,4421,12524
5139,4422,12526
5140,4423,12528
5141,4424,12531
5142,4425,12533
5143,4425,12534
5144,4426,12534
5145,4427,12543
5146,4428,12547
5147,4429,12551
5148,4430,12550
5149,4431,12559
5150,4432,12563
5151,4432,12562
5152,4433,12565
5153,4434,12568
5154,4435,12569
5155,4436,12572
5156,4437,12573
5157,4438,12581
5158,4439,12580
5159,4440,12588
5160,4440,12587
5161,4441,12587
5162,4442,12591
5163,4443,12594
5164,4444,12595
5165,4445,12601
5166,4446,12603
5167,4447,12607
5168,4447,12606
5169,4448,12608
5170,4449,12611
5171,4450,12610
5172,4450,12612
5173,4451,12613
5174,4452,12618
5175,4453,12619
5176,4454,12625
5177,4454,12627
5178,4455,12629
5179,4456,12632
5180,4457,12635
5181,4458,12633
5182,4459,12637
5183,4460,12638
5184,4461,12642
5185,4462,12643
5186,4463,12647
5187,4464,12649
5188,4465,12650
5189,4466,12651
5190,4467,12652
5191,4468,12653
5192,4469,12655
5193,4470,12658
5194,4471,12660
5195,4471,12662
5196,4472,12662
5197,4472,12663
5198,4473,12671
5199,4474,12675
5200,4475,12677
5201,4476,12676
5202,4476,12678
5203,4477,12681
5204,4477,12680
5205,4478,12682
5206,4478,12683
5207,4479,12686
5208,4480,12687
5209,4480,12690
5210,4481,12691
5211,4482,12694
5212,4483,12695
5213,4484,12697
5214,4485,12698
5215,4486,12700
5216,4487,12710
5217,4488,12711
5218,4489,12715
5219,4490,12713
5220,4491,12719
5221,4492,12720
5222,4493,12727
5223,4494,12734
5224,4494,12735
5225,4495,12735
5226,4496,12737
5227,4496,12738
5228,4497,12739
5229,4498,12740
5230,4499,12741
5231,4500,12743
5232,4501,12747
5233,4502,12755
5234,4503,12759
5235,4504,12765
5236,4505,12766
5237,4506,12770
5238,4507,12768
5239,4508,12771
5240,4509,12774
5241,4510,12780
5242,4511,12787
5243,4512,12785
5244,4513,12790
5245,4514,12788
5246,4515,12794
5247,4516,12793
5248,4517,12803
5249,4518,12805
5250,4518,12804
5251,4519,12804
5252,4519,12805
5253,4520,12806
5254,4521,12809
5255,4521,12808
5256,4522,12813
5257,4523,12810
5258,4524,12820
5259,4525,12818
5260,4526,12822
5261,4527,12821
5262,4527,12822
5263,4528,12823
5264,4529,12824
5265,4530,12825
5266,4531,12826
5267,4532,12834
5268,4532,12833
5269,4533,12837
5270,4534,12838
5271,4534,12839
5272,4535,12840
5273,4536,12842
5274,4537,12841
5275,4538,12845
5276,4539,12844
5277,4540,12846
5278,4541,12849
5279,4541,12852
5280,4542,12851
5281,4543,12857
5282,4544,12861
5283,4544,12860
5284,4545,12860
5285,4545,12861
5286,4546,12864
5287,4547,12867
5288,4548,12866
5289,4548,12867
5290,4549,12873
5291,4550,12875
5292,4551,12874
5293,4552,12878
5294,4553,12883
5295,4554,12884
5296,4555,12885
5297,4556,12895
5298,4556,12894
5299,4557,12898
5300,4558,12899
5301,4559,12909
5302,4560,12912
5303,4560,12910
5304,4561,12913
5305,4562,12915
5306,4563,12918
5307,4564,12917
5308,4564,12916
5309,4565,12923
5310,4566,12930
5311,4567,12933
5312,4568,12934
5313,4569,12935
5314,4570,12936
5315,4571,12939
5316,4572,12945
5317,4573,12946
5318,4574,12954
5319,4574,12952
5320,4575,12955
5321,4576,12957
5322,4577,12961
5323,4578,12963
5324,4579,12967
5325,4580,12974
5326,4581,12979
5327,4582,12984
5328,4583,12987
5329,4584,12995
5330,4585,13002
5331,4586,13001
5332,4586,13000
5333,4587,13003
5334,4587,13005
5335,4588,13005
5336,4589,13010
5337,4589,13011
5338,4590,13011
5339,4591,13015
5340,4591,13014
5341,4592,13014
5342,4593,13017
5343,4594,13018
5344,4594,13016
5345,4595,13023
5346,4596,13024
5347,4596,13023
5348,4597,13027
5349,4598,13028
5350,4599,13029
5351,4600,13030
5352,4600,13032
5353,4601,13033
5354,4601,13034
5355,4602,13034
5356,4602,13033
5357,4603,13037
5358,4604,13038
5359,4605,13039
5360,4606,13046
5361,4607,13045
5362,4608,13049
5363,4609,13051
5364,4610,13053
5365,4610,13055
5366,4611,13058
5367,4612,13060
5368,4613,13067
5369,4613,13065
5370,4614,13065
5371,4614,13067
5372,4615,13073
5373,4616,13075
5374,4617,13082
5375,4618,13081
5376,4618,13080
5377,4619,13087
5378,4620,13090
5379,4621,13097
5380,4621,13095
5381,4622,13098
5382,4622,13097
5383,4623,13101
5384,4624,13105
5385,4624,13103
5386,4625,13104
5387,4626,13107
5388,4627,13106
5389,4628,13111
5390,4629,13112
5391,4630,13116
5392,4631,13115
5393,4632,13120
5394,4633,13121
5395,4634,13122
5396,4635,13128
5397,4636,13132
5398,4637,13133
5399,4637,13132
5400,4638,13134
5401,4639,13138
5402,4640,13141
5403,4641,13142
5404,4641,13140
5405,4642,13145
5406,4643,13144
5407,4643,13145
5408,4644,13148
5409,4644,13149
5410,4645,13154
5411,4646,13156
5412,4647,13160
5413,4648,13159
5414,4649,13166
5415,4650,13169
5416,4651,13167
5417,4652,13181
5418,4653,13180
5419,4654,13183
5420,4655,13187
5421,4656,13186
5422,4657,13192
5423,4658,13199
5424,4659,13202
5425,4660,13203
5426,4661,13204
5427,4661,13203
5428,4662,13209
5429,4663,13214
5430,4664,13223
5431,4665,13221
5432,4666,13227
5433,4667,13231
5434,4668,13232
5435,4669,13233
5436,4670,13237
5437,4670,13239
5438,4671,13238
5439,4672,13240
5440,4673,13241
5441,4674,13250
5442,4675,13249
5443,4676,13253
5444,4677,13256
5445,4678,13261
5446,4678,13262
5447,4679,13263
5448,4680,13270
5449,4681,13274
5450,4682,13278
5451,4682,13276
5452,4683,13282
5453,4684,13284
5454,4685,13283
5455,4686,13291
5456,4687,13289
5457,4687,13290
5458,4688,13295
5459,4688,13294
5460,4689,13294
5461,4690,13297
5462,4691,13304
5463,4692,13310
5464,4692,13308
5465,4693,13309
5466,4694,13317
5467,4695,13318
5468,4696,13319
5469,4697,13320
5470,4698,13323
5471,4698,13322
5472,4699,13322
5473,4700,13328
5474,4701,13330
5475,4702,13331
5476,4702,13330
5477,4703,13333
5478,4704,13337
5479,4705,13340
5480,4706,13342
5481,4707,13343
5482,4708,13349
5483,4708,13350
5484,4709,13350
5485,4710,13351
5486,4711,13356
5487,4712,13358
5488,4713,13360
5489,4714,13362
5490,4714,13363
5491,4715,13364
5492,4716,13368
5493,4717,13369
5494,4717,13370
5495,4718,13373
5496,4719,13375
5497,4720,13376
5498,4721,13377
5499,4722,13378
5500,4723,13379
5501,4724,13382
5502,4725,13384
5503,4725,13385
5504,4726,13388
5505,4727,13390
5506,4727,13388
5507,4728,13394
5508,4729,13395
5509,4730,13399
5510,4731,13408
5511,4732,13414
5512,4733,13417
5513,4734,13416
5514,4735,13422
5515,4736,13425
5516,4737,13428
5517,4738,13429
5518,4739,13432
5519,4740,13435
5520,4741,13436
5521,4742,13443
5522,4743,13449
5523,4744,13453
5524,4745,13467
5525,4746,13469
5526,4746,13468
5527,4747,13468
5528,4747,13469
5529,4748,13470
5530,4748,13471
5531,4749,13476
5532,4750,13477
5533,4751,13478
5534,4752,13488
5535,4753,13487
5536,4754,13489
5537,4755,13496
5538,4756,13493
5539,4757,13504
5540,4758,13505
5541,4759,13507
5542,4759,13505
5543,4760,13510
5544,4761,13513
5545,4762,13517
5546,4763,13518
5547,4764,13520
5548,4765,13524
5549,4766,13523
5550,4767,13526
5551,4768,13525
5552,4769,13528
5553,4770,13529
5554,4771,13542
5555,4772,13540
5556,4772,13541
5557,4773,13548
5558,4774,13549
5559,4775,13550
5560,4776,13555
5561,4776,13556
5562,4777,13558
5563,4778,13562
5564,4779,13564
5565,4780,13565
5566,4781,13567
5567,4782,13569
5568,4783,13570
5569,4783,13569
5570,4784,13573
5571,4785,13572
5572,4786,13577
5573,4787,13578
5574,4788,13579
5575,4789,13581
5576,4790,13592
5577,4791,13597
5578,4792,13598
5579,4793,13602
5580,4794,13604
5581,4794,13603
5582,4795,13611
5583,4796,13616
5584,4797,13618
5585,4798,13619
5586,4799,13620
5587,4799,13621
5588,4800,13622
5589,4801,13626
5590,4801,13625
5591,4802,13627
5592,4803,13630
5593,4804,13631
5594,4805,13634
5595,4806,13635
5596,4807,13643
5597,4808,13642
5598,4809,13648
5599,4810,13646
5600,4811,13649
5601,4812,13650
5602,4813,13655
5603,4814,13657
5604,4815,13656
5605,4816,13658
5606,4817,13659
5607,4818,13663
5608,4819,13664
5609,4820,13667
5610,4821,13668
5611,4822,13670
5612,4822,13669
5613,4823,13673
5614,4824,13675
5615,4825,13674
5616,4826,13680
5617,4827,13682
5618,4828,13685
5619,4828,13683
5620,4829,13684
5621,4829,13683
5622,4830,13687
5623,4831,13689
5624,4832,13691
5625,4833,13693
5626,4833,13691
5627,4834,13696
5628,4835,13718
5629,4836,13719
5630,4837,13721
5631,4838,13727
5632,4839,13728
5633,4840,13733
5634,4841,13739
5635,4842,13737
5636,4842,13739
5637,4843,13741
5638,4844,13743
5639,4845,13746
5640,4846,13750
5641,4847,13751
5642,4848,13753
5643,4849,13752
5644,4850,13754
5645,4851,13757
5646,4852,13761
5647,4853,13768
5648,4854,13771
5649,4855,13777
5650,4856,13778
5651,4857,13779
5652,4858,13780
5653,4859,13783
5654,4860,13785
5655,4861,13789
5656,4861,13787
5657,4862,13787
5658,4863,13794
5659,4864,13796
5660,4865,13797
5661,4866,13801
5662,4867,13808
5663,4868,13810
5664,4869,13811
5665,4870,13814
5666,4870,13812
5667,4871,13812
5668,4872,13815
5669,4873,13821
5670,4873,13819
5671,4874,13819
5672,4875,13824
5673,4876,13828
5674,4876,13825
5675,4877,13832
5676,4878,13833
5677,4879,13836
5678,4880,13837
5679,4881,13840
5680,4882,13844
5681,4883,13850
5682,4884,13856
5683,4884,13858
5684,4885,13855
5685,4886,13862
5686,4887,13871
5687,4888,13878
5688,4889,13877
5689,4890,13882
5690,4890,13881
5691,4891,13881
5692,4891,13880
5693,4892,13884
5694,4893,13888
5695,4894,13887
5696,4894,13889
5697,4895,13891
5698,4896,13894
5699,4897,13895
5700,4898,13898
5701,4899,13900
5702,4900,13911
5703,4900,13912
5704,4901,13913
5705,4902,13914
5706,4903,13916
5707,4904,13919
5708,4905,13920
5709,4906,13921
5710,4906,13920
5711,4907,13926
5712,4908,13925
5713,4909,13927
5714,4910,13929
5715,4911,13931
5716,4912,13933
5717,4913,13937
5718,4914,13939
5719,4915,13938
5720,4916,13944
5721,4917,13943
5722,4918,13960
5723,4918,13962
5724,4919,13961
5725,4920,13966
5726,4920,13965
5727,4921,13969
5728,4922,13968
5729,4922,13969
5730,4923,13982
5731,4924,13983
5732,4925,13990
5733,4925,13989
5734,4926,13995
5735,4927,14000
5736,4927,14002
5737,4928,14002
5738,4929,14005
5739,4930,14006
5740,4931,14010
5741,4932,14018
5742,4933,14019
5743,4934,14020
5744,4935,14023
5745,4936,14026
5746,4936,14027
5747,4937,14032
5748,4937,14033
5749,4938,14036
5750,4939,14039
5751,4940,14037
5752,4941,14043
5753,4941,14046
5754,4942,14044
5755,4942,14045
5756,4943,14048
5757,4944,14055
5758,4945,14056
5759,4946,14060
5760,4946,14061
5761,4947,14067
5762,4948,14066
5763,4949,14072
5764,4950,14071
5765,4950,14070
5766,4951,14076
5767,4952,14079
5768,4952,14082
5769,4953,14081
5770,4954,14083
5771,4955,14084
5772,4956,14086
5773,4956,14085
5774,4957,14092
5775,4958,14091
5776,4959,14094
5777,4960,14093
5778,4960,14094
5779,4961,14101
5780,4962,14099
5781,4963,14104
5782,4964,14109
5783,4965,14108
5784,4965,14109
5785,4966,14112
5786,4967,14110
5787,4968,14115
5788,4969,14117
5789,4970,14123
5790,4971,14125
5791,4972,14128
5792,4973,14129
5793,4974,14130
5794,4975,14135
5795,4976,14137
5796,4977,14139
5797,4978,14141
5798,4979,14143
5799,4979,14142
5800,4980,14144
5801,4981,14146
5802,4982,14151
5803,4982,14150
5804,4983,14152
5805,4984,14158
5806,4985,14159
5807,4986,14160
5808,4987,14166
5809,4988,14169
5810,4988,14167
5811,4989,14167
5812,4990,14170
5813,4991,14171
5814,4992,14182
5815,4993,14183
5816,4994,14184
5817,4995,14185
5818,4995,14184
5819,4996,14186
5820,4997,14187
5821,4998,14189
5822,4999,14190
5823,5000,14192
5824,5000,14194
5825,5001,14198
5826,5002,14197
5827,5003,14199
5828,5004,14204
5829,5005,14206
5830,5005,14205
5831,5006,14209
5832,5006,14208
5833,5007,14210
5834,5008,14211
5835,5009,14212
5836,5010,14215
5837,5011,14216
5838,5012,14222
5839,5012,14221
5840,5013,14225
5841,5014,14224
5842,5015,14226
5843,5016,14228
5844,5017,14234
5845,5018,14236
5846,5019,14238
5847,5020,14237
5848,5021,14243
5849,5022,14247
5850,5023,14251
5851,5024,14254
5852,5025,14258
5853,5026,14259
5854,5026,14261
5855,5027,14264
5856,5028,14267
5857,5029,14268
5858,5030,14271
5859,5031,14269
5860,5031,14271
5861,5032,14273
5862,5033,14277
5863,5034,14281
5864,5034,14279
5865,5035,14282
5866,5036,14283
5867,5037,14284
5868,5038,14286
5869,5039,14287
5870,5040,14288
5871,5041,14290
5872,5042,14292
5873,5043,14301
5874,5044,14300
5875,5045,14303
5876,5046,14305
5877,5047,14308
5878,5048,14311
5879,5048,14312
5880,5049,14312
5881,5050,14314
5882,5051,14319
5883,5052,14324
5884,5053,14329
5885,5054,14328
5886,5055,14331
5887,5055,14330
5888,5056,14330
5889,5057,14337
5890,5058,14338
5891,5058,14341
5892,5059,14340
5893,5059,14338
5894,5060,14342
5895,5061,14349
5896,5062,14351
5897,5063,14350
5898,5064,14353
5899,5065,14355
5900,5065,14356
5901,5066,14358
5902,5067,14359
5903,5068,14360
5904,5069,14361
5905,5070,14376
5906,5070,14375
5907,5071,14378
5908,5072,14381
5909,5073,14379
5910,5074,14387
5911,5075,14394
5912,5076,14397
5913,5077,14398
5914,5078,14402
5915,5079,14406
5916,5080,14411
5917,5081,14417
5918,5082,14420
5919,5082,14418
5920,5083,14421
5921,5084,14424
5922,5084,14423
5923,5085,14426
5924,5086,14435
5925,5087,14437
5926,5088,14441
5927,5089,14442
5928,5090,14444
5929,5090,14443
5930,5091,14447
5931,5092,14449
5932,5093,14450
5933,5094,14453
5934,5095,14454
5935,5096,14459
5936,5097,14457
5937,5097,14459
5938,5098,14461
5939,5098,14462
5940,5099,14462
5941,5100,14465
5942,5101,14464
5943,5102,14468
5944,5103,14477
5945,5104,14485
5946,5105,14486
5947,5106,14492
5948,5106,14490
5949,5107,14497
5950,5108,14498
5951,5109,14499
5952,5110,14500
5953,5111,14503
5954,5112,14507
5955,5112,14505
5956,5113,14508
5957,5113,14509
5958,5114,14509
5959,5115,14512
5960,5116,14514
5961,5117,14517
5962,5118,14516
5963,5119,14526
5964,5119,14524
5965,5120,14530
5966,5121,14532
5967,5122,14535
5968,5122,14534
5969,5123,14537
5970,5124,14536
5971,5125,14538
5972,5126,14539
5973,5127,14544
5974,5128,14545
5975,5129,14548
5976,5130,14553
5977,5131,14554
5978,5132,14555
5979,5133,14557
5980,5134,14559
5981,5135,14560
5982,5136,14562
5983,5137,14565
5984,5138,14566
5985,5139,14570
5986,5139,14568
5987,5140,14567
5988,5141,14577
5989,5142,14579
5990,5143,14578
5991,5143,14579
5992,5144,14582
5993,5145,14583
5994,5146,14584
5995,5147,14586
5996,5148,14590
5997,5148,14591
5998,5149,14594
5999,5150,14596
6000,5151,14595
6001,5152,14599
6002,5153,14606
6003,5154,14610
6004,5155,14613
6005,5156,14611
6006,5157,14617
6007,5158,14622
6008,5159,14624
6009,5160,14625
6010,5161,14628
6011,5161,14629
6012,5162,14627
6013,5163,14631
6014,5163,14633
6015,5164,14632
6016,5165,14637
6017,5165,14636
6018,5166,14638
6019,5167,14640
6020,5168,14639
6021,5169,14642
6022,5170,14646
6023,5171,14649
6024,5172,14652
6025,5173,14656
6026,5173,14655
6027,5174,14657
6028,5175,14663
6029,5176,14667
6030,5177,14672
6031,5178,14676
6032,5179,14681
6033,5180,14680
6034,5181,14682
6035,5182,14688
6036,5182,14685
6037,5183,14696
6038,5184,14705
6039,5185,14702
6040,5185,14704
6041,5186,14706
6042,5187,14708
6043,5187,14707
6044,5188,14707
6045,5189,14714
6046,5190,14713
6047,5190,14714
6048,5191,14715
6049,5191,14716
6050,5192,14720
6051,5193,14722
6052,5194,14723
6053,5194,14725
6054,5195,14726
6055,5196,14732
6056,5197,14735
6057,5198,14740
6058,5199,14746
6059,5200,14751
6060,5201,14752
6061,5202,14753
6062,5203,14755
6063,5204,14758
6064,5205,14757
6065,5206,14763
6066,5207,14764
6067,5208,14775
6068,5209,14774
6069,5210,14782
6070,5211,14788
6071,5212,14791
6072,5213,14793
6073,5214,14794
6074,5215,14797
6075,5216,14798
6076,5217,14799
6077,5218,14800
6078,5219,14807
6079,5220,14804
6080,5220,14805
6081,5221,14808
6082,5222,14813
6083,5222,14814
6084,5223,14814
6085,5224,14817
6086,5225,14819
6087,5226,14823
6088,5227,14824
6089,5228,14828
6090,5229,14827
6091,5229,14828
6092,5230,14831
6093,5230,14830
6094,5231,14832
6095,5232,14834
6096,5232,14833
6097,5233,14839
6098,5234,14841
6099,5235,14847
6100,5236,14848
6101,5237,14852
6102,5237,14851
6103,5238,14851
6104,5239,14853
6105,5240,14854
6106,5241,14856
6107,5242,14858
6108,5243,14857
6109,5244,14859
6110,5245,14864
6111,5246,14866
6112,5247,14871
6113,5248,14875
6114,5249,14882
6115,5250,14883
6116,5250,14882
6117,5251,14885
6118,5251,14884
6119,5252,14884
6120,5253,14887
6121,5253,14886
6122,5254,14891
6123,5255,14892
6124,5256,14900
6125,5257,14905
6126,5258,14908
6127,5259,14911
6128,5260,14913
6129,5261,14925
6130,5262,14928
6131,5262,14930
6132,5263,14929
6133,5264,14934
6134,5265,14936
6135,5266,14938
6136,5266,14940
6137,5267,14939
6138,5268,14941
6139,5269,14942
6140,5269,14943
6141,5270,14944
6142,5271,14945
6143,5272,14949
6144,5273,14947
6145,5274,14951
6146,5275,14955
6147,5275,14954
6148,5276,14956
6149,5276,14958
6150,5277,14958
6151,5277,14957
6152,5278,14961
6153,5279,14964
6154,5280,14968
6155,5281,14969
6156,5282,14974
6157,5283,14977
6158,5284,14986
6159,5285,14987
6160,5286,14990
6161,5287,14991
6162,5288,14993
6163,5289,14994
6164,5290,15000
6165,5291,15006
6166,5292,15007
6167,5293,15011
6168,5294,15009
6169,5294,15011
6170,5295,15012
6171,5296,15014
6172,5297,15013
6173,5298,15020
6174,5299,15019
6175,5300,15022
6176,5301,15024
6177,5302,15026
6178,5303,15028
6179,5304,15030
6180,5304,15029
6181,5305,15031
6182,5305,15030
6183,5306,15033
6184,5307,15036
6185,5308,15035
6186,5309,15054
6187,5310,15057
6188,5311,15060
6189,5312,15061
6190,5312,15060
6191,5313,15070
6192,5314,15073
6193,5315,15074
6194,5316,15075
6195,5317,15081
6196,5318,15080
6197,5319,15084
6198,5319,15083
6199,5320,15083
6200,5320,15082
6201,5321,15085
6202,5322,15086
6203,5323,15087
6204,5324,15091
6205,5325,15089
6206,5326,15092
6207,5327,15096
6208,5327,15095
6209,5328,15097
6210,5329,15098
6211,5330,15099
6212,5330,15098
6213,5331,15113
6214,5331,15112
6215,5332,15121
6216,5332,15120
6217,5333,15120
6218,5333,15121
6219,5334,15123
6220,5335,15129
6221,5336,15133
6222,5337,15138
6223,5338,15139
6224,5339,15141
6225,5340,15142
6226,5341,15144
6227,5341,15145
6228,5342,15145
6229,5342,15144
6230,5343,15146
6231,5344,15154
6232,5345,15157
6233,5345,15156
6234,5346,15167
6235,5347,15173
6236,5348,15172
6237,5349,15175
6238,5349,15174
6239,5350,15174
6240,5350,15175
6241,5351,15177
6242,5352,15179
6243,5353,15183
6244,5354,15181
6245,5355,15184
6246,5356,15185
6247,5357,15186
6248,5357,15185
6249,5358,15188
6250,5359,15190
6251,5360,15191
6252,5361,15192
6253,5362,15194
6254,5363,15193
6255,5363,15194
6256,5364,15198
6257,5365,15199
6258,5366,15210
6259,5367,15212
6260,5368,15213
6261,5369,15223
6262,5370,15224
6263,5371,15225
6264,5372,15230
6265,5373,15228
6266,5374,15233
6267,5374,15231
6268,5375,15232
6269,5376,15239
6270,5377,15240
6271,5378,15243
6272,5378,15245
6273,5379,15246
6274,5380,15250
6275,5381,15253
6276,5382,15255
6277,5383,15254
6278,5384,15259
6279,5385,15263
6280,5385,15264
6281,5386,15265
6282,5387,15268
6283,5388,15272
6284,5389,15269
6285,5390,15273
6286,5391,15283
6287,5391,15284
6288,5392,15285
6289,5393,15289
6290,5394,15288
6291,5395,15291
6292,5396,15293
6293,5397,15300
6294,5398,15301
6295,5399,15303
6296,5399,15301
6297,5400,15305
6298,5401,15304
6299,5402,15306
6300,5403,15310
6301,5404,15314
6302,5405,15319
6303,5406,15318
6304,5406,15317
6305,5407,15320
6306,5408,15321
6307,5409,15322
6308,5410,15329
6309,5411,15328
6310,5412,15335
6311,5412,15333
6312,5413,15334
6313,5414,15336
6314,5415,15341
6315,5416,15342
6316,5417,15350
6317,5418,15354
6318,5419,15357
6319,5420,15355
6320,5421,15359
6321,5421,15360
6322,5422,15360
6323,5422,15359
6324,5423,15361
6325,5424,15364
6326,5425,15366
6327,5426,15365
6328,5427,15370
6329,5428,15371
6330,5429,15375
6331,5430,15374
6332,5431,15376
6333,5431,15377
6334,5432,15377
6335,5433,15379
6336,5434,15380
6337,5435,15383
6338,5436,15381
6339,5437,15388
6340,5438,15389
6341,5439,15392
6342,5440,15394
6343,5441,15395
6344,5441,15394
6345,5442,15396
6346,5443,15401
6347,5444,15403
6348,5445,15410
6349,5445,15409
6350,5446,15416
6351,5447,15417
6352,5448,15421
6353,5449,15423
6354,5450,15428
6355,5451,15425
6356,5452,15439
6357,5453,15445
6358,5454,15448
6359,5455,15452
6360,5456,15455
6361,5457,15453
6362,5457,15454
6363,5458,15463
6364,5459,15464
6365,5460,15466
6366,5461,15468
6367,5462,15467
6368,5463,15471
6369,5464,15474
6370,5464,15473
6371,5465,15478
6372,5465,15477
6373,5466,15480
6374,5467,15481
6375,5468,15485
6376,5468,15486
6377,5469,15487
6378,5470,15488
6379,5471,15496
6380,5472,15498
6381,5473,15499
6382,5474,15500
6383,5475,15502
6384,5475,15501
6385,5476,15503
6386,5476,15501
6387,5477,15504
6388,5478,15505
6389,5479,15506
6390,5480,15510
6391,5481,15511
6392,5482,15513
6393,5483,15514
6394,5483,15513
6395,5484,15515
6396,5485,15519
6397,5486,15523
6398,5487,15524
6399,5488,15530
6400,5489,15531
6401,5490,15532
6402,5491,15533
6403,5492,15542
6404,5492,15544
6405,5493,15543
6406,5493,15542
6407,5494,15545
6408,5495,15546
6409,5496,15551
6410,5497,15554
6411,5498,15558
6412,5499,15559
6413,5500,15560
6414,5500,15561
6415,5501,15561
6416,5502,15563
6417,5502,15564
6418,5503,15562
6419,5504,15571
6420,5505,15573
6421,5506,15574
6422,5507,15575
6423,5508,15577
6424,5508,15576
6425,5509,15579
6426,5510,15581
6427,5511,15584
6428,5511,15585
6429,5512,15585
6430,5513,15587
6431,5514,15591
6432,5515,15596
6433,5516,15600
6434,5517,15601
6435,5518,15604
6436,5519,15611
6437,5520,15610
6438,5520,15612
6439,5521,15614
6440,5522,15618
6441,5523,15617
6442,5524,15625
6443,5525,15626
6444,5526,15631
6445,5527,15633
6446,5527,15634
6447,5528,15638
6448,5529,15645
6449,5530,15646
6450,5531,15648
6451,5532,15652
6452,5533,15657
6453,5534,15659
6454,5535,15663
6455,5536,15660
6456,5537,15664
6457,5538,15665
6458,5539,15667
6459,5539,15668
6460,5540,15670
6461,5541,15672
6462,5541,15674
6463,5542,15677
6464,5543,15678
6465,5544,15679
6466,5545,15680
6467,5546,15681
6468,5547,15685
6469,5548,15686
6470,5548,15687
6471,5549,15691
6472,5550,15703
6473,5551,15701
6474,5552,15704
6475,5553,15708
6476,5554,15709
6477,5555,15718
6478,5556,15727
6479,5557,15730
6480,5557,15729
6481,5558,15732
6482,5559,15731
6483,5559,15732
6484,5560,15737
6485,5560,15738
6486,5561,15738
6487,5562,15739
6488,5563,15743
6489,5564,15748
6490,5565,15749
6491,5566,15752
6492,5566,15750
6493,5567,15750
6494,5568,15760
6495,5569,15763
6496,5569,15765
6497,5570,15765
6498,5571,15773
6499,5571,15771
6500,5572,15772
6501,5573,15775
6502,5574,15786
6503,5574,15784
6504,5575,15789
6505,5575,15787
6506,5576,15788
6507,5576,15789
6508,5577,15791
6509,5578,15794
6510,5579,15799
6511,5580,15796
6512,5581,15800
6513,5582,15801
6514,5583,15806
6515,5584,15809
6516,5585,15810
6517,5586,15813
6518,5587,15814
6519,5588,15815
6520,5589,15817
6521,5589,15816
6522,5590,15822
6523,5591,15821
6524,5591,15823
6525,5592,15825
6526,5593,15824
6527,5594,15826
6528,5595,15830
6529,5596,15834
6530,5597,15832
6531,5597,15831
6532,5598,15836
6533,5599,15837
6534,5600,15846
6535,5601,15848
6536,5602,15852
6537,5602,15849
6538,5603,15849
6539,5604,15857
6540,5605,15860
6541,5606,15862
6542,5607,15866
6543,5608,15871
6544,5609,15870
6545,5610,15873
6546,5611,15878
6547,5612,15885
6548,5613,15886
6549,5614,15888
6550,5614,15887
6551,5615,15887
6552,5616,15889
6553,5617,15890
6554,5618,15893
6555,5619,15900
6556,5620,15899
6557,5621,15904
6558,5622,15907
6559,5623,15909
6560,5624,15910
6561,5625,15912
6562,5626,15913
6563,5627,15915
6564,5628,15914
6565,5629,15927
6566,5630,15924
6567,5630,15925
6568,5631,15930
6569,5632,15929
6570,5632,15930
6571,5633,15932
6572,5634,15931
6573,5635,15935
6574,5636,15936
6575,5637,15937
6576,5638,15944
6577,5639,15945
6578,5640,15947
6579,5641,15949
6580,5642,15950
6581,5643,15955
6582,5644,15956
6583,5645,15962
6584,5646,15961
6585,5647,15964
6586,5647,15965
6587,5648,15972
6588,5649,15974
6589,5650,15985
6590,5651,15982
6591,5652,15986
6592,5653,15991
6593,5654,15996
6594,5655,15999
6595,5656,16000
6596,5657,16002
6597,5657,16001
6598,5658,16001
6599,5659,16004
6600,5660,16009
6601,5661,16013
6602,5662,16015
6603,5663,16014
6604,5663,16015
6605,5664,16017
6606,5665,16024
6607,5666,16023
6608,5667,16026
6609,5668,16028
6610,5669,16027
6611,5669,16028
6612,5670,16029
6613,5671,16030
6614,5672,16031
6615,5673,16044
6616,5674,16045
6617,5675,16049
6618,5676,16047
6619,5677,16051
6620,5678,16055
6621,5679,16062
6622,5680,16063
6623,5681,16066
6624,5682,16070
6625,5682,16068
6626,5683,16068
6627,5684,16074
6628,5685,16073
6629,5686,16075
6630,5687,16078
6631,5688,16084
6632,5689,16085
6633,5690,16093
6634,5691,16094
6635,5692,16096
6636,5693,16098
6637,5694,16100
6638,5695,16099
6639,5695,16100
6640,5696,16101
6641,5697,16105
6642,5698,16104
6643,5699,16106
6644,5700,16121
6645,5701,16120
6646,5701,16122
6647,5702,16124
6648,5703,16125
6649,5704,16127
6650,5704,16128
6651,5705,16128
6652,5706,16130
6653,5707,16129
6654,5708,16134
6655,5709,16136
6656,5710,16141
6657,5711,16145
6658,5711,16146
6659,5712,16146
6660,5713,16147
6661,5714,16150
6662,5715,16152
6663,5715,16151
6664,5716,16153
6665,5716,16154
6666,5717,16157
6667,5718,16159
6668,5719,16158
6669,5720,16161
6670,5720,16162
6671,5721,16160
6672,5722,16164
6673,5723,16167
6674,5724,16166
6675,5725,16168
6676,5726,16171
6677,5727,16174
6678,5727,16175
6679,5728,16180
6680,5729,16181
6681,5730,16187
6682,5731,16190
6683,5732,16192
6684,5732,16194
6685,5733,16194
6686,5734,16195
6687,5735,16196
6688,5736,16198
6689,5737,16197
6690,5738,16201
6691,5738,16199
6692,5739,16200
6693,5740,16203
6694,5741,16208
6695,5741,16206
6696,5742,16211
6697,5743,16212
6698,5744,16215
6699,5745,16219
6700,5746,16218
6701,5747,16222
6702,5748,16224
6703,5749,16234
6704,5750,16236
6705,5751,16241
6706,5752,16243
6707,5752,16242
6708,5753,16245
6709,5754,16248
6710,5755,16249
6711,5756,16251
6712,5757,16253
6713,5758,16254
6714,5759,16255
6715,5760,16256
6716,5760,16255
6717,5761,16261
6718,5762,16262
6719,5762,16261
6720,5763,16266
6721,5764,16265
6722,5765,16268
6723,5766,16269
6724,5766,16270
6725,5767,16272
6726,5768,16282
6727,5769,16281
6728,5769,16282
6729,5770,16296
6730,5770,16297
6731,5771,16298
6732,5772,16305
6733,5773,16304
6734,5774,16310
6735,5775,16320
6736,5775,16319
6737,5776,16321
6738,5777,16323
6739,5778,16322
6740,5779,16326
6741,5780,16325
6742,5781,16333
6743,5782,16335
6744,5783,16336
6745,5784,16338
6746,5785,16341
6747,5786,16342
6748,5787,16343
6749,5788,16345
6750,5789,16346
6751,5790,16350
6752,5791,16353
6753,5792,16355
6754,5793,16357
6755,5794,16364
6756,5794,16362
6757,5795,16368
6758,5795,16367
6759,5796,16365
6760,5796,16368
6761,5797,16372
6762,5798,16370
6763,5799,16373
6764,5800,16378
6765,5801,16380
6766,5802,16381
6767,5802,16380
6768,5803,16382
6769,5804,16384
6770,5805,16388
6771,5806,16394
6772,5807,16395
6773,5808,16397
6774,5809,16399
6775,5810,16403
6776,5811,16406
6777,5812,16405
6778,5812,16406
6779,5813,16407
6780,5814,16409
6781,5815,16408
6782,5816,16413
6783,5817,16414
6784,5817,16415
6785,5818,16421
6786,5819,16422
6787,5820,16423
6788,5821,16424
6789,5822,16426
6790,5823,16427
6791,5824,16428
6792,5825,16432
6793,5825,16431
6794,5826,16434
6795,5827,16436
6796,5828,16435
6797,5829,16438
6798,5830,16441
6799,5830,16440
6800,5831,16440
6801,5832,16443
6802,5833,16447
6803,5834,16446
6804,5835,16448
6805,5836,16457
6806,5837,16461
6807,5838,16463
6808,5839,16465
6809,5840,16468
6810,5841,16472
6811,5842,16476
6812,5842,16477
6813,5843,16483
6814,5844,16484
6815,5845,16486
6816,5846,16492
6817,5847,16494
6818,5848,16496
6819,5848,16497
6820,5849,16499
6821,5850,16500
6822,5851,16503
6823,5852,16506
6824,5853,16513
6825,5854,16514
6826,5854,16511
6827,5855,16515
6828,5856,16516
6829,5857,16519
6830,5858,16523
6831,5859,16524
6832,5860,16525
6833,5861,16531
6834,5862,16533
6835,5863,16535
6836,5864,16538
6837,5865,16536
6838,5866,16539
6839,5867,16544
6840,5868,16543
6841,5869,16548
6842,5870,16547
6843,5871,16550
6844,5872,16551
6845,5873,16554
6846,5873,16553
6847,5874,16556
6848,5875,16562
6849,5876,16565
6850,5877,16564
6851,5878,16566
6852,5879,16568
6853,5880,16570
6854,5881,16574
6855,5882,16577
6856,5883,16576
6857,5883,16577
6858,5884,16580
6859,5885,16583
6860,5886,16586
6861,5886,16584
6862,5887,16587
6863,5888,16588
6864,5889,16593
6865,5890,16595
6866,5891,16596
6867,5892,16597
6868,5893,16598
6869,5894,16599
6870,5895,16603
6871,5896,16601
6872,5897,16605
6873,5898,16607
6874,5899,16609
6875,5899,16608
6876,5900,16608
6877,5901,16610
6878,5902,16613
6879,5903,16617
6880,5904,16618
6881,5905,16621
6882,5905,16619
6883,5906,16619
6884,5907,16627
6885,5907,16629
6886,5908,16630
6887,5909,16633
6888,5910,16634
6889,5911,16635
6890,5912,16638
6891,5913,16643
6892,5914,16647
6893,5915,16657
6894,5915,16659
6895,5916,16656
6896,5917,16660
6897,5917,16661
6898,5918,16661
6899,5919,16663
6900,5920,16666
6901,5921,16669
6902,5922,16667
6903,5923,16671
6904,5924,16673
6905,5925,16675
6906,5926,16676
6907,5927,16682
6908,5927,16681
6909,5928,16681
6910,5929,16684
6911,5930,16683
6912,5931,16687
6913,5932,16686
6914,5932,16688
6915,5933,16690
6916,5934,16692
6917,5935,16693
6918,5936,16696
6919,5937,16697
6920,5938,16698
6921,5939,16710
6922,5940,16709
6923,5941,16712
6924,5942,16727
6925,5943,16728
6926,5944,16729
6927,5944,16728
6928,5945,16736
6929,5946,16737
6930,5947,16739
6931,5948,16738
6932,5949,16742
6933,5950,16748
6934,5951,16746
6935,5952,16751
6936,5953,16752
6937,5953,16751
6938,5954,16756
6939,5955,16762
6940,5955,16761
6941,5956,16763
6942,5956,16761
6943,5957,16766
6944,5957,16765
6945,5958,16767
6946,5959,16770
6947,5960,16771
6948,5961,16772
6949,5962,16774
6950,5962,16773
6951,5963,16776
6952,5963,16775
6953,5964,16777
6954,5965,16778
6955,5966,16779
6956,5967,16782
6957,5968,16788
6958,5969,16794
6959,5970,16798
6960,5971,16797
6961,5972,16805
6962,5973,16807
6963,5974,16808
6964,5974,16810
6965,5975,16811
6966,5976,16814
6967,5977,16820
6968,5978,16824
6969,5979,16833
6970,5980,16835
6971,5981,16838
6972,5982,16846
6973,5983,16849
6974,5984,16856
6975,5985,16853
6976,5986,16857
6977,5987,16858
6978,5988,16859
6979,5989,16860
6980,5990,16864
6981,5991,16870
6982,5992,16871
6983,5993,16875
6984,5994,16876
6985,5995,16877
6986,5996,16892
6987,5997,16893
6988,5998,16898
6989,5999,16897
6990,6000,16906
6991,6001,16918
6992,6002,16917
6993,6002,16918
6994,6003,16923
6995,6004,16921
6996,6004,16923
6997,6005,16931
6998,6006,16934
6999,6007,16933
7000,6007,16934
7001,6008,16935
7002,6009,16940
7003,6009,16942
7004,6010,16943
7005,6011,16946
7006,6012,16945
7007,6013,16950
7008,6013,16948
7009,6014,16952
7010,6015,16955
7011,6016,16958
7012,6017,16957
7013,6018,16960
7014,6019,16962
7015,6020,16961
7016,6021,16973
7017,6022,16972
7018,6023,16978
7019,6024,16980
7020,6025,16985
7021,6025,16984
7022,6026,16994
7023,6027,17004
7024,6028,17007
7025,6029,17012
7026,6030,17014
7027,6031,17015
7028,6032,17018
7029,6033,17016
7030,6033,17017
7031,6034,17020
7032,6035,17022
7033,6036,17023
7034,6037,17026
7035,6038,17034
7036,6039,17037
7037,6040,17043
7038,6041,17046
7039,6042,17047
7040,6043,17048
7041,6043,17047
7042,6044,17050
7043,6045,17049
7044,6046,17052
7045,6047,17054
7046,6048,17056
7047,6048,17054
7048,6049,17057
7049,6050,17058
7050,6050,17060
7051,6051,17061
7052,6052,17065
7053,6053,17070
7054,6053,17068
7055,6054,17073
7056,6055,17078
7057,6056,17082
7058,6057,17087
7059,6057,17088
7060,6058,17090
7061,6059,17089
7062,6060,17091
7063,6061,17100
7064,6062,17101
7065,6063,17102
7066,6064,17111
7067,6065,17115
7068,6066,17116
7069,6067,17119
7070,6068,17123
7071,6069,17122
7072,6069,17121
7073,6070,17125
7074,6071,17124
7075,6072,17129
7076,6073,17130
7077,6074,17131
7078,6075,17134
7079,6076,17133
7080,6077,17136
7081,6078,17137
7082,6079,17141
7083,6079,17140
7084,6080,17140
7085,6080,17141
7086,6081,17142
7087,6082,17146
7088,6083,17147
7089,6084,17150
7090,6085,17152
7091,6086,17153
7092,6087,17155
7093,6088,17161
7094,6089,17165
7095,6090,17166
7096,6091,17167
7097,6092,17169
7098,6093,17178
7099,6093,17177
7100,6094,17177
7101,6095,17179
7102,6096,17187
7103,6097,17186
7104,6097,17187
7105,6098,17188
7106,6099,17189
7107,6100,17192
7108,6101,17191
7109,6102,17193
7110,6103,17194
7111,6104,17195
7112,6105,17196
7113,6106,17209
7114,6106,17208
7115,6107,17213
7116,6108,17216
7117,6109,17214
7118,6109,17215
7119,6110,17221
7120,6111,17223
7121,6112,17224
7122,6113,17226
7123,6114,17231
7124,6115,17229
7125,6116,17232
7126,6117,17234
7127,6118,17237
7128,6119,17249
7129,6120,17251
7130,6121,17252
7131,6122,17253
7132,6123,17256
7133,6124,17259
7134,6125,17257
7135,6125,17258
7136,6126,17261
7137,6126,17262
7138,6127,17262
7139,6128,17266
7140,6129,17264
7141,6130,17269
7142,6131,17268
7143,6132,17272
7144,6132,17273
7145,6133,17279
7146,6134,17286
7147,6135,17288
7148,6135,17290
7149,6136,17295
7150,6137,17301
7151,6138,17303
7152,6138,17305
7153,6139,17312
7154,6140,17313
7155,6141,17314
7156,6142,17319
7157,6142,17317
7158,6143,17321
7159,6144,17320
7160,6145,17325
7161,6146,17328
7162,6147,17329
7163,6148,17336
7164,6148,17334
7165,6149,17337
7166,6150,17338
7167,6151,17339
7168,6152,17341
7169,6153,17344
7170,6154,17347
7171,6155,17348
7172,6156,17349
7173,6157,17350
7174,6158,17351
7175,6159,17363
7176,6160,17366
7177,6161,17365
7178,6162,17368
7179,6163,17369
7180,6164,17372
7181,6165,17373
7182,6166,17374
7183,6166,17376
7184,6167,17375
7185,6168,17378
7186,6169,17379
7187,6170,17382
7188,6171,17381
7189,6172,17383
7190,6173,17385
7191,6174,17391
7192,6175,17395
7193,6176,17400
7194,6177,17402
7195,6178,17404
7196,6179,17405
7197,6179,17404
7198,6180,17408
7199,6181,17411
7200,6181,17413
7201,6182,17416
7202,6183,17421
7203,6183,17422
7204,6184,17420
7205,6185,17423
7206,6186,17424
7207,6187,17426
7208,6188,17427
7209,6188,17426
7210,6189,17432
7211,6190,17435
7212,6191,17443
7213,6192,17447
7214,6193,17448
7215,6194,17451
7216,6195,17450
7217,6196,17452
7218,6197,17453
7219,6198,17458
7220,6199,17459
7221,6200,17461
7222,6201,17462
7223,6202,17464
7224,6203,17467
7225,6204,17472
7226,6205,17470
7227,6206,17475
7228,6207,17474
7229,6207,17475
7230,6208,17477
7231,6209,17483
7232,6210,17481
7233,6211,17491
7234,6212,17492
7235,6213,17493
7236,6214,17495
7237,6215,17496
7238,6216,17497
7239,6217,17498
7240,6218,17501
7241,6219,17500
7242,6219,17501
7243,6220,17503
7244,6220,17502
7245,6221,17502
7246,6222,17513
7247,6223,17518
7248,6224,17519
7249,6225,17522
7250,6225,17525
7251,6226,17524
7252,6227,17528
7253,6228,17531
7254,6229,17533
7255,6230,17536
7256,6231,17538
7257,6232,17539
7258,6233,17544
7259,6234,17546
7260,6235,17548
7261,6236,17553
7262,6236,17550
7263,6237,17550
7264,6238,17555
7265,6239,17561
7266,6240,17563
7267,6241,17567
7268,6241,17566
7269,6242,17568
7270,6243,17572
7271,6244,17571
7272,6245,17573
7273,6246,17577
7274,6247,17578
7275,6248,17579
7276,6249,17587
7277,6250,17589
7278,6251,17588
7279,6251,17589
7280,6252,17591
7281,6253,17595
7282,6253,17592
7283,6254,17593
7284,6255,17596
7285,6256,17598
7286,6257,17597
7287,6258,17601
7288,6259,17606
7289,6260,17604
7290,6261,17611
7291,6262,17612
7292,6263,17615
7293,6264,17614
7294,6265,17617
7295,6266,17618
7296,6267,17619
7297,6268,17621
7298,6269,17627
7299,6270,17632
7300,6271,17634
7301,6272,17638
7302,6272,17639
7303,6273,17644
7304,6274,17646
7305,6275,17647
7306,6276,17654
7307,6277,17655
7308,6278,17656
7309,6279,17661
7310,6280,17660
7311,6281,17662
7312,6282,17666
7313,6283,17669
7314,6284,17676
7315,6285,17679
7316,6286,17680
7317,6287,17683
7318,6288,17688
7319,6289,17693
7320,6290,17698
7321,6291,17702
7322,6292,17701
7323,6293,17704
7324,6294,17705
7325,6295,17708
7326,6296,17710
7327,6297,17715
7328,6297,17716
7329,6298,17716
7330,6299,17718
7331,6300,17720
7332,6301,17722
7333,6302,17723
7334,6303,17730
7335,6303,17732
7336,6304,17733
7337,6305,17735
7338,6306,17736
7339,6307,17741
7340,6308,17743
7341,6308,17744
7342,6309,17744
7343,6310,17745
7344,6311,17749
7345,6312,17747
7346,6313,17753
7347,6313,17750
7348,6314,17752
7349,6315,17754
7350,6316,17758
7351,6317,17759
7352,6318,17762
7353,6318,17763
7354,6319,17760
7355,6320,17765
7356,6321,17767
7357,6321,17769
7358,6322,17766
7359,6323,17773
7360,6324,17771
7361,6324,17772
7362,6325,17777
7363,6326,17781
7364,6327,17780
7365,6327,17779
7366,6328,17783
7367,6329,17788
7368,6330,17786
7369,6331,17791
7370,6332,17792
7371,6333,17793
7372,6334,17806
7373,6335,17805
7374,6335,17804
7375,6336,17809
7376,6337,17820
7377,6337,17821
7378,6338,17826
7379,6339,17832
7380,6340,17835
7381,6341,17838
7382,6342,17839
7383,6342,17840
7384,6343,17840
7385,6344,17844
7386,6345,17842
7387,6346,17845
7388,6347,17846
7389,6348,17856
7390,6349,17857
7391,6350,17871
7392,6351,17872
7393,6352,17877
7394,6353,17875
7395,6353,17877
7396,6354,17882
7397,6355,17883
7398,6356,17893
7399,6357,17894
7400,6358,17896
7401,6359,17898
7402,6359,17897
7403,6360,17903
7404,6361,17900
7405,6362,17916
7406,6363,17915
7407,6364,17917
7408,6364,17918
7409,6365,17919
7410,6366,17929
7411,6366,17927
7412,6367,17930
7413,6368,17937
7414,6368,17935
7415,6369,17935
7416,6370,17943
7417,6371,17944
7418,6372,17946
7419,6373,17948
7420,6374,17954
7421,6375,17960
7422,6375,17961
7423,6376,17959
7424,6377,17962
7425,6378,17963
7426,6379,17967
7427,6380,17969
7428,6381,17972
7429,6382,17974
7430,6382,17976
7431,6383,17979
7432,6384,17978
7433,6385,17980
7434,6386,17989
7435,6387,17992
7436,6388,17995
7437,6389,17999
7438,6390,18002
7439,6391,18000
7440,6392,18003
7441,6393,18010
7442,6394,18017
7443,6395,18016
7444,6396,18019
7445,6397,18022
7446,6398,18023
7447,6399,18027
7448,6400,18028
7449,6401,18029
7450,6402,18031
7451,6403,18033
7452,6404,18034
7453,6405,18042
7454,6406,18043
7455,6407,18047
7456,6408,18050
7457,6408,18048
7458,6409,18048
7459,6409,18049
7460,6410,18051
7461,6411,18052
7462,6412,18068
7463,6413,18069
7464,6414,18073
7465,6415,18074
7466,6416,18078
7467,6417,18079
7468,6417,18076
7469,6418,18084
7470,6419,18087
7471,6420,18091
7472,6421,18093
7473,6421,18092
7474,6422,18092
7475,6423,18094
7476,6423,18096
7477,6424,18096
7478,6425,18100
7479,6426,18102
7480,6427,18103
7481,6428,18105
7482,6429,18108
7483,6430,18112
7484,6431,18116
7485,6432,18115
7486,6433,18118
7487,6434,18117
7488,6435,18119
7489,6436,18131
7490,6437,18132
7491,6438,18135
7492,6439,18136
7493,6440,18138
7494,6441,18137
7495,6441,18138
7496,6442,18139
7497,6443,18141
7498,6444,18142
7499,6445,18144
7500,6446,18145
7501,6447,18153
7502,6448,18152
7503,6449,18156
7504,6449,18155
7505,6450,18155
7506,6451,18158
7507,6452,18160
7508,6453,18159
7509,6454,18161
7510,6455,18162
7511,6456,18166
7512,6457,18169
7513,6457,18168
7514,6458,18171
7515,6459,18173
7516,6460,18176
7517,6461,18177
7518,6462,18178
7519,6463,18181
7520,6464,18180
7521,6465,18183
7522,6466,18188
7523,6467,18186
7524,6468,18191
7525,6469,18192
7526,6470,18199
7527,6471,18200
7528,6472,18206
7529,6473,18205
7530,6473,18206
7531,6474,18207
7532,6475,18209
7533,6476,18210
7534,6477,18211
7535,6478,18212
7536,6479,18213
7537,6480,18217
7538,6481,18215
7539,6482,18219
7540,6483,18221
7541,6484,18226
7542,6485,18224
7543,6486,18227
7544,6486,18229
7545,6487,18229
7546,6488,18237
7547,6489,18236
7548,6490,18238
7549,6490,18240
7550,6491,18241
7551,6492,18247
7552,6492,18248
7553,6493,18248
7554,6494,18249
7555,6494,18250
7556,6495,18253
7557,6496,18254
7558,6497,18255
7559,6498,18258
7560,6498,18257
7561,6499,18256
7562,6500,18261
7563,6501,18259
7564,6502,18275
7565,6503,18276
7566,6504,18277
7567,6504,18278
7568,6505,18279
7569,6506,18280
7570,6507,18288
7571,6508,18287
7572,6509,18289
7573,6509,18290
7574,6510,18291
7575,6510,18289
7576,6511,18293
7577,6512,18294
7578,6513,18298
7579,6514,18297
7580,6515,18301
7581,6516,18308
7582,6517,18313
7583,6517,18314
7584,6518,18314
7585,6519,18315
7586,6520,18317
7587,6521,18318
7588,6521,18319
7589,6522,18320
7590,6522,18319
7591,6523,18322
7592,6524,18323
7593,6525,18330
7594,6526,18332
7595,6527,18333
7596,6528,18334
7597,6529,18335
7598,6530,18337
7599,6531,18343
7600,6532,18346
7601,6533,18345
7602,6534,18347
7603,6535,18348
7604,6536,18350
7605,6537,18351
7606,6538,18355
7607,6539,18356
7608,6540,18357
7609,6541,18358
7610,6542,18362
7611,6543,18365
7612,6544,18372
7613,6545,18378
7614,6546,18381
7615,6546,18380
7616,6547,18380
7617,6548,18386
7618,6549,18388
7619,6549,18387
7620,6550,18387
7621,6550,18388
7622,6551,18389
7623,6552,18392
7624,6553,18398
7625,6554,18404
7626,6555,18403
7627,6556,18410
7628,6557,18422
7629,6557,18421
7630,6558,18419
7631,6559,18443
7632,6559,18442
7633,6560,18442
7634,6560,18443
7635,6561,18449
7636,6562,18456
7637,6562,18455
7638,6563,18455
7639,6564,18460
7640,6565,18461
7641,6566,18465
7642,6567,18468
7643,6568,18471
7644,6569,18477
7645,6570,18476
7646,6571,18479
7647,6572,18481
7648,6573,18488
7649,6574,18487
7650,6575,18489
7651,6576,18493
7652,6577,18494
7653,6578,18499
7654,6579,18500
7655,6580,18508
7656,6581,18510
7657,6582,18519
7658,6582,18520
7659,6583,18521
7660,6584,18522
7661,6585,18523
7662,6586,18525
7663,6587,18529
7664,6588,18530
7665,6589,18532
7666,6590,18535
7667,6590,18534
7668,6591,18533
7669,6592,18537
7670,6593,18541
7671,6594,18539
7672,6595,18542
7673,6596,18546
7674,6596,18544
7675,6597,18550
7676,6598,18555
7677,6599,18552
7678,6600,18558
7679,6601,18559
7680,6602,18560
7681,6602,18561
7682,6603,18561
7683,6604,18564
7684,6605,18565
7685,6606,18566
7686,6607,18569
7687,6608,18574
7688,6608,18575
7689,6609,18573
7690,6610,18577
7691,6611,18578
7692,6612,18580
7693,6613,18581
7694,6614,18582
7695,6615,18583
7696,6616,18584
7697,6617,18591
7698,6618,18599
7699,6618,18600
7700,6619,18600
7701,6620,18607
7702,6621,18608
7703,6622,18609
7704,6623,18614
7705,6624,18613
7706,6625,18615
7707,6626,18616
7708,6627,18621
7709,6628,18624
7710,6629,18628
7711,6630,18632
7712,6631,18634
7713,6632,18635
7714,6632,18634
7715,6633,18638
7716,6633,18636
7717,6634,18637
7718,6635,18640
7719,6636,18641
7720,6637,18642
7721,6638,18643
7722,6639,18645
7723,6639,18644
7724,6640,18644
7725,6641,18647
7726,6642,18646
7727,6643,18652
7728,6644,18650
7729,6645,18657
7730,6646,18656
7731,6647,18659
7732,6648,18658
7733,6649,18662
7734,6650,18664
7735,6651,18665
7736,6652,18673
7737,6653,18677
7738,6654,18688
7739,6655,18691
7740,6656,18689
7741,6657,18693
7742,6658,18706
7743,6659,18704
7744,6660,18718
7745,6661,18721
7746,6661,18720
7747,6662,18723
7748,6663,18724
7749,6664,18726
7750,6665,18727
7751,6665,18728
7752,6666,18728
7753,6667,18730
7754,6668,18734
7755,6669,18733
7756,6670,18744
7757,6671,18745
7758,6672,18750
7759,6672,18749
7760,6673,18753
7761,6674,18758
7762,6674,18756
7763,6675,18759
7764,6676,18760
7765,6677,18762
7766,6678,18766
7767,6679,18767
7768,6680,18774
7769,6680,18775
7770,6681,18775
7771,6682,18780
7772,6683,18779
7773,6684,18781
7774,6684,18782
7775,6685,18782
7776,6686,18783
7777,6687,18786
7778,6688,18789
7779,6689,18791
7780,6690,18790
7781,6691,18801
7782,6692,18803
7783,6693,18805
7784,6694,18810
7785,6695,18815
7786,6696,18813
7787,6697,18816
7788,6698,18819
7789,6699,18820
7790,6700,18821
7791,6701,18822
7792,6702,18825
7793,6702,18826
7794,6703,18830
7795,6703,18828
7796,6704,18831
7797,6705,18840
7798,6706,18842
7799,6706,18841
7800,6707,18841
7801,6708,18844
7802,6709,18845
7803,6710,18846
7804,6711,18856
7805,6712,18857
7806,6713,18858
7807,6714,18864
7808,6715,18865
7809,6716,18873
7810,6717,18874
7811,6718,18883
7812,6719,18885
7813,6720,18889
7814,6720,18891
7815,6721,18888
7816,6721,18890
7817,6722,18894
7818,6722,18893
7819,6723,18896
7820,6724,18899
7821,6725,18900
7822,6726,18901
7823,6727,18905
7824,6728,18906
7825,6729,18913
7826,6730,18921
7827,6731,18922
7828,6732,18923
7829,6733,18929
7830,6734,18935
7831,6735,18938
7832,6736,18944
7833,6737,18942
7834,6738,18945
7835,6738,18946
7836,6739,18953
7837,6740,18959
7838,6741,18958
7839,6741,18960
7840,6742,18964
7841,6743,18963
7842,6744,18966
7843,6745,18965
7844,6746,18967
7845,6747,18969
7846,6748,18971
7847,6749,18978
7848,6750,18977
7849,6750,18978
7850,6751,18979
7851,6752,18982
7852,6753,18985
7853,6754,18986
7854,6755,18990
7855,6756,18993
7856,6757,18992
7857,6758,18995
7858,6759,18996
7859,6760,18998
7860,6761,19000
7861,6762,19002
7862,6762,19001
7863,6763,19004
7864,6764,19003
7865,6765,19011
7866,6766,19014
7867,6767,19015
7868,6768,19016
7869,6768,19017
7870,6769,19017
7871,6770,19022
7872,6771,19024
7873,6772,19023
7874,6773,19028
7875,6773,19027
7876,6774,19027
7877,6775,19032
7878,6776,19030
7879,6777,19033
7880,6778,19035
7881,6779,19036
7882,6780,19045
7883,6781,19047
7884,6782,19048
7885,6783,19049
7886,6784,19058
7887,6785,19057
7888,6786,19060
7889,6787,19062
7890,6788,19064
7891,6789,19065
7892,6790,19066
7893,6791,19067
7894,6792,19071
7895,6792,19069
7896,6793,19074
7897,6793,19072
7898,6794,19078
7899,6795,19076
7900,6796,19083
7901,6797,19085
7902,6798,19091
7903,6799,19095
7904,6800,19092
7905,6801,19106
7906,6802,19112
7907,6803,19111
7908,6803,19112
7909,6804,19113
7910,6805,19116
7911,6806,19118
7912,6807,19120
7913,6808,19126
7914,6808,19127
7915,6809,19129
7916,6810,19132
7917,6811,19135
7918,6812,19134
7919,6813,19139
7920,6814,19141
7921,6815,19145
7922,6816,19146
7923,6817,19147
7924,6818,19148
7925,6819,19150
7926,6819,19152
7927,6820,19157
7928,6821,19161
7929,6822,19165
7930,6823,19166
7931,6824,19174
7932,6825,19184
7933,6826,19185
7934,6827,19191
7935,6828,19192
7936,6828,19193
7937,6829,19193
7938,6829,19192
7939,6830,19194
7940,6831,19198
7941,6832,19200
7942,6833,19205
7943,6834,19203
7944,6835,19208
7945,6836,19206
7946,6837,19209
7947,6838,19212
7948,6838,19211
7949,6839,19214
7950,6839,19213
7951,6840,19213
7952,6840,19214
7953,6841,19217
7954,6842,19220
7955,6843,19218
7956,6843,19220
7957,6844,19222
7958,6845,19221
7959,6846,19232
7960,6846,19233
7961,6847,19235
7962,6848,19238
7963,6849,19237
7964,6849,19238
7965,6850,19240
7966,6851,19242
7967,6852,19248
7968,6853,19247
7969,6854,19249
7970,6855,19254
7971,6856,19261
7972,6857,19259
7973,6858,19266
7974,6859,19268
7975,6860,19267
7976,6860,19268
7977,6861,19271
7978,6862,19273
7979,6862,19272
7980,6863,19274
7981,6864,19275
7982,6865,19276
7983,6866,19278
7984,6867,19280
7985,6868,19281
7986,6869,19282
7987,6870,19288
7988,6871,19291
7989,6872,19298
7990,6873,19303
7991,6874,19302
7992,6875,19308
7993,6876,19309
7994,6876,19308
7995,6877,19322
7996,6878,19323
7997,6879,19328
7998,6880,19329
7999,6881,19332
8000,6882,19331
8001,6883,19335
8002,6884,19340
8003,6884,19339
8004,6885,19338
8005,6886,19344
8006,6886,19346
8007,6887,19346
8008,6888,19348
8009,6889,19350
8010,6890,19355
8011,6890,19356
8012,6891,19357
8013,6892,19364
8014,6893,19367
8015,6894,19370
8016,6895,19371
8017,6896,19374
8018,6896,19373
8019,6897,19376
8020,6898,19388
8021,6899,19386
8022,6900,19390
8023,6901,19389
8024,6901,19390
8025,6902,19393
8026,6903,19403
8027,6904,19405
8028,6905,19406
8029,6906,19410
8030,6907,19412
8031,6908,19413
8032,6908,19415
8033,6909,19421
8034,6910,19427
8035,6911,19428
8036,6912,19429
8037,6913,19432
8038,6914,19434
8039,6915,19440
8040,6916,19439
8041,6917,19442
8042,6918,19446
8043,6919,19447
8044,6920,19450
8045,6921,19452
8046,6922,19453
8047,6923,19454
8048,6924,19459
8049,6925,19474
8050,6926,19473
8051,6927,19476
8052,6928,19478
8053,6928,19477
8054,6929,19479
8055,6930,19480
8056,6930,19482
8057,6931,19484
8058,6932,19485
8059,6932,19484
8060,6933,19486
8061,6934,19489
8062,6935,19491
8063,6935,19490
8064,6936,19490
8065,6937,19492
8066,6938,19493
8067,6938,19492
8068,6939,19495
8069,6940,19498
8070,6941,19499
8071,6942,19502
8072,6943,19504
8073,6944,19507
8074,6945,19512
8075,6946,19514
8076,6947,19518
8077,6948,19517
8078,6949,19521
8079,6950,19522
8080,6951,19523
8081,6952,19525
8082,6953,19524
8083,6954,19532
8084,6955,19540
8085,6956,19542
8086,6957,19541
8087,6958,19546
8088,6959,19547
8089,6960,19548
8090,6961,19549
8091,6962,19554
8092,6963,19551
8093,6964,19564
8094,6965,19568
8095,6966,19567
8096,6967,19570
8097,6968,19572
8098,6969,19575
8099,6970,19573
8100,6970,19575
8101,6971,19578
8102,6972,19579
8103,6972,19578
8104,6973,19582
8105,6974,19580
8106,6975,19583
8107,6976,19587
8108,6976,19586
8109,6977,19586
8110,6978,19589
8111,6978,19590
8112,6979,19596
8113,6980,19597
8114,6981,19602
8115,6982,19606
8116,6983,19610
8117,6984,19618
8118,6985,19617
8119,6986,19619
8120,6987,19625
8121,6988,19630
8122,6989,19631
8123,6990,19635
8124,6991,19638
8125,6992,19639
8126,6993,19642
8127,6994,19649
8128,6995,19648
8129,6995,19649
8130,6996,19650
8131,6997,19651
8132,6998,19652
8133,6998,19651
8134,6999,19653
8135,7000,19656
8136,7000,19655
8137,7001,19659
8138,7002,19658
8139,7003,19661
8140,7004,19665
8141,7005,19674
8142,7006,19673
8143,7007,19684
8144,7008,19683
8145,7009,19685
8146,7010,19686
8147,7011,19691
8148,7012,19690
8149,7013,19694
8150,7014,19697
8151,7015,19699
8152,7016,19701
8153,7017,19702
8154,7017,19703
8155,7018,19704
8156,7019,19705
8157,7020,19713
8158,7021,19715
8159,7022,19718
8160,7023,19720
8161,7024,19723
8162,7025,19726
8163,7026,19729
8164,7027,19735
8165,7027,19736
8166,7028,19744
8167,7029,19749
8168,7030,19748
8169,7031,19758
8170,7031,19759
8171,7032,19761
8172,7033,19760
8173,7034,19764
8174,7035,19763
8175,7036,19765
8176,7037,19768
8177,7038,19772
8178,7039,19778
8179,7040,19779
8180,7041,19780
8181,7042,19783
8182,7043,19785
8183,7044,19789
8184,7045,19792
8185,7046,19791
8186,7047,19798
8187,7048,19800
8188,7049,19801
8189,7049,19800
8190,7050,19804
8191,7051,19809
8192,7052,19813
8193,7053,19811
8194,7054,19815
8195,7055,19829
8196,7056,19832
8197,7057,19838
8198,7058,19840
8199,7059,19848
8200,7060,19846
8201,7060,19848
8202,7061,19849
8203,7062,19850
8204,7063,19851
8205,7064,19852
8206,7064,19854
8207,7065,19853
8208,7065,19852
8209,7066,19859
8210,7067,19863
8211,7068,19866
8212,7069,19872
8213,7070,19870
8214,7071,19881
8215,7072,19882
8216,7072,19881
8217,7073,19883
8218,7074,19884
8219,7075,19885
8220,7075,19884
8221,7076,19890
8222,7077,19898
8223,7078,19902
8224,7079,19905
8225,7080,19904
8226,7081,19909
8227,7081,19911
8228,7082,19912
8229,7083,19915
8230,7084,19918
8231,7085,19919
8232,7086,19920
8233,7087,19921
8234,7088,19924
8235,7089,19931
8236,7090,19932
8237,7091,19933
8238,7092,19937
8239,7093,19943
8240,7094,19947
8241,7095,19950
8242,7096,19955
8243,7096,19953
8244,7097,19954
8245,7098,19961
8246,7099,19970
8247,7099,19971
8248,7100,19977
8249,7100,19976
8250,7101,19983
8251,7102,19987
8252,7103,19990
8253,7104,19992
8254,7105,19994
8255,7106,19996
8256,7107,19997
8257,7108,20003
8258,7109,20002
8259,7110,20005
8260,7110,20004
8261,7111,20004
8262,7111,20006
8263,7112,20009
8264,7113,20007
8265,7114,20011
8266,7115,20012
8267,7116,20014
8268,7117,20013
8269,7118,20021
8270,7119,20024
8271,7120,20023
8272,7121,20025
8273,7122,20026
8274,7122,20028
8275,7123,20027
8276,7124,20029
8277,7125,20030
8278,7126,20031
8279,7127,20033
8280,7128,20036
8281,7129,20043
8282,7129,20042
8283,7130,20045
8284,7131,20046
8285,7132,20054
8286,7133,20058
8287,7134,20059
8288,7135,20066
8289,7136,20063
8290,7136,20066
8291,7137,20068
8292,7137,20067
8293,7138,20067
8294,7139,20074
8295,7140,20082
8296,7141,20084
8297,7142,20087
8298,7143,20088
8299,7144,20096
8300,7145,20099
8301,7145,20098
8302,7146,20104
8303,7147,20106
8304,7148,20105
8305,7149,20116
8306,7150,20115
8307,7151,20125
8308,7152,20127
8309,7153,20129
8310,7154,20131
8311,7155,20130
8312,7156,20133
8313,7157,20134
8314,7158,20135
8315,7159,20137
8316,7160,20139
8317,7161,20141
8318,7162,20145
8319,7163,20151
8320,7164,20153
8321,7165,20154
8322,7166,20156
8323,7167,20158
8324,7168,20161
8325,7169,20159
8326,7170,20162
8327,7171,20168
8328,7172,20166
8329,7173,20170
8330,7174,20173
8331,7175,20176
8332,7175,20177
8333,7176,20177
8334,7177,20181
8335,7177,20178
8336,7178,20183
8337,7179,20189
8338,7180,20191
8339,7180,20190
8340,7181,20194
8341,7182,20195
8342,7182,20194
8343,7183,20199
8344,7183,20197
8345,7184,20200
8346,7185,20201
8347,7186,20202
8348,7187,20203
8349,7188,20205
8350,7189,20208
8351,7189,20207
8352,7190,20207
8353,7191,20210
8354,7192,20212
8355,7193,20213
8356,7194,20217
8357,7195,20216
8358,7196,20221
8359,7197,20226
8360,7198,20225
8361,7199,20229
8362,7200,20228
8363,7201,20232
8364,7201,20233
8365,7202,20233
8366,7202,20232
8367,7203,20234
8368,7204,20238
8369,7205,20237
8370,7206,20245
8371,7207,20243
8372,7208,20246
8373,7209,20248
8374,7210,20249
8375,7211,20254
8376,7212,20255
8377,7213,20256
8378,7214,20263
8379,7215,20270
8380,7216,20267
8381,7217,20275
8382,7218,20285
8383,7219,20296
8384,7220,20305
8385,7221,20307
8386,7221,20306
8387,7222,20309
8388,7223,20313
8389,7224,20314
8390,7225,20317
8391,7226,20316
8392,7227,20320
8393,7228,20319
8394,7228,20321
8395,7229,20328
8396,7230,20325
8397,7230,20327
8398,7231,20347
8399,7232,20351
8400,7233,20352
8401,7234,20353
8402,7234,20352
8403,7235,20354
8404,7236,20361
8405,7237,20362
8406,7238,20365
8407,7239,20375
8408,7240,20378
8409,7241,20379
8410,7242,20383
8411,7243,20393
8412,7244,20396
8413,7245,20404
8414,7245,20405
8415,7246,20411
8416,7247,20413
8417,7248,20416
8418,7249,20417
8419,7250,20421
8420,7250,20419
8421,7251,20422
8422,7252,20425
8423,7253,20427
8424,7254,20430
8425,7255,20431
8426,7255,20432
8427,7256,20432
8428,7257,20434
8429,7258,20437
8430,7259,20439
8431,7260,20442
8432,7260,20441
8433,7261,20443
8434,7262,20445
8435,7263,20446
8436,7263,20444
8437,7264,20447
8438,7265,20450
8439,7266,20449
8440,7267,20460
8441,7268,20459
8442,7269,20463
8443,7270,20462
8444,7270,20461
8445,7271,20466
8446,7272,20478
8447,7273,20477
8448,7274,20483
8449,7275,20488
8450,7276,20491
8451,7277,20492
8452,7278,20493
8453,7279,20494
8454,7280,20497
8455,7281,20498
8456,7282,20499
8457,7282,20498
8458,7283,20504
8459,7283,20501
8460,7284,20502
8461,7285,20505
8462,7286,20507
8463,7287,20520
8464,7288,20522
8465,7289,20523
8466,7290,20536
8467,7291,20537
8468,7292,20539
8469,7293,20543
8470,7294,20546
8471,7295,20550
8472,7296,20548
8473,7297,20553
8474,7298,20552
8475,7299,20556
8476,7300,20555
8477,7301,20557
8478,7302,20560
8479,7303,20559
8480,7304,20563
8481,7304,20564
8482,7305,20566
8483,7305,20565
8484,7306,20567
8485,7307,20569
8486,7308,20572
8487,7309,20576
8488,7310,20577
8489,7311,20578
8490,7311,20577
8491,7312,20579
8492,7312,20581
8493,7313,20581
8494,7314,20582
8495,7315,20586
8496,7316,20591
8497,7317,20595
8498,7317,20597
8499,7318,20598
8500,7319,20599
8501,7320,20603
8502,7321,20605
8503,7322,20617
8504,7323,20618
8505,7324,20620
8506,7325,20619
8507,7326,20628
8508,7327,20631
8509,7328,20636
8510,7329,20638
8511,7329,20636
8512,7330,20641
8513,7331,20652
8514,7332,20651
8515,7333,20660
8516,7334,20659
8517,7334,20660
8518,7335,20664
8519,7336,20668
8520,7337,20672
8521,7338,20678
8522,7339,20676
8523,7340,20679
8524,7341,20681
8525,7342,20680
8526,7343,20686
8527,7344,20684
8528,7345,20688
8529,7346,20691
8530,7347,20693
8531,7348,20697
8532,7349,20700
8533,7349,20697
8534,7350,20712
8535,7351,20713
8536,7352,20719
8537,7353,20716
8538,7354,20720
8539,7355,20729
8540,7356,20732
8541,7357,20742
8542,7358,20747
8543,7359,20748
8544,7360,20749
8545,7361,20757
8546,7361,20758
8547,7362,20761
8548,7363,20765
8549,7364,20769
8550,7365,20767
8551,7366,20772
8552,7367,20775
8553,7368,20779
8554,7368,20778
8555,7369,20782
8556,7369,20780
8557,7370,20781
8558,7371,20784
8559,7372,20792
8560,7372,20794
8561,7373,20800
8562,7374,20799
8563,7375,20802
8564,7376,20803
8565,7377,20806
8566,7378,20809
8567,7378,20808
8568,7379,20807
8569,7380,20811
8570,7381,20813
8571,7381,20814
8572,7382,20815
8573,7383,20816
8574,7384,20818
8575,7385,20819
8576,7386,20822
8577,7387,20823
8578,7388,20825
8579,7389,20826
8580,7389,20825
8581,7390,20829
8582,7391,20830
8583,7392,20831
8584,7393,20839
8585,7394,20845
8586,7395,20846
8587,7396,20848
8588,7397,20847
8589,7398,20853
8590,7399,20851
8591,7400,20855
8592,7401,20857
8593,7402,20859
8594,7402,20860
8595,7403,20861
8596,7404,20863
8597,7405,20864
8598,7406,20875
8599,7407,20876
8600,7408,20877
8601,7409,20879
8602,7410,20883
8603,7411,20884
8604,7411,20885
8605,7412,20885
8606,7413,20892
8607,7414,20893
8608,7415,20895
8609,7415,20894
8610,7416,20894
8611,7417,20897
8612,7418,20904
8613,7419,20905
8614,7420,20906
8615,7421,20908
8616,7422,20909
8617,7423,20915
8618,7424,20920
8619,7425,20923
8620,7426,20921
8621,7427,20930
8622,7428,20935
8623,7429,20937
8624,7430,20938
8625,7431,20944
8626,7432,20953
8627,7433,20952
8628,7434,20958
8629,7435,20959
8630,7436,20965
8631,7437,20966
8632,7437,20967
8633,7438,20969
8634,7439,20972
8635,7439,20969
8636,7440,20975
8637,7440,20974
8638,7441,20976
8639,7441,20973
8640,7442,20980
8641,7443,20981
8642,7444,20983
8643,7445,20982
8644,7446,20988
8645,7447,20989
8646,7447,20992
8647,7448,20994
8648,7448,20993
8649,7449,20993
8650,7450,20995
8651,7451,20996
8652,7452,20997
8653,7453,21000
8654,7454,21003
8655,7455,21005
8656,7456,21004
8657,7457,21013
8658,7458,21012
8659,7459,21014
8660,7460,21015
8661,7461,21018
8662,7461,21017
8663,7462,21026
8664,7463,21031
8665,7464,21033
8666,7464,21034
8667,7465,21035
8668,7466,21036
8669,7467,21038
8670,7468,21039
8671,7469,21040
8672,7470,21041
8673,7471,21043
8674,7472,21044
8675,7473,21046
8676,7474,21045
8677,7475,21050
8678,7476,21052
8679,7477,21055
8680,7478,21056
8681,7479,21058
8682,7479,21057
8683,7480,21062
8684,7481,21067
8685,7482,21070
8686,7483,21074
8687,7484,21073
8688,7484,21074
8689,7485,21076
8690,7486,21079
8691,7487,21081
8692,7487,21080
8693,7488,21083
8694,7489,21087
8695,7489,21086
8696,7490,21090
8697,7491,21091
8698,7492,21096
8699,7493,21102
8700,7494,21103
8701,7495,21104
8702,7496,21107
8703,7497,21111
8704,7498,21112
8705,7499,21113
8706,7500,21114
8707,7501,21117
8708,7502,21121
8709,7503,21119
8710,7504,21122
8711,7505,21124
8712,7506,21126
8713,7507,21130
8714,7508,21132
8715,7509,21133
8716,7509,21131
8717,7510,21139
8718,7511,21138
8719,7512,21140
8720,7513,21143
8721,7514,21144
8722,7515,21146
8723,7516,21147
8724,7516,21148
8725,7517,21158
8726,7517,21155
8727,7518,21159
8728,7519,21163
8729,7520,21173
8730,7521,21180
8731,7521,21182
8732,7522,21186
8733,7522,21183
8734,7523,21187
8735,7524,21188
8736,7524,21187
8737,7525,21190
8738,7526,21191
8739,7527,21192
8740,7528,21197
8741,7529,21198
8742,7529,21200
8743,7530,21210
8744,7531,21209
8745,7532,21212
8746,7533,21214
8747,7533,21213
8748,7534,21220
8749,7535,21222
8750,7535,21221
8751,7536,21221
8752,7536,21222
8753,7537,21223
8754,7538,21226
8755,7539,21229
8756,7539,21230
8757,7540,21233
8758,7540,21234
8759,7541,21234
8760,7542,21236
8761,7543,21241
8762,7544,21243
8763,7545,21244
8764,7545,21245
8765,7546,21246
8766,7547,21248
8767,7548,21247
8768,7548,21248
8769,7549,21251
8770,7550,21250
8771,7551,21256
8772,7552,21261
8773,7552,21260
8774,7553,21262
8775,7553,21260
8776,7554,21263
8777,7555,21271
8778,7556,21273
8779,7557,21277
8780,7558,21278
8781,7559,21279
8782,7560,21284
8783,7561,21285
8784,7562,21287
8785,7563,21288
8786,7564,21291
8787,7565,21290
8788,7566,21292
8789,7566,21293
8790,7567,21294
8791,7568,21296
8792,7569,21297
8793,7570,21299
8794,7571,21301
8795,7572,21302
8796,7573,21311
8797,7574,21310
8798,7574,21311
8799,7575,21312
8800,7576,21314
8801,7577,21318
8802,7578,21319
8803,7579,21322
8804,7579,21323
8805,7580,21323
8806,7581,21324
8807,7582,21326
8808,7583,21328
8809,7583,21327
8810,7584,21327
8811,7585,21333
8812,7586,21334
8813,7587,21341
8814,7588,21343
8815,7589,21344
8816,7590,21347
8817,7591,21346
8818,7591,21347
8819,7592,21349
8820,7592,21348
8821,7593,21352
8822,7593,21351
8823,7594,21354
8824,7595,21356
8825,7596,21359
8826,7597,21360
8827,7598,21361
8828,7599,21362
8829,7600,21363
8830,7600,21362
8831,7601,21366
8832,7602,21370
8833,7603,21373
8834,7604,21372
8835,7605,21374
8836,7606,21382
8837,7607,21385
8838,7608,21383
8839,7608,21384
8840,7609,21389
8841,7610,21393
8842,7611,21396
8843,7612,21398
8844,7613,21397
8845,7614,21405
8846,7615,21404
8847,7615,21405
8848,7616,21408
8849,7617,21411
8850,7618,21409
8851,7619,21416
8852,7619,21414
8853,7620,21419
8854,7621,21418
8855,7622,21429
8856,7623,21428
8857,7624,21437
8858,7625,21439
8859,7625,21438
8860,7626,21438
8861,7627,21447
8862,7628,21451
8863,7629,21456
8864,7630,21457
8865,7631,21462
8866,7632,21463
8867,7633,21466
8868,7633,21465
8869,7634,21469
8870,7634,21468
8871,7635,21472
8872,7636,21473
8873,7637,21476
8874,7637,21475
8875,7638,21474
8876,7639,21480
8877,7640,21479
8878,7641,21484
8879,7641,21481
8880,7642,21481
8881,7643,21487
8882,7644,21486
8883,7645,21489
8884,7646,21493
8885,7647,21494
8886,7648,21496
8887,7649,21495
8888,7650,21498
8889,7651,21501
8890,7652,21507
8891,7653,21506
8892,7654,21508
8893,7655,21509
8894,7656,21510
8895,7657,21516
8896,7658,21522
8897,7659,21524
8898,7660,21529
8899,7661,21532
8900,7662,21534
8901,7663,21542
8902,7664,21545
8903,7664,21544
8904,7665,21544
8905,7666,21547
8906,7667,21546
8907,7668,21548
8908,7669,21553
8909,7670,21551
8910,7671,21557
8911,7672,21555
8912,7673,21559
8913,7674,21560
8914,7675,21563
8915,7676,21565
8916,7677,21564
8917,7678,21566
8918,7679,21569
8919,7680,21568
8920,7681,21572
8921,7682,21574
8922,7683,21575
8923,7684,21576
8924,7685,21586
8925,7686,21592
8926,7687,21595
8927,7688,21596
8928,7688,21598
8929,7689,21599
8930,7689,21598
8931,7690,21600
8932,7691,21605
8933,7692,21610
8934,7693,21609
8935,7694,21616
8936,7695,21622
8937,7696,21621
8938,7697,21630
8939,7698,21631
8940,7699,21634
8941,7699,21636
8942,7700,21635
8943,7701,21644
8944,7701,21646
8945,7702,21649
8946,7703,21648
8947,7704,21657
8948,7705,21655
8949,7706,21659
8950,7707,21658
8951,7708,21660
8952,7709,21663
8953,7710,21664
8954,7711,21666
8955,7712,21665
8956,7712,21666
8957,7713,21667
8958,7714,21669
8959,7715,21670
8960,7716,21677
8961,7717,21684
8962,7718,21690
8963,7719,21692
8964,7720,21691
8965,7721,21694
8966,7722,21701
8967,7723,21707
8968,7724,21706
8969,7724,21705
8970,7725,21709
8971,7725,21710
8972,7726,21713
8973,7727,21712
8974,7728,21718
8975,7729,21721
8976,7729,21722
8977,7730,21726
8978,7731,21730
8979,7731,21729
8980,7732,21731
8981,7733,21734
8982,7734,21735
8983,7735,21736
8984,7736,21737
8985,7737,21739
8986,7738,21740
8987,7739,21744
8988,7740,21746
8989,7740,21745
8990,7741,21748
8991,7742,21754
8992,7743,21757
8993,7744,21758
8994,7745,21760
8995,7746,21767
8996,7747,21772
8997,7748,21773
8998,7749,21782
8999,7750,21783
9000,7751,21787
9001,7752,21788
9002,7753,21792
9003,7753,21793
9004,7754,21791
9005,7755,21794
9006,7756,21796
9007,7757,21799
9008,7758,21805
9009,7759,21803
9010,7760,21807
9011,7760,21808
9012,7761,21811
9013,7762,21813
9014,7763,21814
9015,7764,21815
9016,7765,21818
9017,7766,21823
9018,7767,21826
9019,7768,21833
9020,7768,21832
9021,7769,21832
9022,7770,21836
9023,7771,21834
9024,7771,21837
9025,7772,21838
9026,7773,21839
9027,7774,21841
9028,7775,21849
9029,7775,21851
9030,7776,21855
9031,7776,21856
9032,7777,21858
9033,7778,21859
9034,7779,21868
9035,7780,21866
9036,7781,21872
9037,7781,21871
9038,7782,21876
9039,7783,21882
9040,7784,21887
9041,7785,21889
9042,7786,21890
9043,7787,21893
9044,7788,21895
9045,7789,21894
9046,7790,21901
9047,7791,21906
9048,7792,21908
9049,7793,21913
9050,7794,21914
9051,7795,21916
9052,7795,21915
9053,7796,21919
9054,7797,21923
9055,7798,21926
9056,7799,21927
9057,7800,21931
9058,7801,21934
9059,7802,21933
9060,7803,21939
9061,7804,21937
9062,7805,21949
9063,7806,21948
9064,7807,21950
9065,7808,21951
9066,7809,21955
9067,7810,21959
9068,7811,21962
9069,7812,21964
9070,7813,21966
9071,7814,21965
9072,7814,21966
9073,7815,21970
9074,7816,21971
9075,7816,21969
9076,7817,21974
9077,7818,21972
9078,7819,21977
9079,7819,21976
9080,7820,21981
9081,7821,21980
9082,7821,21981
9083,7822,21983
9084,7822,21984
9085,7823,21985
9086,7824,21986
9087,7825,21988
9088,7826,21989
9089,7827,21990
9090,7828,21993
9091,7829,21994
9092,7830,21996
9093,7830,21995
9094,7831,21998
9095,7832,22001
9096,7832,21999
9097,7833,22002
9098,7834,22003
9099,7835,22012
9100,7836,22011
9101,7837,22014
9102,7838,22013
9103,7839,22015
9104,7840,22018
9105,7841,22017
9106,7842,22019
9107,7843,22021
9108,7843,22019
9109,7844,22023
9110,7844,22024
9111,7845,22024
9112,7845,22023
9113,7846,22027
9114,7847,22040
9115,7848,22041
9116,7849,22043
9117,7850,22045
9118,7851,22054
9119,7852,22051
9120,7853,22056
9121,7854,22057
9122,7855,22060
9123,7856,22059
9124,7857,22063
9125,7858,22070
9126,7859,22073
9127,7859,22070
9128,7860,22075
9129,7861,22076
9130,7862,22077
9131,7863,22082
9132,7864,22083
9133,7865,22084
9134,7866,22088
9135,7867,22089
9136,7867,22088
9137,7868,22090
9138,7869,22091
9139,7870,22102
9140,7871,22103
9141,7872,22105
9142,7873,22110
9143,7874,22109
9144,7875,22113
9145,7876,22115
9146,7877,22116
9147,7878,22117
9148,7879,22122
9149,7880,22121
9150,7881,22125
9151,7881,22124
9152,7882,22124
9153,7883,22128
9154,7884,22129
9155,7884,22128
9156,7885,22134
9157,7886,22133
9158,7886,22134
9159,7887,22136
9160,7888,22135
9161,7889,22140
9162,7890,22141
9163,7891,22142
9164,7892,22148
9165,7893,22153
9166,7894,22154
9167,7894,22155
9168,7895,22156
9169,7896,22158
9170,7897,22162
9171,7897,22161
9172,7898,22167
9173,7899,22165
9174,7900,22168
9175,7901,22174
9176,7902,22177
9177,7903,22181
9178,7904,22187
9179,7905,22188
9180,7906,22189
9181,7907,22193
9182,7908,22196
9183,7909,22200
9184,7910,22209
9185,7911,22207
9186,7912,22217
9187,7913,22219
9188,7914,22224
9189,7915,22225
9190,7916,22227
9191,7917,22228
9192,7917,22227
9193,7918,22231
9194,7919,22240
9195,7919,22239
9196,7920,22242
9197,7921,22243
9198,7922,22244
9199,7923,22245
9200,7924,22246
9201,7925,22249
9202,7926,22260
9203,7927,22266
9204,7928,22268
9205,7929,22267
9206,7930,22271
9207,7931,22269
9208,7932,22272
9209,7933,22273
9210,7934,22276
9211,7935,22277
9212,7935,22276
9213,7936,22278
9214,7937,22281
9215,7938,22282
9216,7939,22286
9217,7940,22295
9218,7941,22293
9219,7942,22296
9220,7943,22301
9221,7943,22303
9222,7944,22302
9223,7945,22305
9224,7946,22308
9225,7947,22311
9226,7948,22312
9227,7949,22318
9228,7950,22319
9229,7951,22323
9230,7952,22322
9231,7953,22325
9232,7954,22328
9233,7955,22326
9234,7956,22330
9235,7957,22331
9236,7958,22333
9237,7959,22338
9238,7960,22336
9239,7960,22338
9240,7961,22343
9241,7962,22344
9242,7963,22345
9243,7964,22346
9244,7965,22348
9245,7965,22347
9246,7966,22347
9247,7966,22348
9248,7967,22350
9249,7968,22352
9250,7969,22354
9251,7970,22355
9252,7971,22363
9253,7972,22361
9254,7973,22364
9255,7973,22365
9256,7974,22365
9257,7974,22364
9258,7975,22373
9259,7976,22372
9260,7977,22375
9261,7978,22378
9262,7979,22379
9263,7980,22380
9264,7981,22381
9265,7982,22383
9266,7982,22382
9267,7983,22385
9268,7984,22386
9269,7985,22388
9270,7985,22386
9271,7986,22392
9272,7986,22391
9273,7987,22390
9274,7988,22399
9275,7989,22403
9276,7989,22401
9277,7990,22407
9278,7990,22406
9279,7991,22408
9280,7992,22409
9281,7993,22411
9282,7994,22412
9283,7995,22413
9284,7996,22416
9285,7997,22415
9286,7998,22421
9287,7999,22420
9288,8000,22425
9289,8001,22426
9290,8001,22425
9291,8002,22428
9292,8003,22433
9293,8004,22434
9294,8005,22440
9295,8006,22441
9296,8007,22443
9297,8007,22442
9298,8008,22444
9299,8009,22446
9300,8010,22447
9301,8011,22452
9302,8012,22454
9303,8013,22453
9304,8014,22458
9305,8015,22460
9306,8016,22465
9307,8017,22464
9308,8018,22466
9309,8019,22468
9310,8020,22470
9311,8021,22471
9312,8022,22473
9313,8023,22474
9314,8024,22478
9315,8025,22481
9316,8025,22482
9317,8026,22483
9318,8027,22493
9319,8028,22500
9320,8028,22499
9321,8029,22499
9322,8030,22502
9323,8031,22503
9324,8032,22509
9325,8033,22515
9326,8034,22516
9327,8035,22521
9328,8036,22524
9329,8036,22526
9330,8037,22526
9331,8038,22527
9332,8039,22532
9333,8040,22533
9334,8041,22537
9335,8041,22538
9336,8042,22547
9337,8042,22548
9338,8043,22548
9339,8044,22550
9340,8045,22551
9341,8046,22553
9342,8047,22554
9343,8048,22557
9344,8049,22560
9345,8049,22558
9346,8050,22559
9347,8051,22568
9348,8052,22571
9349,8053,22573
9350,8054,22578
9351,8055,22580
9352,8056,22585
9353,8057,22584
9354,8058,22590
9355,8059,22588
9356,8060,22598
9357,8061,22596
9358,8062,22606
9359,8063,22605
9360,8063,22606
9361,8064,22607
9362,8065,22608
9363,8065,22607
9364,8066,22610
9365,8066,22611
9366,8067,22612
9367,8068,22613
9368,8069,22615
9369,8070,22622
9370,8071,22623
9371,8072,22626
9372,8073,22625
9373,8074,22630
9374,8075,22637
9375,8076,22639
9376,8077,22638
9377,8078,22641
9378,8079,22642
9379,8080,22647
9380,8080,22645
9381,8081,22645
9382,8081,22646
9383,8082,22648
9384,8083,22649
9385,8084,22650
9386,8085,22651
9387,8086,22652
9388,8087,22654
9389,8088,22659
9390,8088,22657
9391,8089,22660
9392,8090,22662
9393,8091,22661
9394,8092,22664
9395,8093,22670
9396,8094,22687
9397,8095,22701
9398,8096,22704
9399,8097,22705
9400,8098,22707
9401,8099,22708
9402,8100,22711
9403,8100,22710
9404,8101,22715
9405,8101,22713
9406,8102,22712
9407,8103,22719
9408,8103,22718
9409,8104,22721
9410,8104,22722
9411,8105,22723
9412,8106,22725
9413,8107,22724
9414,8108,22729
9415,8109,22727
9416,8109,22729
9417,8110,22739
9418,8111,22741
9419,8112,22745
9420,8113,22747
9421,8114,22750
9422,8115,22751
9423,8116,22758
9424,8116,22757
9425,8117,22762
9426,8118,22760
9427,8118,22759
9428,8119,22763
9429,8120,22764
9430,8121,22767
9431,8122,22771
9432,8122,22770
9433,8123,22770
9434,8124,22772
9435,8125,22773
9436,8126,22776
9437,8127,22780
9438,8128,22790
9439,8129,22789
9440,8130,22793
9441,8131,22805
9442,8132,22802
9443,8133,22806
9444,8134,22807
9445,8135,22813
9446,8136,22816
9447,8137,22817
9448,8138,22822
9449,8138,22821
9450,8139,22824
9451,8140,22826
9452,8141,22827
9453,8142,22828
9454,8143,22831
9455,8143,22830
9456,8144,22836
9457,8145,22838
9458,8146,22840
9459,8147,22842
9460,8148,22844
9461,8149,22845
9462,8150,22846
9463,8151,22848
9464,8152,22847
9465,8153,22850
9466,8154,22852
9467,8155,22851
9468,8155,22852
9469,8156,22856
9470,8156,22859
9471,8157,22865
9472,8158,22866
9473,8159,22871
9474,8160,22873
9475,8161,22875
9476,8162,22876
9477,8163,22877
9478,8164,22879
9479,8165,22878
9480,8166,22881
9481,8167,22886
9482,8168,22885
9483,8168,22886
9484,8169,22890
9485,8170,22892
9486,8170,22891
9487,8171,22896
9488,8172,22898
9489,8173,22901
9490,8173,22902
9491,8174,22900
9492,8175,22904
9493,8176,22910
9494,8177,22911
9495,8178,22912
9496,8178,22911
9497,8179,22915
9498,8180,22914
9499,8181,22920
9500,8182,22919
9501,8183,22924
9502,8184,22926
9503,8185,22928
9504,8186,22929
9505,8187,22930
9506,8188,22935
9507,8189,22934
9508,8190,22936
9509,8191,22944
9510,8192,22945
9511,8193,22948
9512,8193,22947
9513,8194,22951
9514,8195,22955
9515,8195,22952
9516,8196,22952
9517,8197,22956
9518,8198,22958
9519,8198,22959
9520,8199,22959
9521,8199,22957
9522,8200,22964
9523,8200,22965
9524,8201,22970
9525,8202,22980
9526,8203,22978
9527,8204,22985
9528,8205,22989
9529,8206,22988
9530,8207,22992
9531,8208,22997
9532,8209,22998
9533,8210,23001
9534,8211,23002
9535,8212,23008
9536,8213,23012
9537,8214,23017
9538,8214,23018
9539,8215,23019
9540,8216,23020
9541,8217,23021
9542,8218,23023
9543,8219,23026
9544,8220,23027
9545,8221,23028
9546,8222,23032
9547,8223,23034
9548,8223,23033
9549,8224,23036
9550,8225,23041
9551,8225,23040
9552,8226,23044
9553,8227,23043
9554,8228,23046
9555,8229,23048
9556,8230,23050
9557,8231,23051
9558,8232,23052
9559,8233,23053
9560,8234,23054
9561,8234,23055
9562,8235,23058
9563,8236,23059
9564,8237,23061
9565,8237,23062
9566,8238,23062
9567,8239,23063
9568,8240,23065
9569,8240,23067
9570,8241,23071
9571,8241,23068
9572,8242,23075
9573,8243,23076
9574,8243,23075
9575,8244,23079
9576,8245,23078
9577,8246,23081
9578,8247,23087
9579,8248,23085
9580,8249,23090
9581,8250,23089
9582,8251,23091
9583,8252,23094
9584,8253,23097
9585,8254,23101
9586,8255,23102
9587,8256,23105
9588,8256,23106
9589,8257,23108
9590,8258,23109
9591,8258,23110
9592,8259,23112
9593,8260,23124
9594,8261,23125
9595,8262,23128
9596,8262,23127
9597,8263,23127
9598,8263,23128
9599,8264,23131
9600,8265,23132
9601,8266,23134
9602,8267,23141
9603,8267,23142
9604,8268,23142
9605,8269,23145
9606,8270,23152
9607,8271,23151
9608,8271,23152
9609,8272,23162
9610,8273,23164
9611,8274,23163
9612,8275,23169
9613,8275,23168
9614,8276,23175
9615,8277,23180
9616,8278,23184
9617,8279,23187
9618,8280,23188
9619,8281,23191
9620,8282,23190
9621,8283,23197
9622,8284,23198
9623,8285,23203
9624,8286,23211
9625,8287,23210
9626,8287,23211
9627,8288,23214
9628,8289,23221
9629,8289,23223
9630,8290,23225
9631,8291,23228
9632,8292,23229
9633,8293,23233
9634,8294,23235
9635,8295,23239
9636,8296,23242
9637,8297,23241
9638,8298,23244
9639,8299,23249
9640,8300,23251
9641,8301,23250
9642,8302,23252
9643,8303,23253
9644,8304,23254
9645,8305,23255
9646,8306,23256
9647,8307,23260
9648,8308,23263
9649,8309,23264
9650,8310,23266
9651,8311,23269
9652,8312,23271
9653,8312,23270
9654,8313,23272
9655,8314,23273
9656,8315,23275
9657,8315,23276
9658,8316,23278
9659,8317,23280
9660,8318,23283
9661,8319,23286
9662,8320,23288
9663,8321,23292
9664,8322,23293
9665,8323,23298
9666,8323,23299
9667,8324,23301
9668,8324,23302
9669,8325,23303
9670,8326,23309
9671,8326,23307
9672,8327,23307
9673,8328,23315
9674,8328,23316
9675,8329,23319
9676,8330,23327
9677,8331,23326
9678,8332,23329
9679,8333,23328
9680,8334,23330
9681,8335,23332
9682,8336,23334
9683,8337,23333
9684,8338,23340
9685,8339,23343
9686,8340,23346
9687,8341,23345
9688,8341,23344
9689,8342,23349
9690,8343,23351
9691,8344,23350
9692,8345,23353
9693,8346,23359
9694,8347,23368
9695,8348,23371
9696,8349,23370
9697,8350,23376
9698,8350,23377
9699,8351,23377
9700,8352,23384
9701,8353,23381
9702,8354,23392
9703,8355,23393
9704,8355,23392
9705,8356,23402
9706,8357,23408
9707,8358,23412
9708,8358,23413
9709,8359,23413
9710,8360,23416
9711,8361,23421
9712,8361,23420
9713,8362,23424
9714,8362,23422
9715,8363,23427
9716,8363,23426
9717,8364,23428
9718,8365,23430
9719,8366,23431
9720,8367,23432
9721,8368,23433
9722,8369,23438
9723,8370,23442
9724,8371,23443
9725,8372,23446
9726,8372,23445
9727,8373,23449
9728,8374,23450
9729,8375,23453
9730,8376,23454
9731,8377,23456
9732,8378,23459
9733,8379,23457
9734,8379,23460
9735,8380,23462
9736,8381,23467
9737,8382,23468
9738,8383,23470
9739,8384,23469
9740,8385,23473
9741,8386,23472
9742,8387,23475
9743,8388,23476
9744,8389,23477
9745,8390,23478
9746,8391,23480
9747,8392,23484
9748,8393,23483
9749,8394,23487
9750,8395,23488
9751,8396,23490
9752,8397,23495
9753,8398,23496
9754,8399,23502
9755,8399,23501
9756,8400,23504
9757,8401,23503
9758,8402,23508
9759,8403,23509
9760,8404,23511
9761,8405,23510
9762,8406,23515
9763,8407,23517
9764,8408,23516
9765,8409,23523
9766,8410,23525
9767,8410,23524
9768,8411,23526
9769,8412,23527
9770,8413,23528
9771,8414,23529
9772,8415,23535
9773,8416,23536
9774,8416,23535
9775,8417,23544
9776,8418,23545
9777,8419,23547
9778,8420,23548
9779,8421,23551
9780,8422,23552
9781,8423,23558
9782,8424,23559
9783,8425,23562
9784,8426,23563
9785,8427,23564
9786,8427,23565
9787,8428,23565
9788,8429,23566
9789,8430,23569
9790,8431,23570
9791,8432,23575
9792,8433,23583
9793,8434,23582
9794,8435,23588
9795,8436,23589
9796,8437,23594
9797,8438,23595
9798,8439,23596
9799,8439,23595
9800,8440,23597
9801,8440,23598
9802,8441,23598
9803,8442,23599
9804,8443,23602
9805,8444,23601
9806,8445,23605
9807,8446,23604
9808,8447,23606
9809,8448,23612
9810,8449,23616
9811,8450,23620
9812,8451,23625
9813,8452,23624
9814,8453,23629
9815,8454,23631
9816,8454,23630
9817,8455,23634
9818,8455,23632
9819,8456,23638
9820,8456,23637
9821,8457,23636
9822,8458,23641
9823,8459,23643
9824,8460,23647
9825,8460,23648
9826,8461,23651
9827,8462,23654
9828,8462,23656
9829,8463,23663
9830,8464,23664
9831,8465,23668
9832,8466,23672
9833,8467,23676
9834,8468,23681
9835,8469,23682
9836,8470,23687
9837,8471,23686
9838,8471,23687
9839,8472,23692
9840,8473,23695
9841,8473,23693
9842,8474,23696
9843,8475,23698
9844,8476,23704
9845,8477,23705
9846,8478,23707
9847,8479,23706
9848,8480,23709
9849,8481,23710
9850,8481,23712
9851,8482,23713
9852,8483,23714
9853,8484,23715
9854,8485,23716
9855,8486,23718
9856,8487,23717
9857,8488,23719
9858,8489,23722
9859,8490,23728
9860,8490,23730
9861,8491,23735
9862,8492,23736
9863,8493,23745
9864,8494,23744
9865,8495,23749
9866,8496,23748
9867,8497,23750
9868,8498,23753
9869,8498,23751
9870,8499,23756
9871,8500,23757
9872,8501,23759
9873,8502,23760
9874,8502,23759
9875,8503,23763
9876,8503,23764
9877,8504,23766
9878,8505,23770
9879,8505,23772
9880,8506,23771
9881,8507,23775
9882,8508,23777
9883,8508,23778
9884,8509,23782
9885,8510,23786
9886,8510,23784
9887,8511,23784
9888,8512,23787
9889,8513,23791
9890,8514,23795
9891,8515,23794
9892,8516,23798
9893,8517,23799
9894,8518,23801
9895,8519,23803
9896,8520,23804
9897,8521,23806
9898,8522,23807
9899,8522,23806
9900,8523,23809
9901,8524,23813
9902,8525,23822
9903,8526,23824
9904,8527,23827
9905,8527,23826
9906,8528,23830
9907,8529,23829
9908,8529,23830
9909,8530,23831
9910,8531,23838
9911,8532,23839
9912,8533,23843
9913,8534,23848
9914,8535,23855
9915,8535,23854
9916,8536,23860
9917,8536,23861
9918,8537,23861
9919,8538,23863
9920,8539,23862
9921,8540,23870
9922,8541,23874
9923,8542,23872
9924,8542,23874
9925,8543,23875
9926,8544,23877
9927,8545,23884
9928,8546,23899
9929,8547,23897
9930,8547,23898
9931,8548,23903
9932,8549,23901
9933,8550,23908
9934,8551,23909
9935,8552,23915
9936,8553,23914
9937,8553,23915
9938,8554,23918
9939,8554,23916
9940,8555,23925
9941,8556,23927
9942,8556,23926
9943,8557,23926
9944,8558,23928
9945,8559,23930
9946,8560,23931
9947,8561,23934
9948,8561,23935
9949,8562,23935
9950,8562,23936
9951,8563,23939
9952,8563,23940
9953,8564,23942
9954,8565,23948
9955,8565,23947
9956,8566,23946
9957,8566,23949
9958,8567,23951
9959,8567,23952
9960,8568,23953
9961,8569,23954
9962,8570,23955
9963,8571,23956
9964,8572,23957
9965,8573,23958
9966,8574,23959
9967,8575,23963
9968,8576,23964
9969,8577,23970
9970,8578,23974
9971,8579,23973
9972,8580,23980
9973,8581,23978
9974,8582,23981
9975,8583,23986
9976,8584,23987
9977,8585,23988
9978,8585,23989
9979,8586,23991
9980,8587,23990
9981,8587,23991
9982,8588,23994
9983,8589,23999
9984,8589,23998
9985,8590,23997
9986,8590,23999
9987,8591,24000
9988,8592,24001
9989,8593,24007
9990,8594,24014
9991,8594,24013
9992,8595,24015
9993,8596,24021
9994,8597,24023
9995,8598,24035
9996,8599,24034
9997,8600,24036
9998,8601,24037
9999,8602,24041
10000,8602,24042
10001,8603,24048
10002,8604,24051
10003,8605,24052
10004,8606,24054
10005,8607,24058
10006,8607,24059
10007,8608,24064
10008,8609,24067
10009,8610,24072
10010,8611,24073
10011,8612,24078
10012,8613,24085
10013,8614,24083
10014,8615,24086
10015,8616,24088
10016,8617,24090
10017,8618,24091
10018,8618,24089
10019,8619,24097
10020,8620,24104
10021,8621,24103
10022,8622,24105
10023,8623,24106
10024,8623,24105
10025,8624,24109
10026,8625,24111
10027,8625,24112
10028,8626,24110
10029,8627,24114
10030,8628,24113
10031,8629,24122
10032,8630,24123
10033,8631,24127
10034,8632,24132
10035,8633,24141
10036,8633,24140
10037,8634,24143
10038,8635,24148
10039,8636,24147
10040,8637,24152
10041,8637,24151
10042,8638,24154
10043,8639,24157
10044,8640,24162
10045,8641,24167
10046,8642,24169
10047,8643,24171
10048,8643,24169
10049,8644,24173
10050,8645,24177
10051,8646,24182
10052,8647,24191
10053,8648,24193
10054,8649,24198
10055,8650,24199
10056,8651,24202
10057,8652,24203
10058,8653,24214
10059,8654,24217
10060,8655,24219
10061,8656,24221
10062,8657,24225
10063,8658,24226
10064,8659,24228
10065,8660,24229
10066,8661,24242
10067,8662,24253
10068,8663,24256
10069,8663,24255
10070,8664,24259
10071,8665,24260
10072,8666,24270
10073,8666,24268
10074,8667,24272
10075,8668,24273
10076,8669,24278
10077,8670,24284
10078,8671,24287
10079,8672,24286
10080,8673,24289
10081,8674,24291
10082,8675,24295
10083,8675,24297
10084,8676,24299
10085,8676,24298
10086,8677,24298
10087,8678,24302
10088,8679,24304
10089,8680,24306
10090,8680,24307
10091,8681,24310
10092,8681,24309
10093,8682,24316
10094,8683,24320
10095,8684,24319
10096,8685,24325
10097,8686,24327
10098,8687,24330
10099,8688,24331
10100,8689,24334
10101,8690,24339
10102,8690,24337
10103,8691,24337
10104,8692,24342
10105,8693,24344
10106,8694,24345
10107,8695,24348
10108,8696,24349
10109,8696,24347
10110,8697,24351
10111,8698,24354
10112,8699,24356
10113,8699,24355
10114,8700,24357
10115,8701,24364
10116,8702,24365
10117,8703,24368
10118,8704,24372
10119,8705,24373
10120,8706,24379
10121,8707,24384
10122,8708,24385
10123,8709,24392
10124,8710,24390
10125,8711,24393
10126,8712,24400
10127,8712,24398
10128,8713,24403
10129,8713,24402
10130,8714,24402
10131,8715,24404
10132,8716,24405
10133,8717,24407
10134,8718,24408
10135,8719,24417
10136,8719,24414
10137,8720,24415
10138,8721,24423
10139,8722,24421
10140,8722,24422
10141,8723,24428
10142,8724,24431
10143,8725,24433
10144,8726,24434
10145,8727,24437
10146,8727,24436
10147,8728,24441
10148,8729,24440
10149,8730,24446
10150,8731,24449
10151,8732,24458
10152,8732,24457
10153,8733,24459
10154,8734,24460
10155,8734,24461
10156,8735,24462
10157,8736,24465
10158,8736,24464
10159,8737,24463
10160,8738,24471
10161,8738,24472
10162,8739,24475
10163,8740,24488
10164,8741,24494
10165,8742,24500
10166,8743,24501
10167,8744,24506
10168,8745,24507
10169,8746,24509
10170,8747,24513
10171,8748,24515
10172,8749,24524
10173,8749,24526
10174,8750,24534
10175,8751,24537
10176,8752,24536
10177,8752,24537
10178,8753,24538
10179,8754,24539
10180,8755,24541
10181,8756,24556
10182,8757,24555
10183,8758,24559
10184,8759,24560
10185,8760,24562
10186,8761,24561
10187,8762,24564
10188,8762,24563
10189,8763,24565
10190,8764,24566
10191,8765,24568
10192,8766,24571
10193,8767,24575
10194,8768,24576
10195,8769,24578
10196,8770,24584
10197,8771,24587
10198,8772,24591
10199,8773,24592
10200,8774,24596
10201,8775,24598
10202,8776,24602
10203,8777,24606
10204,8778,24605
10205,8779,24607
10206,8780,24610
10207,8781,24613
10208,8782,24617
10209,8783,24618
10210,8784,24619
10211,8785,24620
10212,8786,24629
10213,8787,24628
10214,8788,24630
10215,8789,24632
10216,8790,24637
10217,8791,24640
10218,8792,24641
10219,8793,24642
10220,8794,24647
10221,8795,24648
10222,8796,24649
10223,8797,24654
10224,8798,24653
10225,8799,24656
10226,8800,24657
10227,8801,24659
10228,8801,24658
10229,8802,24658
10230,8803,24662
10231,8804,24666
10232,8805,24667
10233,8806,24670
10234,8806,24668
10235,8807,24673
10236,8808,24674
10237,8809,24678
10238,8810,24677
10239,8811,24682
10240,8812,24680
10241,8812,24679
10242,8813,24683
10243,8814,24688
10244,8815,24687
10245,8815,24689
10246,8816,24693
10247,8817,24696
10248,8818,24697
10249,8819,24703
10250,8820,24709
10251,8821,24712
10252,8822,24714
10253,8823,24720
10254,8824,24724
10255,8825,24725
10256,8826,24727
10257,8827,24735
10258,8827,24733
10259,8828,24734
10260,8829,24744
10261,8830,24745
10262,8831,24746
10263,8832,24749
10264,8832,24751
10265,8833,24752
10266,8833,24749
10267,8834,24754
10268,8834,24753
10269,8835,24758
10270,8836,24756
10271,8837,24759
10272,8838,24768
10273,8838,24767
10274,8839,24765
10275,8840,24772
10276,8841,24774
10277,8842,24773
10278,8843,24777
10279,8844,24775
10280,8845,24781
10281,8845,24778
10282,8846,24780
10283,8847,24783
10284,8848,24784
10285,8849,24785
10286,8850,24787
10287,8851,24788
10288,8852,24789
10289,8853,24793
10290,8853,24795
10291,8854,24795
10292,8855,24803
10293,8856,24804
10294,8857,24810
10295,8858,24809
10296,8859,24812
10297,8860,24813
10298,8861,24816
10299,8862,24822
10300,8863,24820
10301,8864,24828
10302,8865,24834
10303,8865,24835
10304,8866,24836
10305,8867,24838
10306,8868,24842
10307,8869,24845
10308,8870,24849
10309,8871,24852
10310,8872,24855
10311,8873,24857
10312,8874,24859
10313,8875,24861
10314,8876,24864
10315,8877,24863
10316,8878,24867
10317,8879,24872
10318,8879,24871
10319,8880,24873
10320,8881,24877
10321,8882,24891
10322,8883,24893
10323,8883,24892
10324,8884,24895
10325,8885,24901
10326,8886,24905
10327,8887,24908
10328,8888,24911
10329,8889,24912
10330,8890,24917
10331,8891,24915
10332,8892,24919
10333,8893,24921
10334,8894,24925
10335,8895,24924
10336,8895,24923
10337,8896,24926
10338,8897,24927
10339,8898,24931
10340,8899,24933
10341,8900,24934
10342,8901,24935
10343,8902,24936
10344,8903,24937
10345,8904,24941
10346,8904,24942
10347,8905,24948
10348,8906,24952
10349,8907,24953
10350,8908,24955
10351,8909,24956
10352,8910,24963
10353,8911,24964
10354,8912,24965
10355,8912,24967
10356,8913,24974
10357,8914,24975
10358,8915,24981
10359,8916,24980
10360,8917,24985
10361,8918,24989
10362,8918,24988
10363,8919,24998
10364,8920,25003
10365,8921,25004
10366,8922,25005
10367,8923,25009
10368,8924,25008
10369,8925,25012
10370,8926,25010
10371,8927,25013
10372,8928,25014
10373,8929,25015
10374,8930,25021
10375,8931,25020
10376,8932,25023
10377,8933,25025
10378,8934,25027
10379,8935,25028
10380,8936,25031
10381,8937,25033
10382,8938,25034
10383,8938,25035
10384,8939,25042
10385,8940,25040
10386,8941,25043
10387,8942,25044
10388,8943,25048
10389,8944,25051
10390,8944,25053
10391,8945,25054
10392,8946,25060
10393,8946,25061
10394,8947,25061
10395,8947,25060
10396,8948,25062
10397,8949,25063
10398,8950,25066
10399,8951,25069
10400,8952,25070
10401,8953,25073
10402,8954,25072
10403,8955,25079
10404,8955,25081
10405,8956,25088
10406,8957,25091
10407,8958,25093
10408,8959,25094
10409,8960,25096
10410,8961,25097
10411,8962,25104
10412,8963,25105
10413,8964,25107
10414,8964,25108
10415,8965,25109
10416,8965,25110
10417,8966,25112
10418,8967,25116
10419,8968,25119
10420,8969,25118
10421,8970,25121
10422,8971,25123
10423,8971,25122
10424,8972,25122
10425,8972,25123
10426,8973,25126
10427,8974,25129
10428,8974,25128
10429,8975,25130
10430,8976,25132
10431,8977,25133
10432,8977,25134
10433,8978,25134
10434,8978,25133
10435,8979,25136
10436,8980,25135
10437,8981,25139
10438,8982,25137
10439,8982,25139
10440,8983,25143
10441,8984,25141
10442,8985,25144
10443,8986,25145
10444,8987,25150
10445,8988,25149
10446,8989,25151
10447,8990,25152
10448,8991,25157
10449,8992,25159
10450,8993,25163
10451,8993,25164
10452,8994,25166
10453,8995,25168
10454,8996,25167
10455,8997,25171
10456,8998,25169
10457,8999,25174
10458,9000,25172
10459,9000,25175
10460,9001,25178
10461,9001,25176
10462,9002,25177
10463,9002,25176
10464,9003,25180
10465,9004,25182
10466,9005,25183
10467,9006,25187
10468,9007,25185
10469,9008,25192
10470,9009,25193
10471,9009,25191
10472,9010,25194
10473,9011,25202
10474,9012,25203
10475,9013,25206
10476,9014,25210
10477,9015,25216
10478,9016,25214
10479,9017,25219
10480,9017,25218
10481,9018,25221
10482,9019,25220
10483,9020,25222
10484,9021,25226
10485,9022,25230
10486,9022,25228
10487,9023,25232
10488,9024,25231
10489,9025,25235
10490,9026,25236
10491,9026,25234
10492,9027,25237
10493,9027,25238
10494,9028,25239
10495,9029,25244
10496,9030,25243
10497,9031,25248
10498,9032,25246
10499,9032,25247
10500,9033,25249
10501,9034,25260
10502,9034,25258
10503,9035,25259
10504,9036,25265
10505,9037,25266
10506,9037,25265
10507,9038,25268
10508,9039,25273
10509,9040,25274
10510,9041,25276
10511,9042,25278
10512,9043,25279
10513,9044,25282
10514,9045,25280
10515,9045,25281
10516,9046,25286
10517,9047,25294
10518,9048,25296
10519,9049,25304
10520,9050,25308
10521,9051,25311
10522,9052,25315
10523,9053,25314
10524,9054,25326
10525,9055,25325
10526,9056,25333
10527,9057,25332
10528,9057,25333
10529,9058,25335
10530,9059,25337
10531,9060,25339
10532,9060,25337
10533,9061,25343
10534,9062,25342
10535,9063,25346
10536,9064,25352
10537,9065,25353
10538,9066,25354
10539,9067,25357
10540,9068,25358
10541,9069,25363
10542,9070,25371
10543,9071,25375
10544,9072,25383
10545,9073,25385
10546,9074,25389
10547,9075,25393
10548,9076,25394
10549,9076,25392
10550,9077,25396
10551,9078,25401
10552,9078,25400
10553,9079,25400
10554,9079,25398
10555,9080,25405
10556,9081,25407
10557,9082,25406
10558,9083,25409
10559,9084,25410
10560,9085,25412
10561,9085,25411
10562,9086,25411
10563,9087,25414
10564,9088,25413
10565,9088,25414
10566,9089,25415
10567,9090,25416
10568,9091,25419
10569,9092,25430
10570,9092,25429
10571,9093,25429
10572,9094,25432
10573,9095,25436
10574,9095,25435
10575,9096,25441
10576,9097,25442
10577,9098,25444
10578,9099,25448
10579,9100,25449
10580,9100,25450
10581,9101,25450
10582,9102,25452
10583,9103,25463
10584,9103,25461
10585,9104,25461
10586,9105,25465
10587,9106,25464
10588,9107,25468
10589,9107,25466
10590,9108,25469
10591,9109,25470
10592,9110,25474
10593,9111,25472
10594,9112,25476
10595,9113,25483
10596,9113,25484
10597,9114,25482
10598,9115,25487
10599,9115,25488
10600,9116,25489
10601,9117,25490
10602,9118,25494
10603,9119,25497
10604,9120,25500
10605,9121,25502
10606,9122,25503
10607,9123,25513
10608,9124,25522
10609,9125,25521
10610,9126,25524
10611,9127,25523
10612,9128,25527
10613,9129,25526
10614,9130,25537
10615,9131,25541
10616,9132,25540
10617,9133,25546
10618,9134,25548
10619,9135,25551
10620,9135,25549
10621,9136,25549
10622,9137,25552
10623,9138,25553
10624,9139,25554
10625,9140,25557
10626,9141,25560
10627,9142,25559
10628,9143,25565
10629,9144,25566
10630,9145,25569
10631,9146,25570
10632,9147,25575
10633,9147,25576
10634,9148,25576
10635,9149,25577
10636,9150,25580
10637,9151,25584
10638,9152,25581
10639,9153,25585
10640,9154,25589
10641,9154,25590
10642,9155,25587
10643,9156,25591
10644,9156,25592
10645,9157,25592
10646,9158,25594
10647,9159,25595
10648,9160,25597
10649,9161,25603
10650,9162,25605
10651,9163,25604
10652,9163,25605
10653,9164,25611
10654,9165,25612
10655,9166,25614
10656,9167,25615
10657,9168,25616
10658,9169,25619
10659,9170,25618
10660,9170,25621
10661,9171,25622
10662,9172,25625
10663,9173,25626
10664,9173,25625
10665,9174,25629
10666,9175,25627
10667,9176,25631
10668,9176,25633
10669,9177,25632
10670,9178,25634
10671,9179,25639
10672,9180,25642
10673,9181,25646
10674,9182,25649
10675,9183,25650
10676,9184,25658
10677,9184,25659
10678,9185,25659
10679,9186,25662
10680,9187,25671
10681,9187,25672
10682,9188,25670
10683,9189,25676
10684,9189,25675
10685,9190,25681
10686,9190,25680
10687,9191,25685
10688,9191,25682
10689,9192,25684
10690,9193,25690
10691,9193,25689
10692,9194,25689
10693,9195,25693
10694,9196,25702
10695,9197,25705
10696,9198,25707
10697,9199,25708
10698,9200,25716
10699,9201,25713
10700,9202,25717
10701,9203,25718
10702,9204,25725
10703,9204,25723
10704,9205,25727
10705,9206,25730
10706,9207,25729
10707,9208,25731
10708,9209,25734
10709,9210,25732
10710,9211,25735
10711,9212,25737
10712,9213,25740
10713,9213,25739
10714,9214,25743
10715,9215,25751
10716,9216,25752
10717,9217,25754
10718,9217,25753
10719,9218,25755
10720,9219,25760
10721,9220,25761
10722,9220,25760
10723,9221,25763
10724,9222,25764
10725,9223,25765
10726,9224,25766
10727,9225,25767
10728,9226,25768
10729,9227,25777
10730,9228,25780
10731,9229,25779
10732,9229,25780
10733,9230,25790
10734,9231,25791
10735,9232,25793
10736,9232,25792
10737,9233,25795
10738,9234,25799
10739,9235,25801
10740,9236,25804
10741,9237,25803
10742,9238,25805
10743,9238,25806
10744,9239,25814
10745,9240,25812
10746,9241,25818
10747,9242,25819
10748,9242,25820
10749,9243,25823
10750,9243,25821
10751,9244,25821
10752,9245,25824
10753,9246,25828
10754,9246,25827
10755,9247,25831
10756,9248,25830
10757,9249,25832
10758,9250,25834
10759,9250,25833
10760,9251,25837
10761,9252,25838
10762,9253,25839
10763,9254,25844
10764,9255,25842
10765,9256,25847
10766,9257,25845
10767,9258,25852
10768,9258,25851
10769,9259,25855
10770,9259,25854
10771,9260,25854
10772,9261,25856
10773,9262,25857
10774,9263,25861
10775,9264,25867
10776,9264,25868
10777,9265,25868
10778,9265,25866
10779,9266,25878
10780,9267,25877
10781,9268,25881
10782,9268,25879
10783,9269,25880
10784,9270,25882
10785,9271,25883
10786,9271,25882
10787,9272,25885
10788,9273,25887
10789,9274,25889
10790,9274,25890
10791,9275,25898
10792,9276,25901
10793,9277,25900
10794,9278,25903
10795,9279,25904
10796,9279,25905
10797,9280,25905
10798,9281,25908
10799,9282,25907
10800,9283,25915
10801,9284,25916
10802,9284,25915
10803,9285,25917
10804,9286,25925
10805,9287,25924
10806,9288,25928
10807,9289,25929
10808,9290,25932
10809,9291,25945
10810,9292,25946
10811,9293,25947
10812,9294,25949
10813,9295,25951
10814,9295,25954
10815,9296,25958
10816,9297,25957
10817,9298,25962
10818,9299,25963
10819,9300,25965
10820,9301,25966
10821,9302,25971
10822,9303,25972
10823,9304,25975
10824,9305,25977
10825,9306,25980
10826,9306,25979
10827,9307,25983
10828,9308,25985
10829,9309,25988
10830,9310,25987
10831,9311,25991
10832,9311,25989
10833,9312,25990
10834,9313,25992
10835,9314,25994
10836,9315,26000
10837,9316,26002
10838,9317,26014
10839,9318,26017
10840,9319,26016
10841,9320,26018
10842,9321,26019
10843,9322,26023
10844,9323,26027
10845,9323,26028
10846,9324,26028
10847,9325,26033
10848,9326,26034
10849,9327,26036
10850,9327,26037
10851,9328,26037
10852,9329,26038
10853,9330,26040
10854,9331,26041
10855,9332,26042
10856,9333,26043
10857,9334,26044
10858,9335,26045
10859,9336,26047
10860,9337,26048
10861,9337,26051
10862,9338,26056
10863,9339,26067
10864,9340,26069
10865,9341,26072
10866,9342,26076
10867,9343,26078
10868,9344,26086
10869,9345,26084
10870,9346,26089
10871,9347,26088
10872,9348,26090
10873,9349,26099
10874,9349,26101
10875,9350,26100
10876,9350,26101
10877,9351,26103
10878,9352,26102
10879,9353,26104
10880,9354,26106
10881,9355,26108
10882,9356,26107
10883,9357,26110
10884,9357,26111
10885,9358,26111
10886,9359,26112
10887,9360,26114
10888,9361,26115
10889,9362,26120
10890,9363,26119
10891,9364,26127
10892,9365,26128
10893,9365,26127
10894,9366,26130
10895,9367,26129
10896,9368,26132
10897,9369,26133
10898,9370,26134
10899,9371,26135
10900,9372,26136
10901,9373,26141
10902,9374,26143
10903,9374,26142
10904,9375,26142
10905,9376,26154
10906,9377,26155
10907,9378,26162
10908,9379,26161
10909,9380,26165
10910,9381,26171
10911,9382,26169
10912,9383,26179
10913,9384,26181
10914,9385,26180
10915,9386,26192
10916,9387,26193
10917,9387,26191
10918,9388,26196
10919,9389,26195
10920,9390,26198
10921,9391,26197
10922,9392,26201
10923,9393,26202
10924,9394,26204
10925,9395,26203
10926,9396,26207
10927,9397,26214
10928,9398,26215
10929,9399,26217
10930,9400,26218
10931,9401,26220
10932,9402,26221
10933,9403,26222
10934,9404,26223
10935,9405,26224
10936,9406,26234
10937,9407,26246
10938,9408,26247
10939,9409,26248
10940,9410,26249
10941,9411,26253
10942,9412,26261
10943,9413,26262
10944,9414,26267
10945,9415,26266
10946,9416,26272
10947,9417,26271
10948,9417,26273
10949,9418,26275
10950,9419,26289
10951,9419,26288
10952,9420,26290
10953,9421,26291
10954,9422,26293
10955,9423,26294
10956,9424,26295
10957,9425,26296
10958,9426,26302
10959,9427,26305
10960,9428,26314
10961,9429,26315
10962,9430,26319
10963,9431,26320
10964,9431,26321
10965,9432,26325
10966,9433,26327
10967,9434,26326
10968,9435,26329
10969,9436,26328
10970,9437,26331
10971,9438,26336
10972,9439,26341
10973,9439,26340
10974,9440,26340
10975,9441,26346
10976,9442,26348
10977,9443,26357
10978,9444,26356
10979,9444,26357
10980,9445,26367
10981,9446,26365
10982,9446,26366
10983,9447,26371
10984,9447,26369
10985,9448,26375
10986,9449,26374
10987,9450,26377
10988,9450,26376
10989,9451,26376
10990,9452,26383
10991,9453,26385
10992,9453,26386
10993,9454,26386
10994,9455,26387
10995,9455,26388
10996,9456,26392
10997,9457,26391
10998,9458,26394
10999,9459,26396
11000,9459,26397
11001,9460,26400
11002,9461,26401
11003,9462,26411
11004,9463,26413
11005,9464,26415
11006,9465,26418
11007,9466,26420
11008,9467,26421
11009,9468,26423
11010,9469,26427
11011,9470,26426
11012,9471,26429
11013,9472,26434
11014,9473,26435
11015,9474,26439
11016,9475,26440
11017,9476,26443
11018,9477,26444
11019,9477,26446
11020,9478,26448
11021,9479,26449
11022,9480,26450
11023,9481,26454
11024,9482,26457
11025,9483,26464
11026,9484,26465
11027,9485,26469
11028,9485,26470
11029,9486,26472
11030,9487,26473
11031,9488,26474
11032,9489,26475
11033,9490,26476
11034,9491,26479
11035,9492,26481
11036,9492,26484
11037,9493,26483
11038,9494,26485
11039,9495,26490
11040,9496,26491
11041,9497,26494
11042,9498,26497
11043,9499,26499
11044,9499,26500
11045,9500,26498
11046,9501,26501
11047,9502,26512
11048,9503,26511
11049,9504,26516
11050,9505,26515
11051,9506,26519
11052,9507,26525
11053,9507,26526
11054,9508,26526
11055,9508,26525
11056,9509,26528
11057,9510,26529
11058,9511,26530
11059,9512,26549
11060,9513,26551
11061,9514,26552
11062,9515,26557
11063,9516,26564
11064,9516,26563
11065,9517,26565
11066,9518,26566
11067,9519,26576
11068,9520,26578
11069,9521,26585
11070,9522,26584
11071,9523,26589
11072,9524,26588
11073,9524,26589
11074,9525,26590
11075,9526,26600
11076,9527,26603
11077,9528,26604
11078,9529,26605
11079,9530,26610
11080,9531,26611
11081,9532,26612
11082,9533,26617
11083,9533,26615
11084,9534,26615
11085,9535,26618
11086,9536,26623
11087,9537,26624
11088,9538,26626
11089,9539,26633
11090,9540,26630
11091,9540,26631
11092,9541,26643
11093,9541,26642
11094,9542,26646
11095,9543,26654
11096,9544,26655
11097,9545,26657
11098,9546,26656
11099,9547,26662
11100,9548,26659
11101,9549,26664
11102,9550,26678
11103,9551,26680
11104,9552,26683
11105,9553,26684
11106,9554,26685
11107,9555,26691
11108,9556,26697
11109,9557,26705
11110,9558,26710
11111,9558,26708
11112,9559,26715
11113,9559,26714
11114,9560,26717
11115,9561,26724
11116,9561,26722
11117,9562,26722
11118,9563,26725
11119,9564,26726
11120,9565,26732
11121,9566,26736
11122,9567,26735
11123,9568,26740
11124,9569,26741
11125,9570,26742
11126,9571,26746
11127,9572,26745
11128,9573,26748
11129,9574,26747
11130,9575,26750
11131,9576,26752
11132,9577,26754
11133,9578,26753
11134,9579,26755
11135,9580,26761
11136,9581,26763
11137,9582,26772
11138,9583,26774
11139,9584,26780
11140,9585,26779
11141,9586,26782
11142,9587,26783
11143,9587,26784
11144,9588,26784
11145,9589,26789
11146,9590,26790
11147,9591,26792
11148,9592,26795
11149,9593,26799
11150,9594,26802
11151,9595,26803
11152,9596,26805
11153,9597,26806
11154,9598,26810
11155,9598,26808
11156,9599,26813
11157,9600,26817
11158,9600,26818
11159,9601,26821
11160,9602,26822
11161,9603,26825
11162,9604,26826
11163,9605,26827
11164,9606,26831
11165,9606,26832
11166,9607,26830
11167,9608,26836
11168,9609,26842
11169,9610,26843
11170,9611,26844
11171,9612,26846
11172,9613,26852
11173,9614,26853
11174,9615,26857
11175,9616,26869
11176,9616,26870
11177,9617,26874
11178,9618,26873
11179,9618,26874
11180,9619,26877
11181,9620,26880
11182,9620,26881
11183,9621,26878
11184,9622,26882
11185,9623,26888
11186,9623,26887
11187,9624,26894
11188,9625,26904
11189,9626,26907
11190,9627,26906
11191,9627,26907
11192,9628,26913
11193,9629,26914
11194,9630,26916
11195,9630,26915
11196,9631,26917
11197,9632,26921
11198,9633,26926
11199,9634,26932
11200,9635,26934
11201,9636,26935
11202,9637,26936
11203,9638,26943
11204,9639,26960
11205,9640,26958
11206,9641,26964
11207,9642,26972
11208,9643,26973
11209,9644,26975
11210,9645,26974
11211,9646,26987
11212,9646,26986
11213,9647,26986
11214,9648,26989
11215,9649,26992
11216,9650,26995
11217,9651,26998
11218,9651,26996
11219,9652,26999
11220,9653,27013
11221,9654,27011
11222,9655,27020
11223,9656,27021
11224,9657,27023
11225,9658,27024
11226,9659,27025
11227,9659,27026
11228,9660,27029
11229,9661,27033
11230,9662,27032
11231,9663,27044
11232,9664,27043
11233,9665,27051
11234,9666,27054
11235,9667,27053
11236,9668,27056
11237,9669,27058
11238,9670,27061
11239,9671,27063
11240,9672,27064
11241,9673,27065
11242,9674,27068
11243,9675,27072
11244,9676,27071
11245,9677,27074
11246,9678,27075
11247,9679,27076
11248,9680,27077
11249,9681,27079
11250,9682,27080
11251,9683,27081
11252,9684,27084
11253,9685,27085
11254,9686,27087
11255,9686,27086
11256,9687,27089
11257,9688,27090
11258,9688,27088
11259,9689,27091
11260,9690,27097
11261,9691,27101
11262,9692,27103
11263,9692,27105
11264,9693,27122
11265,9694,27123
11266,9695,27149
11267,9696,27157
11268,9697,27158
11269,9698,27160
11270,9699,27162
11271,9700,27163
11272,9701,27166
11273,9702,27165
11274,9703,27171
11275,9703,27168
11276,9704,27169
11277,9705,27176
11278,9706,27179
11279,9707,27180
11280,9708,27193
11281,9709,27192
11282,9710,27196
11283,9711,27194
11284,9712,27199
11285,9713,27203
11286,9713,27200
11287,9714,27202
11288,9714,27200
11289,9715,27204
11290,9716,27209
11291,9716,27208
11292,9717,27213
11293,9718,27214
11294,9719,27215
11295,9720,27217
11296,9721,27216
11297,9722,27220
11298,9723,27222
11299,9724,27223
11300,9725,27226
11301,9726,27227
11302,9727,27229
11303,9728,27234
11304,9729,27236
11305,9729,27235
11306,9730,27240
11307,9731,27243
11308,9732,27241
11309,9733,27249
11310,9734,27254
11311,9735,27253
11312,9735,27254
11313,9736,27261
11314,9737,27266
11315,9738,27274
11316,9739,27276
11317,9740,27277
11318,9741,27278
11319,9741,27277
11320,9742,27279
11321,9743,27282
11322,9744,27286
11323,9745,27291
11324,9746,27297
11325,9747,27295
11326,9748,27306
11327,9749,27308
11328,9750,27307
11329,9750,27308
11330,9751,27309
11331,9752,27315
11332,9753,27321
11333,9754,27324
11334,9755,27329
11335,9755,27330
11336,9756,27331
11337,9757,27332
11338,9757,27334
11339,9758,27337
11340,9759,27340
11341,9760,27339
11342,9761,27345
11343,9762,27346
11344,9763,27350
11345,9763,27349
11346,9764,27356
11347,9764,27354
11348,9765,27355
11349,9766,27366
11350,9767,27368
11351,9768,27373
11352,9769,27375
11353,9769,27376
11354,9770,27376
11355,9770,27375
11356,9771,27381
11357,9772,27384
11358,9773,27383
11359,9774,27385
11360,9775,27413
11361,9776,27417
11362,9777,27416
11363,9778,27423
11364,9779,27425
11365,9779,27424
11366,9780,27424
11367,9780,27425
11368,9781,27426
11369,9782,27429
11370,9783,27433
11371,9783,27436
11372,9784,27441
11373,9785,27442
11374,9786,27443
11375,9787,27447
11376,9788,27445
11377,9789,27452
11378,9789,27449
11379,9790,27449
11380,9790,27452
11381,9791,27457
11382,9792,27455
11383,9793,27459
11384,9794,27460
11385,9795,27467
11386,9795,27466
11387,9796,27468
11388,9796,27466
11389,9797,27470
11390,9798,27473
11391,9799,27474
11392,9800,27476
11393,9801,27479
11394,9802,27481
11395,9803,27483
11396,9804,27489
11397,9805,27490
11398,9806,27493
11399,9807,27496
11400,9808,27495
11401,9809,27498
11402,9810,27501
11403,9811,27500
11404,9812,27507
11405,9813,27508
11406,9814,27510
11407,9814,27509
11408,9815,27509
11409,9815,27510
11410,9816,27512
11411,9817,27511
11412,9817,27512
11413,9818,27518
11414,9818,27517
11415,9819,27517
11416,9819,27518
11417,9820,27522
11418,9821,27530
11419,9822,27532
11420,9823,27533
11421,9823,27534
11422,9824,27534
11423,9824,27533
11424,9825,27537
11425,9826,27539
11426,9827,27540
11427,9828,27541
11428,9828,27542
11429,9829,27542
11430,9830,27546
11431,9831,27544
11432,9831,27545
11433,9832,27548
11434,9833,27551
11435,9834,27552
11436,9835,27560
11437,9836,27565
11438,9837,27566
11439,9838,27567
11440,9839,27568
11441,9840,27569
11442,9841,27570
11443,9842,27575
11444,9843,27579
11445,9843,27577
11446,9844,27580
11447,9845,27581
11448,9846,27586
11449,9847,27592
11450,9848,27591
11451,9849,27595
11452,9850,27599
11453,9851,27600
11454,9852,27602
11455,9853,27604
11456,9854,27607
11457,9855,27610
11458,9856,27611
11459,9857,27613
11460,9858,27615
11461,9859,27618
11462,9860,27629
11463,9860,27628
11464,9861,27635
11465,9862,27634
11466,9863,27638
11467,9863,27639
11468,9864,27643
11469,9865,27642
11470,9866,27644
11471,9866,27647
11472,9867,27646
11473,9868,27652
11474,9869,27659
11475,9870,27664
11476,9871,27676
11477,9872,27678
11478,9873,27681
11479,9874,27679
11480,9875,27683
11481,9875,27684
11482,9876,27685
11483,9877,27688
11484,9877,27687
11485,9878,27687
11486,9878,27688
11487,9879,27691
11488,9879,27689
11489,9880,27692
11490,9881,27701
11491,9882,27703
11492,9883,27712
11493,9883,27713
11494,9884,27714
11495,9885,27716
11496,9886,27717
11497,9887,27718
11498,9888,27720
11499,9889,27725
11500,9890,27726
11501,9891,27727
11502,9891,27728
11503,9892,27729
11504,9892,27730
11505,9893,27735
11506,9894,27740
11507,9895,27741
11508,9896,27747
11509,9897,27745
11510,9898,27749
11511,9899,27752
11512,9900,27757
11513,9901,27758
11514,9902,27761
11515,9903,27759
11516,9904,27766
11517,9905,27764
11518,9906,27767
11519,9907,27768
11520,9908,27770
11521,9909,27771
11522,9910,27775
11523,9911,27780
11524,9912,27788
11525,9913,27789
11526,9914,27794
11527,9915,27796
11528,9916,27800
11529,9917,27801
11530,9918,27803
11531,9919,27802
11532,9920,27804
11533,9921,27805
11534,9921,27806
11535,9922,27806
11536,9923,27809
11537,9924,27807
11538,9925,27814
11539,9926,27813
11540,9927,27820
11541,9928,27819
11542,9929,27822
11543,9930,27821
11544,9931,27824
11545,9932,27827
11546,9933,27826
11547,9934,27829
11548,9934,27831
11549,9935,27831
11550,9936,27833
11551,9937,27836
11552,9938,27835
11553,9939,27839
11554,9939,27841
11555,9940,27842
11556,9941,27843
11557,9941,27842
11558,9942,27845
11559,9943,27851
11560,9944,27856
11561,9945,27857
11562,9946,27859
11563,9946,27858
11564,9947,27868
11565,9948,27870
11566,9949,27874
11567,9950,27876
11568,9951,27878
11569,9952,27879
11570,9953,27882
11571,9953,27883
11572,9954,27886
11573,9955,27885
11574,9956,27889
11575,9957,27887
11576,9958,27896
11577,9959,27899
11578,9960,27900
11579,9960,27899
11580,9961,27903
11581,9962,27902
11582,9963,27905
11583,9964,27906
11584,9965,27907
11585,9966,27911
11586,9967,27918
11587,9968,27917
11588,9969,27926
11589,9969,27925
11590,9970,27928
11591,9971,27927
11592,9972,27932
11593,9973,27931
11594,9973,27932
11595,9974,27933
11596,9975,27940
11597,9975,27941
11598,9976,27941
11599,9977,27944
11600,9978,27945
11601,9979,27951
11602,9980,27957
11603,9981,27956
11604,9982,27962
11605,9982,27964
11606,9983,27964
11607,9984,27968
11608,9985,27972
11609,9985,27971
11610,9986,27973
11611,9987,27974
11612,9988,27980
11613,9988,27979
11614,9989,27981
11615,9990,27990
11616,9991,27994
11617,9992,28003
11618,9993,28005
11619,9994,28011
11620,9995,28010
11621,9996,28015
11622,9997,28018
11623,9998,28020
11624,9999,28023
11625,10000,28022
11626,10000,28023
11627,10001,28026
11628,10002,28027
11629,10003,28030
11630,10004,28029
11631,10004,28030
11632,10005,28033
11633,10006,28032
11634,10007,28037
11635,10008,28036
11636,10009,28038
11637,10010,28040
11638,10011,28041
11639,10012,28044
11640,10013,28045
11641,10014,28050
11642,10015,28057
11643,10015,28056
11644,10016,28059
11645,10017,28062
11646,10018,28063
11647,10019,28067
11648,10019,28066
11649,10020,28066
11650,10021,28068
11651,10021,28070
11652,10022,28071
11653,10023,28072
11654,10023,28071
11655,10024,28073
11656,10024,28074
11657,10025,28075
11658,10026,28079
11659,10026,28077
11660,10027,28077
11661,10027,28080
11662,10028,28082
11663,10029,28083
11664,10029,28081
11665,10030,28088
11666,10031,28092
11667,10032,28093
11668,10032,28094
11669,10033,28095
11670,10034,28099
11671,10035,28100
11672,10036,28102
11673,10036,28101
11674,10037,28105
11675,10038,28106
11676,10039,28112
11677,10040,28111
11678,10040,28113
11679,10041,28114
11680,10042,28118
11681,10042,28117
11682,10043,28119
11683,10044,28122
11684,10045,28126
11685,10045,28127
11686,10046,28128
11687,10047,28135
11688,10048,28141
11689,10049,28145
11690,10050,28146
11691,10051,28147
11692,10052,28151
11693,10052,28150
11694,10053,28149
11695,10054,28153
11696,10055,28155
11697,10056,28158
11698,10057,28169
11699,10058,28167
11700,10059,28171
11701,10060,28176
11702,10061,28183
11703,10062,28182
11704,10063,28187
11705,10064,28192
11706,10065,28191
11707,10066,28201
11708,10067,28206
11709,10067,28205
11710,10068,28204
11711,10069,28210
11712,10070,28215
11713,10070,28216
11714,10071,28216
11715,10072,28219
11716,10073,28221
11717,10074,28222
11718,10074,28223
11719,10075,28223
11720,10076,28224
11721,10077,28230
11722,10078,28229
11723,10079,28232
11724,10080,28234
11725,10081,28242
11726,10082,28243
11727,10083,28245
11728,10084,28248
11729,10085,28249
11730,10086,28252
11731,10087,28257
11732,10088,28261
11733,10089,28260
11734,10090,28268
11735,10090,28269
11736,10091,28270
11737,10091,28269
11738,10092,28273
11739,10093,28278
11740,10093,28279
11741,10094,28281
11742,10095,28290
11743,10096,28293
11744,10096,28294
11745,10097,28291
11746,10098,28298
11747,10099,28299
11748,10100,28303
11749,10101,28309
11750,10101,28308
11751,10102,28311
11752,10103,28317
11753,10104,28319
11754,10105,28321
11755,10105,28318
11756,10106,28324
11757,10107,28326
11758,10108,28325
11759,10108,28326
11760,10109,28328
11761,10110,28330
11762,10111,28340
11763,10112,28342
11764,10112,28344
11765,10113,28346
11766,10113,28345
11767,10114,28347
11768,10114,28348
11769,10115,28349
11770,10116,28352
11771,10117,28357
11772,10118,28360
11773,10119,28362
11774,10119,28364
11775,10120,28369
11776,10121,28373
11777,10122,28372
11778,10122,28373
11779,10123,28374
11780,10124,28376
11781,10125,28378
11782,10126,28383
11783,10127,28384
11784,10128,28385
11785,10129,28386
11786,10129,28385
11787,10130,28393
11788,10131,28396
11789,10131,28394
11790,10132,28394
11791,10133,28400
11792,10133,28399
11793,10134,28399
11794,10134,28400
11795,10135,28401
11796,10136,28404
11797,10136,28406
11798,10137,28407
11799,10138,28409
11800,10139,28410
11801,10140,28413
11802,10141,28415
11803,10141,28414
11804,10142,28418
11805,10143,28425
11806,10144,28426
11807,10145,28427
11808,10146,28428
11809,10146,28429
11810,10147,28430
11811,10148,28431
11812,10149,28437
11813,10149,28436
11814,10150,28439
11815,10151,28440
11816,10152,28445
11817,10153,28444
11818,10154,28447
11819,10155,28448
11820,10156,28453
11821,10157,28452
11822,10158,28457
11823,10159,28456
11824,10160,28462
11825,10161,28464
11826,10162,28473
11827,10163,28475
11828,10164,28483
11829,10165,28490
11830,10166,28488
11831,10166,28489
11832,10167,28496
11833,10168,28495
11834,10169,28500
11835,10169,28501
11836,10170,28502
11837,10171,28504
11838,10172,28503
11839,10173,28507
11840,10174,28509
11841,10175,28510
11842,10176,28512
11843,10177,28514
11844,10178,28513
11845,10179,28517
11846,10180,28516
11847,10180,28517
11848,10181,28526
11849,10181,28524
11850,10182,28525
11851,10183,28532
11852,10183,28533
11853,10184,28537
11854,10185,28544
11855,10186,28545
11856,10187,28554
11857,10188,28557
11858,10189,28560
11859,10189,28559
11860,10190,28561
11861,10191,28565
11862,10192,28564
11863,10193,28569
11864,10194,28570
11865,10195,28580
11866,10195,28581
11867,10196,28590
11868,10197,28592
11869,10198,28593
11870,10199,28594
11871,10200,28596
11872,10201,28598
11873,10202,28617
11874,10203,28615
11875,10204,28624
11876,10204,28626
11877,10205,28625
11878,10205,28624
11879,10206,28627
11880,10206,28628
11881,10207,28630
11882,10208,28629
11883,10209,28637
11884,10210,28636
11885,10210,28637
11886,10211,28639
11887,10212,28641
11888,10213,28643
11889,10214,28644
11890,10215,28645
11891,10216,28655
11892,10217,28662
11893,10218,28665
11894,10219,28664
11895,10219,28665
11896,10220,28672
11897,10221,28678
11898,10222,28679
11899,10223,28682
11900,10223,28681
11901,10224,28680
11902,10224,28682
11903,10225,28691
11904,10226,28695
11905,10227,28696
11906,10228,28701
11907,10229,28703
11908,10229,28702
11909,10230,28710
11910,10231,28719
11911,10232,28720
11912,10233,28725
11913,10234,28727
11914,10235,28728
11915,10236,28729
11916,10237,28734
11917,10238,28739
11918,10239,28740
11919,10240,28741
11920,10241,28747
11921,10242,28750
11922,10243,28755
11923,10244,28758
11924,10244,28759
11925,10245,28760
11926,10246,28770
11927,10247,28774
11928,10248,28773
11929,10249,28779
11930,10250,28780
11931,10250,28778
11932,10251,28781
11933,10252,28782
11934,10253,28788
11935,10254,28789
11936,10255,28790
11937,10256,28791
11938,10257,28792
11939,10258,28797
11940,10258,28796
11941,10259,28808
11942,10260,28810
11943,10261,28815
11944,10261,28813
11945,10262,28813
11946,10263,28817
11947,10264,28816
11948,10264,28817
11949,10265,28818
11950,10266,28819
11951,10267,28820
11952,10268,28821
11953,10269,28824
11954,10269,28823
11955,10270,28823
11956,10270,28824
11957,10271,28826
11958,10271,28827
11959,10272,28828
11960,10273,28833
11961,10274,28837
11962,10274,28835
11963,10275,28840
11964,10276,28843
11965,10277,28841
11966,10278,28844
11967,10279,28846
11968,10280,28848
11969,10281,28849
11970,10282,28853
11971,10283,28850
11972,10284,28854
11973,10284,28855
11974,10285,28855
11975,10285,28854
11976,10286,28856
11977,10287,28860
11978,10288,28863
11979,10289,28864
11980,10290,28870
11981,10291,28874
11982,10292,28875
11983,10293,28879
11984,10294,28887
11985,10295,28890
11986,10296,28891
11987,10297,28895
11988,10298,28898
11989,10299,28903
11990,10300,28902
11991,10300,28903
11992,10301,28906
11993,10302,28914
11994,10303,28920
11995,10303,28919
11996,10304,28922
11997,10305,28925
11998,10306,28931
11999,10307,28930
12000,10308,28940
12001,10309,28939
12002,10310,28945
12003,10311,28948
12004,10312,28951
12005,10313,28961
12006,10313,28959
12007,10314,28966
12008,10315,28965
12009,10316,28972
12010,10317,28979
12011,10318,28981
12012,10319,28980
12013,10320,28983
12014,10321,28984
12015,10322,28989
12016,10323,28990
12017,10324,28992
12018,10325,28995
12019,10326,28994
12020,10327,28999
12021,10328,29000
12022,10329,29002
12023,10330,29003
12024,10331,29006
12025,10332,29007
12026,10333,29013
12027,10333,29014
12028,10334,29017
12029,10334,29016
12030,10335,29016
12031,10336,29021
12032,10337,29023
12033,10338,29027
12034,10339,29035
12035,10340,29037
12036,10341,29044
12037,10342,29045
12038,10343,29047
12039,10344,29050
12040,10344,29053
12041,10345,29051
12042,10345,29050
12043,10346,29054
12044,10347,29058
12045,10348,29060
12046,10349,29063
12047,10350,29071
12048,10351,29074
12049,10351,29072
12050,10352,29072
12051,10352,29073
12052,10353,29076
12053,10353,29078
12054,10354,29078
12055,10354,29077
12056,10355,29082
12057,10356,29080
12058,10357,29088
12059,10358,29087
12060,10359,29094
12061,10360,29098
12062,10360,29097
12063,10361,29096
12064,10361,29097
12065,10362,29099
12066,10363,29110
12067,10364,29113
12068,10365,29112
12069,10365,29113
12070,10366,29116
12071,10367,29115
12072,10368,29118
12073,10368,29117
12074,10369,29117
12075,10370,29121
12076,10371,29119
12077,10372,29122
12078,10372,29124
12079,10373,29132
12080,10374,29139
12081,10375,29144
12082,10376,29143
12083,10377,29168
12084,10377,29166
12085,10378,29165
12086,10378,29166
12087,10379,29169
12088,10380,29170
12089,10381,29173
12090,10382,29174
12091,10383,29180
12092,10384,29181
12093,10385,29185
12094,10386,29183
12095,10387,29200
12096,10388,29205
12097,10389,29204
12098,10390,29206
12099,10391,29212
12100,10392,29218
12101,10393,29223
12102,10394,29222
12103,10394,29223
12104,10395,29227
12105,10396,29232
12106,10397,29235
12107,10398,29238
12108,10399,29239
12109,10400,29243
12110,10401,29245
12111,10402,29247
12112,10403,29249
12113,10404,29255
12114,10405,29258
12115,10406,29257
12116,10407,29261
12117,10408,29260
12118,10409,29265
12119,10409,29266
12120,10410,29269
12121,10411,29270
12122,10412,29272
12123,10413,29275
12124,10414,29274
12125,10415,29278
12126,10416,29279
12127,10417,29280
12128,10418,29282
12129,10419,29286
12130,10420,29293
12131,10421,29294
12132,10422,29295
12133,10423,29299
12134,10424,29304
12135,10425,29308
12136,10426,29309
12137,10426,29306
12138,10427,29311
12139,10427,29310
12140,10428,29314
12141,10429,29317
12142,10430,29318
12143,10430,29317
12144,10431,29321
12145,10432,29320
12146,10432,29321
12147,10433,29323
12148,10434,29329
12149,10434,29326
12150,10435,29333
12151,10436,29330
12152,10437,29334
12153,10438,29336
12154,10438,29334
12155,10439,29339
12156,10440,29340
12157,10441,29344
12158,10441,29345
12159,10442,29356
12160,10442,29355
12161,10443,29354
12162,10444,29357
12163,10445,29362
12164,10446,29365
12165,10447,29372
12166,10448,29374
12167,10449,29377
12168,10450,29378
12169,10451,29383
12170,10452,29381
12171,10453,29389
12172,10454,29388
12173,10455,29390
12174,10456,29394
12175,10457,29395
12176,10458,29402
12177,10459,29403
12178,10460,29405
12179,10461,29407
12180,10462,29406
12181,10462,29407
12182,10463,29408
12183,10463,29410
12184,10464,29412
12185,10465,29414
12186,10466,29416
12187,10467,29421
12188,10468,29427
12189,10469,29426
12190,10470,29429
12191,10471,29432
12192,10472,29433
12193,10472,29431
12194,10473,29434
12195,10474,29438
12196,10475,29440
12197,10476,29441
12198,10477,29443
12199,10478,29444
12200,10479,29446
12201,10480,29447
12202,10481,29449
12203,10482,29450
12204,10482,29452
12205,10483,29453
12206,10484,29455
12207,10485,29454
12208,10486,29458
12209,10487,29457
12210,10488,29462
12211,10489,29472
12212,10489,29471
12213,10490,29473
12214,10491,29480
12215,10492,29484
12216,10493,29486
12217,10494,29485
12218,10494,29486
12219,10495,29487
12220,10495,29489
12221,10496,29488
12222,10497,29491
12223,10498,29494
12224,10499,29493
12225,10500,29497
12226,10501,29498
12227,10502,29499
12228,10503,29500
12229,10504,29506
12230,10505,29505
12231,10506,29507
12232,10507,29509
12233,10508,29516
12234,10509,29520
12235,10510,29521
12236,10511,29525
12237,10512,29524
12238,10513,29532
12239,10513,29530
12240,10514,29531
12241,10515,29534
12242,10516,29533
12243,10516,29534
12244,10517,29547
12245,10518,29549
12246,10519,29548
12247,10520,29557
12248,10521,29556
12249,10522,29561
12250,10523,29562
12251,10524,29563
12252,10525,29574
12253,10526,29575
12254,10527,29577
12255,10528,29578
12256,10528,29579
12257,10529,29582
12258,10530,29581
12259,10531,29586
12260,10532,29584
12261,10533,29588
12262,10533,29589
12263,10534,29589
12264,10535,29591
12265,10536,29590
12266,10537,29593
12267,10538,29595
12268,10539,29597
12269,10540,29599
12270,10540,29601
12271,10541,29605
12272,10542,29604
12273,10543,29608
12274,10544,29606
12275,10545,29615
12276,10546,29616
12277,10547,29622
12278,10548,29628
12279,10549,29630
12280,10550,29640
12281,10551,29642
12282,10552,29645
12283,10553,29649
12284,10554,29655
12285,10555,29658
12286,10556,29661
12287,10557,29664
12288,10558,29665
12289,10559,29668
12290,10560,29669
12291,10561,29672
12292,10562,29674
12293,10563,29673
12294,10564,29676
12295,10565,29680
12296,10566,29686
12297,10567,29687
12298,10568,29689
12299,10568,29690
12300,10569,29691
12301,10570,29694
12302,10570,29692
12303,10571,29698
12304,10572,29699
12305,10573,29703
12306,10573,29702
12307,10574,29704
12308,10575,29711
12309,10575,29714
12310,10576,29714
12311,10577,29716
12312,10578,29715
12313,10579,29720
12314,10579,29719
12315,10580,29719
12316,10581,29724
12317,10582,29725
12318,10583,29728
12319,10584,29730
12320,10585,29732
12321,10586,29736
12322,10587,29739
12323,10588,29740
12324,10589,29744
12325,10590,29745
12326,10590,29746
12327,10591,29749
12328,10592,29748
12329,10593,29751
12330,10594,29753
12331,10594,29754
12332,10595,29756
12333,10595,29755
12334,10596,29757
12335,10597,29765
12336,10598,29768
12337,10599,29770
12338,10600,29781
12339,10601,29782
12340,10602,29785
12341,10603,29787
12342,10604,29790
12343,10604,29789
12344,10605,29789
12345,10605,29790
12346,10606,29792
12347,10607,29793
12348,10607,29792
12349,10608,29795
12350,10609,29794
12351,10610,29800
12352,10611,29801
12353,10611,29799
12354,10612,29803
12355,10612,29802
12356,10613,29802
12357,10614,29804
12358,10615,29814
12359,10616,29813
12360,10616,29812
12361,10617,29816
12362,10618,29818
12363,10619,29817
12364,10620,29821
12365,10621,29824
12366,10622,29826
12367,10623,29832
12368,10624,29834
12369,10625,29833
12370,10626,29836
12371,10627,29837
12372,10628,29839
12373,10629,29843
12374,10630,29845
12375,10631,29846
12376,10632,29848
12377,10633,29847
12378,10634,29850
12379,10635,29851
12380,10636,29856
12381,10637,29862
12382,10638,29860
12383,10639,29869
12384,10640,29868
12385,10641,29881
12386,10642,29883
12387,10643,29887
12388,10644,29889
12389,10644,29890
12390,10645,29898
12391,10646,29899
12392,10647,29905
12393,10648,29907
12394,10649,29909
12395,10650,29915
12396,10651,29916
12397,10652,29917
12398,10653,29923
12399,10653,29922
12400,10654,29928
12401,10655,29930
12402,10656,29931
12403,10657,29932
12404,10658,29934
12405,10659,29933
12406,10660,29936
12407,10660,29938
12408,10661,29938
12409,10662,29939
12410,10663,29940
12411,10664,29941
12412,10665,29943
12413,10666,29942
12414,10666,29943
12415,10667,29951
12416,10668,29954
12417,10669,29955
12418,10670,29958
12419,10671,29960
12420,10672,29962
12421,10673,29964
12422,10674,29966
12423,10674,29965
12424,10675,29967
12425,10676,29970
12426,10676,29969
12427,10677,29971
12428,10678,29972
12429,10679,29973
12430,10680,29977
12431,10680,29978
12432,10681,29978
12433,10681,29977
12434,10682,29980
12435,10683,29981
12436,10684,29993
12437,10685,29994
12438,10686,29997
12439,10687,29996
12440,10688,30000
12441,10689,29999
12442,10690,30002
12443,10691,30005
12444,10692,30007
12445,10693,30006
12446,10693,30007
12447,10694,30009
12448,10695,30018
12449,10696,30019
12450,10697,30023
12451,10698,30024
12452,10698,30026
12453,10699,30031
12454,10700,30032
12455,10700,30033
12456,10701,30041
12457,10702,30045
12458,10703,30044
12459,10704,30049
12460,10705,30048
12461,10705,30046
12462,10706,30050
12463,10706,30051
12464,10707,30053
12465,10708,30052
12466,10709,30056
12467,10710,30061
12468,10711,30063
12469,10712,30071
12470,10713,30073
12471,10713,30072
12472,10714,30072
12473,10715,30074
12474,10716,30075
12475,10717,30079
12476,10717,30082
12477,10718,30083
12478,10719,30086
12479,10720,30091
12480,10720,30090
12481,10721,30097
12482,10722,30094
12483,10722,30097
12484,10723,30099
12485,10724,30100
12486,10724,30099
12487,10725,30106
12488,10726,30112
12489,10727,30113
12490,10728,30117
12491,10728,30118
12492,10729,30123
12493,10730,30122
12494,10731,30125
12495,10731,30127
12496,10732,30126
12497,10733,30130
12498,10734,30134
12499,10735,30136
12500,10736,30138
12501,10737,30141
12502,10738,30144
12503,10738,30141
12504,10739,30147
12505,10740,30151
12506,10741,30152
12507,10741,30153
12508,10742,30153
12509,10743,30157
12510,10744,30158
12511,10744,30159
12512,10745,30161
12513,10746,30162
12514,10747,30165
12515,10748,30167
12516,10748,30168
12517,10749,30168
12518,10750,30169
12519,10751,30176
12520,10752,30177
12521,10753,30181
12522,10754,30184
12523,10755,30189
12524,10756,30192
12525,10757,30191
12526,10758,30197
12527,10758,30195
12528,10759,30200
12529,10760,30207
12530,10761,30211
12531,10762,30213
12532,10763,30214
12533,10764,30215
12534,10765,30217
12535,10766,30218
12536,10767,30220
12537,10768,30219
12538,10769,30224
12539,10769,30227
12540,10770,30229
12541,10770,30228
12542,10771,30230
12543,10772,30240
12544,10773,30239
12545,10774,30241
12546,10775,30242
12547,10775,30243
12548,10776,30243
12549,10776,30242
12550,10777,30251
12551,10778,30252
12552,10779,30262
12553,10779,30260
12554,10780,30266
12555,10781,30265
12556,10781,30266
12557,10782,30268
12558,10782,30267
12559,10783,30267
12560,10784,30269
12561,10785,30271
12562,10786,30275
12563,10787,30277
12564,10788,30276
12565,10788,30277
12566,10789,30279
12567,10789,30278
12568,10790,30281
12569,10791,30284
12570,10792,30293
12571,10793,30300
12572,10794,30299
12573,10795,30303
12574,10795,30301
12575,10796,30304
12576,10797,30308
12577,10798,30309
12578,10799,30310
12579,10799,30311
12580,10800,30312
12581,10801,30313
12582,10802,30319
12583,10803,30323
12584,10804,30326
12585,10805,30331
12586,10806,30330
12587,10807,30333
12588,10808,30340
12589,10809,30342
12590,10810,30345
12591,10811,30348
12592,10812,30353
12593,10813,30352
12594,10814,30357
12595,10814,30356
12596,10815,30360
12597,10815,30361
12598,10816,30367
12599,10817,30368
12600,10818,30369
12601,10819,30372
12602,10820,30373
12603,10820,30372
12604,10821,30374
12605,10821,30375
12606,10822,30379
12607,10823,30381
12608,10824,30384
12609,10824,30383
12610,10825,30383
12611,10826,30386
12612,10827,30385
12613,10827,30388
12614,10828,30396
12615,10829,30404
12616,10830,30405
12617,10831,30407
12618,10832,30409
12619,10833,30414
12620,10834,30419
12621,10834,30420
12622,10835,30420
12623,10835,30419
12624,10836,30424
12625,10837,30427
12626,10838,30430
12627,10839,30434
12628,10840,30433
12629,10840,30434
12630,10841,30438
12631,10842,30435
12632,10843,30439
12633,10844,30440
12634,10845,30445
12635,10846,30443
12636,10847,30450
12637,10848,30452
12638,10848,30453
12639,10849,30454
12640,10850,30459
12641,10851,30462
12642,10851,30461
12643,10852,30467
12644,10853,30464
12645,10853,30465
12646,10854,30469
12647,10855,30474
12648,10856,30477
12649,10857,30478
12650,10857,30477
12651,10858,30479
12652,10859,30485
12653,10860,30489
12654,10861,30494
12655,10862,30495
12656,10863,30501
12657,10864,30503
12658,10865,30509
12659,10866,30520
12660,10866,30519
12661,10867,30519
12662,10867,30520
12663,10868,30523
12664,10869,30528
12665,10870,30527
12666,10871,30532
12667,10872,30536
12668,10873,30539
12669,10874,30541
12670,10875,30540
12671,10876,30542
12672,10877,30550
12673,10878,30560
12674,10878,30559
12675,10879,30559
12676,10879,30562
12677,10880,30568
12678,10880,30569
12679,10881,30569
12680,10882,30574
12681,10882,30573
12682,10883,30580
12683,10884,30581
12684,10885,30582
12685,10886,30584
12686,10887,30587
12687,10888,30586
12688,10889,30591
12689,10889,30590
12690,10890,30595
12691,10891,30598
12692,10891,30597
12693,10892,30597
12694,10893,30599
12695,10894,30604
12696,10895,30605
12697,10896,30609
12698,10897,30610
12699,10898,30614
12700,10899,30617
12701,10900,30616
12702,10900,30618
12703,10901,30620
12704,10902,30619
12705,10903,30621
12706,10904,30623
12707,10904,30624
12708,10905,30635
12709,10906,30634
12710,10907,30637
12711,10908,30638
12712,10908,30639
12713,10909,30640
12714,10910,30641
12715,10911,30644
12716,10912,30645
12717,10913,30647
12718,10913,30648
12719,10914,30654
12720,10914,30655
12721,10915,30655
12722,10916,30660
12723,10917,30668
12724,10918,30670
12725,10919,30669
12726,10920,30672
12727,10921,30673
12728,10922,30677
12729,10923,30679
12730,10924,30683
12731,10925,30687
12732,10926,30693
12733,10927,30696
12734,10928,30699
12735,10928,30698
12736,10929,30700
12737,10930,30704
12738,10931,30709
12739,10932,30711
12740,10933,30715
12741,10934,30714
12742,10935,30718
12743,10936,30722
12744,10937,30723
12745,10938,30724
12746,10939,30728
12747,10939,30729
12748,10940,30730
12749,10941,30732
12750,10942,30738
12751,10943,30737
12752,10944,30741
12753,10945,30740
12754,10946,30753
12755,10946,30755
12756,10947,30754
12757,10948,30760
12758,10949,30757
12759,10950,30761
12760,10951,30768
12761,10952,30766
12762,10952,30768
12763,10953,30770
12764,10953,30772
12765,10954,30775
12766,10955,30774
12767,10956,30776
12768,10956,30777
12769,10957,30783
12770,10958,30785
12771,10958,30784
12772,10959,30784
12773,10960,30792
12774,10961,30795
12775,10962,30796
12776,10963,30801
12777,10964,30802
12778,10965,30811
12779,10966,30810
12780,10967,30813
12781,10968,30812
12782,10969,30815
12783,10970,30816
12784,10971,30817
12785,10972,30824
12786,10973,30822
12787,10973,30824
12788,10974,30833
12789,10975,30834
12790,10976,30839
12791,10977,30843
12792,10978,30844
12793,10979,30846
12794,10980,30849
12795,10981,30851
12796,10982,30857
12797,10983,30859
12798,10984,30866
12799,10984,30867
12800,10985,30868
12801,10986,30869
12802,10987,30874
12803,10988,30876
12804,10988,30877
12805,10989,30877
12806,10990,30878
12807,10991,30883
12808,10992,30884
12809,10993,30885
12810,10994,30891
12811,10994,30890
12812,10995,30892
12813,10996,30898
12814,10997,30897
12815,10998,30899
12816,10999,30904
12817,11000,30909
12818,11001,30919
12819,11001,30918
12820,11002,30932
12821,11003,30931
12822,11004,30933
12823,11005,30934
12824,11006,30936
12825,11007,30935
12826,11008,30942
12827,11009,30946
12828,11010,30948
12829,11011,30960
12830,11011,30959
12831,11012,30962
12832,11013,30968
12833,11014,30969
12834,11015,30976
12835,11016,30975
12836,11017,30984
12837,11018,30991
12838,11018,30989
12839,11019,30990
12840,11020,30993
12841,11021,30994
12842,11022,30996
12843,11023,30997
12844,11024,31000
12845,11025,31001
12846,11026,31004
12847,11027,31007
12848,11028,31006
12849,11028,31007
12850,11029,31008
12851,11030,31009
12852,11030,31008
12853,11031,31014
12854,11032,31015
12855,11033,31016
12856,11034,31017
12857,11035,31018
12858,11036,31019
12859,11037,31020
12860,11038,31025
12861,11038,31024
12862,11039,31029
12863,11040,31033
12864,11041,31032
12865,11042,31041
12866,11043,31042
12867,11044,31047
12868,11045,31048
12869,11046,31050
12870,11047,31056
12871,11047,31057
12872,11048,31057
12873,11049,31067
12874,11049,31068
12875,11050,31068
12876,11050,31067
12877,11051,31071
12878,11052,31072
12879,11053,31077
12880,11054,31082
12881,11054,31083
12882,11055,31087
12883,11056,31084
12884,11057,31093
12885,11058,31095
12886,11059,31099
12887,11060,31102
12888,11061,31104
12889,11062,31111
12890,11063,31112
12891,11064,31116
12892,11064,31118
12893,11065,31119
12894,11066,31122
12895,11067,31124
12896,11067,31125
12897,11068,31125
12898,11069,31132
12899,11070,31136
12900,11070,31134
12901,11071,31134
12902,11071,31135
12903,11072,31138
12904,11073,31137
12905,11074,31142
12906,11075,31143
12907,11076,31145
12908,11077,31144
12909,11078,31146
12910,11079,31148
12911,11080,31151
12912,11081,31153
12913,11082,31154
12914,11083,31155
12915,11084,31156
12916,11085,31159
12917,11086,31165
12918,11086,31166
12919,11087,31170
12920,11088,31171
12921,11089,31182
12922,11089,31181
12923,11090,31187
12924,11091,31186
12925,11091,31187
12926,11092,31188
12927,11093,31192
12928,11094,31193
12929,11094,31194
12930,11095,31197
12931,11095,31196
12932,11096,31198
12933,11097,31202
12934,11098,31208
12935,11099,31210
12936,11100,31211
12937,11101,31214
12938,11102,31220
12939,11103,31219
12940,11104,31223
12941,11104,31222
12942,11105,31222
12943,11106,31224
12944,11107,31228
12945,11108,31229
12946,11109,31231
12947,11110,31238
12948,11111,31239
12949,11112,31243
12950,11113,31242
12951,11114,31244
12952,11115,31246
12953,11116,31249
12954,11116,31248
12955,11117,31251
12956,11118,31252
12957,11119,31253
12958,11120,31254
12959,11121,31258
12960,11122,31259
12961,11123,31264
12962,11124,31265
12963,11125,31268
12964,11126,31267
12965,11127,31269
12966,11128,31271
12967,11129,31272
12968,11130,31276
12969,11131,31285
12970,11132,31286
12971,11133,31287
12972,11134,31288
12973,11135,31292
12974,11136,31293
12975,11137,31295
12976,11138,31298
12977,11139,31305
12978,11140,31304
12979,11141,31306
12980,11142,31307
12981,11143,31310
12982,11144,31314
12983,11145,31317
12984,11146,31318
12985,11147,31322
12986,11148,31321
12987,11148,31322
12988,11149,31326
12989,11150,31327
12990,11151,31328
12991,11152,31332
12992,11153,31338
12993,11154,31343
12994,11154,31344
12995,11155,31344
12996,11155,31343
12997,11156,31347
12998,11157,31350
12999,11158,31351
13000,11158,31352
13001,11159,31354
13002,11160,31353
13003,11161,31356
13004,11161,31357
13005,11162,31361
13006,11163,31358
13007,11163,31359
13008,11164,31363
13009,11165,31365
13010,11166,31367
13011,11167,31374
13012,11168,31377
13013,11169,31391
13014,11169,31393
13015,11170,31396
13016,11171,31397
13017,11172,31399
13018,11172,31398
13019,11173,31398
13020,11173,31399
13021,11174,31404
13022,11175,31403
13023,11176,31405
13024,11176,31407
13025,11177,31417
13026,11178,31420
13027,11179,31427
13028,11180,31432
13029,11181,31436
13030,11182,31437
13031,11183,31440
13032,11184,31441
13033,11184,31442
13034,11185,31444
13035,11186,31443
13036,11187,31447
13037,11188,31445
13038,11188,31446
13039,11189,31450
13040,11190,31449
13041,11191,31452
13042,11192,31451
13043,11193,31456
13044,11194,31461
13045,11195,31462
13046,11195,31463
13047,11196,31465
13048,11196,31462
13049,11197,31468
13050,11198,31470
13051,11199,31475
13052,11200,31474
13053,11201,31477
13054,11202,31476
13055,11203,31478
13056,11203,31479
13057,11204,31485
13058,11205,31487
13059,11206,31492
13060,11207,31490
13061,11208,31495
13062,11209,31497
13063,11210,31496
13064,11211,31499
13065,11211,31500
13066,11212,31501
13067,11213,31502
13068,11214,31507
13069,11215,31505
13070,11215,31507
13071,11216,31509
13072,11217,31516
13073,11218,31515
13074,11219,31523
13075,11220,31524
13076,11221,31526
13077,11221,31529
13078,11222,31527
13079,11223,31531
13080,11224,31535
13081,11225,31536
13082,11226,31540
13083,11227,31541
13084,11228,31543
13085,11229,31547
13086,11230,31546
13087,11231,31551
13088,11231,31553
13089,11232,31553
13090,11233,31554
13091,11234,31559
13092,11235,31558
13093,11236,31562
13094,11237,31563
13095,11238,31566
13096,11239,31569
13097,11240,31568
13098,11241,31570
13099,11242,31574
13100,11243,31578
13101,11243,31577
13102,11244,31576
13103,11245,31582
13104,11246,31580
13105,11247,31584
13106,11248,31583
13107,11248,31584
13108,11249,31587
13109,11250,31593
13110,11251,31594
13111,11251,31595
13112,11252,31596
13113,11253,31598
13114,11254,31597
13115,11255,31600
13116,11256,31601
13117,11256,31600
13118,11257,31606
13119,11258,31610
13120,11259,31611
13121,11260,31621
13122,11261,31622
13123,11262,31624
13124,11263,31628
13125,11264,31627
13126,11265,31630
13127,11266,31632
13128,11266,31630
13129,11267,31639
13130,11268,31641
13131,11269,31642
13132,11270,31649
13133,11271,31648
13134,11272,31653
13135,11273,31654
13136,11274,31657
13137,11274,31656
13138,11275,31659
13139,11276,31663
13140,11277,31660
13141,11278,31664
13142,11279,31665
13143,11280,31668
13144,11281,31669
13145,11282,31673
13146,11282,31674
13147,11283,31675
13148,11284,31678
13149,11284,31677
13150,11285,31677
13151,11286,31679
13152,11287,31688
13153,11287,31687
13154,11288,31687
13155,11289,31702
13156,11290,31704
13157,11291,31705
13158,11291,31706
13159,11292,31707
13160,11292,31706
13161,11293,31708
13162,11294,31711
13163,11295,31713
13164,11296,31714
13165,11297,31715
13166,11298,31721
13167,11299,31723
13168,11300,31724
13169,11300,31723
13170,11301,31725
13171,11301,31728
13172,11302,31727
13173,11303,31730
13174,11304,31742
13175,11304,31739
13176,11305,31739
13177,11306,31743
13178,11307,31745
13179,11308,31750
13180,11308,31751
13181,11309,31751
13182,11310,31760
13183,11311,31761
13184,11312,31762
13185,11313,31763
13186,11314,31775
13187,11315,31781
13188,11316,31782
13189,11317,31783
13190,11318,31784
13191,11319,31786
13192,11319,31787
13193,11320,31788
13194,11321,31793
13195,11322,31795
13196,11322,31793
13197,11323,31796
13198,11323,31797
13199,11324,31797
13200,11324,31796
13201,11325,31800
13202,11326,31799
13203,11327,31807
13204,11328,31808
13205,11329,31815
13206,11330,31816
13207,11330,31817
13208,11331,31817
13209,11332,31819
13210,11333,31823
13211,11334,31825
13212,11335,31827
13213,11336,31835
13214,11337,31838
13215,11338,31837
13216,11339,31840
13217,11340,31841
13218,11341,31847
13219,11342,31854
13220,11343,31858
13221,11344,31860
13222,11345,31864
13223,11346,31866
13224,11347,31869
13225,11348,31870
13226,11348,31869
13227,11349,31878
13228,11350,31880
13229,11350,31877
13230,11351,31889
13231,11351,31888
13232,11352,31888
13233,11353,31890
13234,11354,31895
13235,11355,31894
13236,11356,31899
13237,11357,31900
13238,11358,31901
13239,11359,31903
13240,11360,31904
13241,11361,31905
13242,11362,31907
13243,11363,31906
13244,11363,31907
13245,11364,31911
13246,11365,31910
13247,11365,31911
13248,11366,31913
13249,11367,31917
13250,11368,31922
13251,11369,31930
13252,11370,31928
13253,11371,31932
13254,11372,31933
13255,11373,31934
13256,11374,31943
13257,11375,31941
13258,11376,31945
13259,11377,31949
13260,11378,31947
13261,11378,31946
13262,11379,31951
13263,11380,31955
13264,11381,31956
13265,11382,31957
13266,11382,31958
13267,11383,31959
13268,11384,31960
13269,11385,31961
13270,11386,31965
13271,11387,31968
13272,11388,31971
13273,11389,31974
13274,11390,31975
13275,11391,31980
13276,11392,31982
13277,11393,31981
13278,11394,31985
13279,11394,31984
13280,11395,31990
13281,11396,31991
13282,11397,31992
13283,11398,31993
13284,11399,32003
13285,11400,32011
13286,11401,32014
13287,11402,32016
13288,11403,32026
13289,11404,32029
13290,11405,32030
13291,11406,32041
13292,11407,32043
13293,11408,32044
13294,11409,32047
13295,11410,32052
13296,11411,32049
13297,11412,32058
13298,11413,32061
13299,11414,32067
13300,11415,32066
13301,11416,32071
13302,11417,32069
13303,11418,32077
13304,11419,32081
13305,11420,32083
13306,11421,32084
13307,11422,32088
13308,11423,32087
13309,11423,32088
13310,11424,32089
13311,11425,32095
13312,11426,32094
13313,11427,32098
13314,11427,32096
13315,11428,32101
13316,11429,32103
13317,11430,32107
13318,11431,32105
13319,11432,32111
13320,11432,32110
13321,11433,32109
13322,11434,32112
13323,11435,32119
13324,11435,32118
13325,11436,32121
13326,11437,32126
13327,11438,32124
13328,11439,32130
13329,11440,32129
13330,11441,32131
13331,11442,32135
13332,11443,32136
13333,11444,32137
13334,11444,32138
13335,11445,32139
13336,11446,32140
13337,11447,32144
13338,11448,32148
13339,11449,32146
13340,11450,32149
13341,11451,32151
13342,11452,32154
13343,11453,32155
13344,11454,32156
13345,11454,32158
13346,11455,32164
13347,11456,32163
13348,11457,32166
13349,11458,32167
13350,11459,32175
13351,11460,32178
13352,11461,32179
13353,11462,32180
13354,11463,32181
13355,11464,32182
13356,11465,32184
13357,11465,32185
13358,11466,32189
13359,11467,32192
13360,11467,32191
13361,11468,32195
13362,11468,32197
13363,11469,32199
13364,11470,32201
13365,11471,32200
13366,11472,32204
13367,11473,32206
13368,11474,32213
13369,11474,32214
13370,11475,32212
13371,11476,32215
13372,11477,32217
13373,11478,32221
13374,11479,32220
13375,11480,32223
13376,11481,32225
13377,11482,32226
13378,11483,32234
13379,11484,32233
13380,11485,32238
13381,11485,32236
13382,11486,32236
13383,11487,32242
13384,11488,32246
13385,11488,32244
13386,11489,32243
13387,11489,32246
13388,11490,32247
13389,11491,32250
13390,11492,32249
13391,11493,32255
13392,11494,32254
13393,11495,32260
13394,11496,32266
13395,11496,32265
13396,11497,32267
13397,11498,32273
13398,11499,32274
13399,11500,32275
13400,11501,32277
13401,11502,32278
13402,11503,32279
13403,11504,32286
13404,11505,32289
13405,11506,32294
13406,11507,32302
13407,11508,32304
13408,11509,32303
13409,11510,32306
13410,11511,32305
13411,11512,32308
13412,11513,32311
13413,11514,32315
13414,11515,32321
13415,11516,32322
13416,11517,32323
13417,11518,32327
13418,11519,32330
13419,11520,32331
13420,11521,32332
13421,11522,32333
13422,11523,32338
13423,11524,32336
13424,11525,32345
13425,11526,32348
13426,11526,32347
13427,11527,32347
13428,11528,32350
13429,11529,32358
13430,11529,32359
13431,11530,32361
13432,11531,32363
13433,11532,32375
13434,11533,32377
13435,11534,32379
13436,11535,32381
13437,11536,32382
13438,11537,32391
13439,11537,32389
13440,11538,32395
13441,11539,32396
13442,11540,32402
13443,11541,32406
13444,11542,32408
13445,11543,32412
13446,11544,32413
13447,11545,32414
13448,11546,32415
13449,11547,32416
13450,11548,32418
13451,11549,32421
13452,11550,32419
13453,11551,32423
13454,11552,32432
13455,11553,32430
13456,11554,32443
13457,11555,32446
13458,11556,32445
13459,11556,32446
13460,11557,32449
13461,11558,32450
13462,11559,32452
13463,11560,32454
13464,11561,32455
13465,11562,32456
13466,11563,32460
13467,11564,32466
13468,11565,32469
13469,11566,32470
13470,11566,32469
13471,11567,32475
13472,11568,32474
13473,11569,32479
13474,11570,32476
13475,11571,32483
13476,11572,32484
13477,11573,32488
13478,11573,32489
13479,11574,32490
13480,11575,32492
13481,11576,32493
13482,11577,32496
13483,11578,32502
13484,11579,32509
13485,11580,32516
13486,11581,32515
13487,11582,32521
13488,11583,32526
13489,11583,32525
13490,11584,32528
13491,11585,32533
13492,11586,32535
13493,11586,32536
13494,11587,32543
13495,11588,32555
13496,11589,32557
13497,11590,32560
13498,11590,32561
13499,11591,32562
13500,11592,32570
13501,11593,32577
13502,11594,32580
13503,11594,32581
13504,11595,32592
13505,11596,32593
13506,11597,32594
13507,11598,32598
13508,11599,32599
13509,11600,32601
13510,11601,32602
13511,11602,32603
13512,11602,32604
13513,11603,32607
13514,11604,32608
13515,11605,32611
13516,11606,32613
13517,11607,32616
13518,11608,32618
13519,11609,32622
13520,11610,32625
13521,11611,32628
13522,11612,32627
13523,11613,32631
13524,11614,32630
13525,11615,32633
13526,11616,32634
13527,11616,32633
13528,11617,32638
13529,11618,32641
13530,11619,32649
13531,11620,32650
13532,11620,32652
13533,11621,32651
13534,11622,32663
13535,11623,32664
13536,11624,32665
13537,11625,32666
13538,11626,32667
13539,11627,32669
13540,11628,32672
13541,11628,32673
13542,11629,32676
13543,11630,32677
13544,11631,32679
13545,11631,32678
13546,11632,32678
13547,11633,32686
13548,11634,32688
13549,11635,32703
13550,11636,32707
13551,11637,32708
13552,11638,32711
13553,11639,32715
13554,11640,32719
13555,11641,32720
13556,11642,32721
13557,11643,32725
13558,11644,32730
13559,11645,32737
13560,11646,32747
13561,11647,32749
13562,11648,32751
13563,11649,32758
13564,11650,32770
13565,11651,32767
13566,11652,32771
13567,11653,32772
13568,11654,32773
13569,11654,32774
13570,11655,32775
13571,11656,32776
13572,11657,32783
13573,11658,32784
13574,11659,32788
13575,11659,32789
13576,11660,32798
13577,11661,32804
13578,11662,32806
13579,11663,32807
13580,11664,32810
13581,11665,32812
13582,11666,32813
13583,11667,32816
13584,11668,32820
13585,11669,32825
13586,11670,32828
13587,11671,32837
13588,11672,32840
13589,11673,32841
13590,11674,32843
13591,11675,32849
13592,11676,32850
13593,11676,32852
13594,11677,32860
13595,11678,32861
13596,11679,32863
13597,11679,32862
13598,11680,32869
13599,11681,32877
13600,11682,32876
13601,11682,32875
13602,11683,32879
13603,11684,32878
13604,11685,32880
13605,11685,32882
13606,11686,32885
13607,11687,32887
13608,11688,32886
13609,11688,32887
13610,11689,32888
13611,11690,32892
13612,11690,32891
13613,11691,32893
13614,11692,32895
13615,11693,32897
13616,11694,32899
13617,11695,32900
13618,11696,32905
13619,11697,32906
13620,11698,32908
13621,11698,32907
13622,11699,32909
13623,11700,32912
13624,11701,32915
13625,11701,32913
13626,11702,32917
13627,11703,32918
13628,11704,32919
13629,11705,32920
13630,11706,32922
13631,11706,32921
13632,11707,32925
13633,11708,32926
13634,11708,32927
13635,11709,32927
13636,11710,32929
13637,11711,32930
13638,11712,32935
13639,11713,32938
13640,11714,32939
13641,11715,32941
13642,11716,32942
13643,11716,32944
13644,11717,32947
13645,11718,32949
13646,11719,32950
13647,11720,32951
13648,11721,32956
13649,11722,32965
13650,11722,32966
13651,11723,32968
13652,11724,32977
13653,11725,32975
13654,11726,32978
13655,11727,32979
13656,11728,32980
13657,11728,32979
13658,11729,32995
13659,11730,32997
13660,11731,33000
13661,11732,33002
13662,11733,33003
13663,11733,33004
13664,11734,33004
13665,11735,33006
13666,11736,33018
13667,11737,33020
13668,11738,33026
13669,11739,33025
13670,11740,33031
13671,11741,33034
13672,11742,33039
13673,11743,33044
13674,11744,33046
13675,11745,33048
13676,11746,33051
13677,11747,33052
13678,11748,33053
13679,11749,33055
13680,11750,33058
13681,11751,33061
13682,11751,33060
13683,11752,33065
13684,11753,33078
13685,11754,33076
13686,11755,33081
13687,11756,33085
13688,11757,33086
13689,11758,33088
13690,11759,33093
13691,11760,33094
13692,11761,33095
13693,11762,33100
13694,11763,33099
13695,11764,33103
13696,11765,33104
13697,11766,33109
13698,11767,33111
13699,11767,33110
13700,11768,33110
13701,11769,33114
13702,11770,33119
13703,11771,33120
13704,11771,33118
13705,11772,33129
13706,11773,33130
13707,11774,33131
13708,11775,33133
13709,11776,33132
13710,11777,33140
13711,11778,33143
13712,11778,33144
13713,11779,33146
13714,11779,33145
13715,11780,33145
13716,11780,33146
13717,11781,33148
13718,11782,33149
13719,11783,33150
13720,11784,33156
13721,11784,33154
13722,11785,33160
13723,11785,33159
13724,11786,33159
13725,11786,33160
13726,11787,33161
13727,11787,33163
13728,11788,33162
13729,11789,33168
13730,11790,33172
13731,11791,33174
13732,11792,33173
13733,11793,33176
13734,11794,33175
13735,11795,33182
13736,11796,33180
13737,11797,33185
13738,11798,33192
13739,11799,33198
13740,11800,33201
13741,11800,33202
13742,11801,33204
13743,11802,33206
13744,11803,33222
13745,11803,33223
13746,11804,33223
13747,11805,33228
13748,11806,33229
13749,11807,33230
13750,11808,33231
13751,11808,33232
13752,11809,33234
13753,11810,33236
13754,11811,33235
13755,11811,33236
13756,11812,33238
13757,11813,33237
13758,11814,33243
13759,11815,33244
13760,11816,33246
13761,11817,33249
13762,11818,33248
13763,11818,33249
13764,11819,33251
13765,11820,33253
13766,11821,33261
13767,11822,33267
13768,11823,33265
13769,11824,33268
13770,11825,33269
13771,11826,33270
13772,11827,33271
13773,11827,33272
13774,11828,33275
13775,11829,33285
13776,11830,33286
13777,11831,33288
13778,11832,33287
13779,11833,33295
13780,11833,33297
13781,11834,33296
13782,11835,33300
13783,11836,33299
13784,11837,33303
13785,11838,33304
13786,11838,33303
13787,11839,33305
13788,11840,33310
13789,11841,33311
13790,11842,33312
13791,11843,33316
13792,11844,33320
13793,11845,33324
13794,11846,33323
13795,11847,33328
13796,11847,33327
13797,11848,33331
13798,11848,33330
13799,11849,33330
13800,11850,33334
13801,11851,33338
13802,11852,33340
13803,11853,33339
13804,11853,33340
13805,11854,33341
13806,11855,33344
13807,11856,33346
13808,11857,33348
13809,11858,33347
13810,11859,33349
13811,11860,33353
13812,11861,33356
13813,11861,33355
13814,11862,33355
13815,11863,33358
13816,11864,33360
13817,11865,33364
13818,11865,33365
13819,11866,33367
13820,11867,33374
13821,11868,33378
13822,11869,33382
13823,11869,33384
13824,11870,33383
13825,11871,33386
13826,11872,33388
13827,11873,33392
13828,11874,33393
13829,11874,33394
13830,11875,33395
13831,11876,33399
13832,11877,33403
13833,11877,33402
13834,11878,33401
13835,11879,33404
13836,11879,33405
13837,11880,33405
13838,11880,33404
13839,11881,33407
13840,11882,33406
13841,11882,33407
13842,11883,33410
13843,11884,33412
13844,11884,33414
13845,11885,33413
13846,11886,33417
13847,11887,33419
13848,11888,33420
13849,11889,33421
13850,11890,33424
13851,11891,33426
13852,11891,33425
13853,11892,33428
13854,11893,33429
13855,11894,33430
13856,11895,33432
13857,11896,33431
13858,11897,33434
13859,11898,33436
13860,11899,33439
13861,11900,33437
13862,11900,33440
13863,11901,33442
13864,11902,33441
13865,11903,33443
13866,11903,33445
13867,11904,33446
13868,11905,33452
13869,11906,33458
13870,11907,33465
13871,11908,33466
13872,11908,33467
13873,11909,33468
13874,11909,33469
13875,11910,33470
13876,11911,33475
13877,11912,33473
13878,11913,33482
13879,11913,33481
13880,11914,33481
13881,11915,33484
13882,11916,33485
13883,11917,33488
13884,11918,33491
13885,11919,33494
13886,11920,33498
13887,11921,33503
13888,11922,33504
13889,11923,33513
13890,11923,33512
13891,11924,33516
13892,11924,33515
13893,11925,33515
13894,11926,33523
13895,11927,33526
13896,11928,33535
13897,11928,33533
13898,11929,33534
13899,11930,33539
13900,11931,33538
13901,11932,33542
13902,11933,33543
13903,11934,33544
13904,11935,33545
13905,11936,33548
13906,11937,33547
13907,11938,33550
13908,11939,33552
13909,11940,33558
13910,11941,33561
13911,11942,33563
13912,11943,33570
13913,11944,33572
13914,11945,33574
13915,11946,33575
13916,11947,33582
13917,11948,33583
13918,11949,33586
13919,11950,33591
13920,11951,33590
13921,11952,33593
13922,11953,33594
13923,11954,33595
13924,11955,33596
13925,11956,33599
13926,11957,33602
13927,11958,33603
13928,11959,33604
13929,11960,33610
13930,11960,33611
13931,11961,33614
13932,11962,33619
13933,11963,33626
13934,11964,33629
13935,11965,33637
13936,11966,33639
13937,11967,33644
13938,11968,33645
13939,11969,33648
13940,11970,33659
13941,11971,33667
13942,11972,33668
13943,11972,33669
13944,11973,33669
13945,11974,33673
13946,11975,33674
13947,11976,33675
13948,11976,33674
13949,11977,33680
13950,11977,33679
13951,11978,33684
13952,11979,33685
13953,11980,33688
13954,11981,33689
13955,11982,33691
13956,11983,33694
13957,11983,33693
13958,11984,33697
13959,11984,33696
13960,11985,33696
13961,11986,33699
13962,11987,33702
13963,11988,33703
13964,11989,33708
13965,11989,33705
13966,11990,33707
13967,11991,33715
13968,11992,33720
13969,11993,33725
13970,11994,33726
13971,11995,33738
13972,11995,33737
13973,11996,33737
13974,11997,33740
13975,11998,33739
13976,11998,33740
13977,11999,33741
13978,11999,33742
13979,12000,33742
13980,12001,33745
13981,12002,33744
13982,12003,33760
13983,12003,33761
13984,12004,33758
13985,12005,33767
13986,12006,33768
13987,12007,33770
13988,12008,33769
13989,12009,33776
13990,12010,33781
13991,12011,33782
13992,12012,33788
13993,12013,33789
13994,12014,33795
13995,12015,33797
13996,12016,33798
13997,12016,33797
13998,12017,33812
13999,12018,33813
14000,12019,33818
14001,12020,33819
14002,12021,33827
14003,12021,33826
14004,12022,33826
14005,12023,33831
14006,12024,33832
14007,12024,33831
14008,12025,33833
14009,12025,33835
14010,12026,33834
14011,12027,33837
14012,12028,33842
14013,12029,33849
14014,12030,33850
14015,12030,33849
14016,12031,33851
14017,12032,33854
14018,12032,33852
14019,12033,33863
14020,12033,33864
14021,12034,33866
14022,12035,33869
14023,12036,33871
14024,12037,33879
14025,12037,33878
14026,12038,33881
14027,12039,33882
14028,12040,33885
14029,12041,33889
14030,12042,33887
14031,12042,33889
14032,12043,33890
14033,12044,33892
14034,12045,33893
14035,12046,33899
14036,12047,33902
14037,12048,33905
14038,12049,33911
14039,12050,33912
14040,12050,33911
14041,12051,33913
14042,12051,33914
14043,12052,33919
14044,12053,33925
14045,12054,33930
14046,12055,33933
14047,12056,33936
14048,12057,33935
14049,12058,33937
14050,12059,33938
14051,12060,33941
14052,12060,33939
14053,12061,33943
14054,12062,33945
14055,12062,33946
14056,12063,33949
14057,12064,33947
14058,12065,33951
14059,12066,33953
14060,12067,33957
14061,12068,33963
14062,12069,33965
14063,12070,33973
14064,12071,33974
14065,12072,33982
14066,12073,33983
14067,12074,33987
14068,12075,33988
14069,12075,33987
14070,12076,33989
14071,12076,33990
14072,12077,33990
14073,12078,33991
14074,12079,33994
14075,12080,33997
14076,12080,33996
14077,12081,33998
14078,12082,34012
14079,12083,34013
14080,12084,34017
14081,12084,34018
14082,12085,34021
14083,12086,34022
14084,12087,34027
14085,12088,34028
14086,12089,34029
14087,12090,34033
14088,12091,34034
14089,12092,34036
14090,12093,34038
14091,12094,34047
14092,12095,34052
14093,12095,34053
14094,12096,34056
14095,12097,34060
14096,12098,34062
14097,12099,34063
14098,12100,34072
14099,12101,34077
14100,12102,34082
14101,12103,34085
14102,12104,34084
14103,12105,34086
14104,12106,34089
14105,12106,34087
14106,12107,34087
14107,12108,34093
14108,12109,34097
14109,12110,34099
14110,12111,34102
14111,12112,34101
14112,12113,34105
14113,12113,34104
14114,12114,34103
14115,12114,34104
14116,12115,34106
14117,12116,34108
14118,12116,34109
14119,12117,34112
14120,12117,34111
14121,12118,34113
14122,12119,34115
14123,12120,34114
14124,12121,34121
14125,12122,34129
14126,12123,34132
14127,12123,34130
14128,12124,34135
14129,12124,34136
14130,12125,34134
14131,12126,34137
14132,12126,34138
14133,12127,34141
14134,12128,34143
14135,12129,34146
14136,12130,34147
14137,12131,34148
14138,12132,34150
14139,12133,34151
14140,12134,34152
14141,12135,34156
14142,12136,34157
14143,12137,34158
14144,12138,34161
14145,12139,34163
14146,12139,34162
14147,12140,34165
14148,12141,34169
14149,12142,34173
14150,12143,34174
14151,12144,34176
14152,12145,34175
14153,12146,34180
14154,12147,34179
14155,12148,34182
14156,12148,34183
14157,12149,34181
14158,12150,34185
14159,12151,34187
14160,12152,34189
14161,12152,34186
14162,12153,34193
14163,12154,34196
14164,12155,34198
14165,12156,34203
14166,12157,34205
14167,12158,34206
14168,12158,34207
14169,12159,34211
14170,12160,34212
14171,12161,34213
14172,12162,34219
14173,12163,34218
14174,12163,34219
14175,12164,34220
14176,12165,34222
14177,12166,34224
14178,12167,34229
14179,12168,34231
14180,12169,34233
14181,12170,34232
14182,12171,34236
14183,12172,34242
14184,12173,34245
14185,12174,34246
14186,12174,34247
14187,12175,34247
14188,12176,34250
14189,12177,34249
14190,12178,34251
14191,12179,34257
14192,12180,34259
14193,12180,34260
14194,12181,34258
14195,12182,34261
14196,12183,34264
14197,12184,34267
14198,12185,34270
14199,12186,34272
14200,12187,34274
14201,12188,34278
14202,12189,34282
14203,12190,34287
14204,12191,34289
14205,12192,34291
14206,12192,34293
14207,12193,34295
14208,12194,34296
14209,12194,34297
14210,12195,34298
14211,12196,34302
14212,12196,34303
14213,12197,34301
14214,12197,34302
14215,12198,34307
14216,12198,34306
14217,12199,34306
14218,12200,34308
14219,12201,34311
14220,12202,34310
14221,12203,34312
14222,12203,34313
14223,12204,34314
14224,12205,34316
14225,12206,34318
14226,12207,34321
14227,12208,34325
14228,12209,34324
14229,12210,34327
14230,12211,34330
14231,12212,34333
14232,12213,34337
14233,12214,34340
14234,12215,34344
14235,12216,34343
14236,12217,34353
14237,12218,34359
14238,12219,34358
14239,12220,34360
14240,12221,34361
14241,12222,34365
14242,12222,34367
14243,12223,34368
14244,12224,34370
14245,12225,34374
14246,12226,34375
14247,12227,34381
14248,12227,34382
14249,12228,34383
14250,12229,34388
14251,12230,34387
14252,12231,34392
14253,12232,34393
14254,12233,34401
14255,12233,34399
14256,12234,34398
14257,12235,34405
14258,12236,34411
14259,12237,34414
14260,12238,34422
14261,12239,34423
14262,12240,34424
14263,12241,34426
14264,12241,34425
14265,12242,34436
14266,12242,34435
14267,12243,34435
14268,12244,34443
14269,12245,34444
14270,12246,34455
14271,12246,34457
14272,12247,34457
14273,12248,34460
14274,12249,34459
14275,12250,34466
14276,12251,34469
14277,12252,34468
14278,12253,34470
14279,12253,34471
14280,12254,34471
14281,12254,34470
14282,12255,34472
14283,12256,34477
14284,12257,34478
14285,12258,34479
14286,12259,34482
14287,12260,34481
14288,12261,34494
14289,12262,34496
14290,12263,34497
14291,12264,34499
14292,12265,34505
14293,12266,34515
14294,12267,34514
14295,12268,34520
14296,12269,34527
14297,12270,34532
14298,12271,34538
14299,12271,34539
14300,12272,34539
14301,12273,34541
14302,12274,34543
14303,12275,34545
14304,12276,34549
14305,12277,34553
14306,12278,34561
14307,12279,34567
14308,12280,34568
14309,12281,34569
14310,12282,34570
14311,12283,34575
14312,12284,34576
14313,12285,34577
14314,12286,34581
14315,12287,34582
14316,12288,34589
14317,12289,34588
14318,12289,34589
14319,12290,34590
14320,12291,34591
14321,12292,34592
14322,12293,34597
14323,12294,34596
14324,12294,34597
14325,12295,34603
14326,12296,34606
14327,12297,34605
14328,12298,34607
14329,12299,34611
14330,12300,34613
14331,12301,34614
14332,12302,34615
14333,12303,34625
14334,12303,34624
14335,12304,34629
14336,12305,34630
14337,12306,34633
14338,12306,34634
14339,12307,34634
14340,12308,34637
14341,12309,34638
14342,12309,34635
14343,12310,34639
14344,12311,34648
14345,12312,34650
14346,12313,34654
14347,12314,34669
14348,12315,34671
14349,12316,34672
14350,12317,34676
14351,12318,34680
14352,12318,34679
14353,12319,34679
14354,12320,34685
14355,12321,34686
14356,12322,34697
14357,12323,34710
14358,12324,34715
14359,12325,34716
14360,12326,34724
14361,12327,34723
14362,12328,34726
14363,12329,34725
14364,12330,34732
14365,12330,34731
14366,12331,34734
14367,12332,34737
14368,12333,34736
14369,12334,34742
14370,12335,34749
14371,12336,34747
14372,12336,34749
14373,12337,34751
14374,12338,34757
14375,12339,34758
14376,12340,34760
14377,12340,34759
14378,12341,34759
14379,12342,34762
14380,12342,34761
14381,12343,34761
14382,12344,34766
14383,12345,34775
14384,12346,34777
14385,12347,34781
14386,12348,34783
14387,12349,34782
14388,12349,34783
14389,12350,34785
14390,12351,34787
14391,12352,34788
14392,12353,34790
14393,12354,34795
14394,12355,34804
14395,12356,34805
14396,12357,34807
14397,12358,34808
14398,12359,34810
14399,12360,34812
14400,12361,34815
14401,12362,34817
14402,12363,34824
14403,12363,34822
14404,12364,34822
14405,12364,34824
14406,12365,34825
14407,12366,34826
14408,12367,34830
14409,12368,34827
14410,12368,34830
14411,12369,34831
14412,12370,34833
14413,12371,34834
14414,12372,34838
14415,12372,34839
14416,12373,34839
14417,12374,34847
14418,12375,34845
14419,12375,34847
14420,12376,34851
14421,12377,34854
14422,12378,34857
14423,12379,34856
14424,12380,34858
14425,12381,34862
14426,12382,34861
14427,12383,34864
14428,12384,34869
14429,12385,34870
14430,12386,34871
14431,12387,34872
14432,12388,34885
14433,12389,34887
14434,12390,34888
14435,12391,34890
14436,12392,34892
14437,12392,34893
14438,12393,34896
14439,12394,34899
14440,12395,34897
14441,12396,34903
14442,12397,34905
14443,12398,34904
14444,12399,34906
14445,12400,34907
14446,12401,34909
14447,12401,34910
14448,12402,34910
14449,12402,34909
14450,12403,34911
14451,12404,34913
14452,12405,34914
14453,12406,34915
14454,12407,34916
14455,12408,34919
14456,12409,34924
14457,12410,34925
14458,12411,34929
14459,12411,34931
14460,12412,34932
14461,12413,34938
14462,12414,34939
14463,12415,34947
14464,12416,34948
14465,12416,34947
14466,12417,34955
14467,12418,34960
14468,12419,34958
14469,12420,34963
14470,12421,34969
14471,12422,34968
14472,12423,34978
14473,12423,34977
14474,12424,34991
14475,12425,34996
14476,12426,34995
14477,12427,34999
14478,12427,35001
14479,12428,35005
14480,12429,35015
14481,12429,35014
14482,12430,35014
14483,12431,35017
14484,12432,35018
14485,12433,35021
14486,12434,35020
14487,12435,35022
14488,12436,35025
14489,12437,35024
14490,12438,35029
14491,12439,35027
14492,12440,35031
14493,12441,35032
14494,12442,35033
14495,12443,35034
14496,12444,35042
14497,12445,35044
14498,12445,35043
14499,12446,35046
14500,12447,35047
14501,12448,35052
14502,12449,35059
14503,12450,35058
14504,12451,35061
14505,12451,35060
14506,12452,35062
14507,12453,35064
14508,12454,35069
14509,12455,35070
14510,12456,35074
14511,12457,35075
14512,12458,35081
14513,12458,35080
14514,12459,35080
14515,12460,35082
14516,12461,35084
14517,12462,35087
14518,12463,35088
14519,12464,35089
14520,12464,35090
14521,12465,35090
14522,12466,35091
14523,12467,35098
14524,12468,35102
14525,12469,35112
14526,12470,35111
14527,12470,35112
14528,12471,35114
14529,12472,35115
14530,12473,35122
14531,12474,35121
14532,12474,35122
14533,12475,35124
14534,12476,35126
14535,12477,35138
14536,12478,35140
14537,12479,35143
14538,12479,35142
14539,12480,35141
14540,12481,35145
14541,12482,35144
14542,12483,35150
14543,12484,35149
14544,12485,35152
14545,12486,35154
14546,12487,35158
14547,12488,35160
14548,12489,35163
14549,12490,35164
14550,12491,35167
14551,12491,35168
14552,12492,35170
14553,12493,35171
14554,12493,35170
14555,12494,35176
14556,12495,35179
14557,12496,35186
14558,12497,35187
14559,12498,35188
14560,12499,35189
14561,12500,35191
14562,12501,35197
14563,12502,35199
14564,12503,35200
14565,12504,35204
14566,12505,35207
14567,12505,35205
14568,12506,35205
14569,12507,35209
14570,12508,35210
14571,12509,35216
14572,12510,35219
14573,12511,35221
14574,12511,35222
14575,12512,35225
14576,12512,35226
14577,12513,35226
14578,12514,35227
14579,12515,35236
14580,12516,35237
14581,12517,35239
14582,12518,35242
14583,12518,35241
14584,12519,35247
14585,12520,35248
14586,12521,35252
14587,12522,35254
14588,12523,35255
14589,12524,35257
14590,12524,35258
14591,12525,35260
14592,12526,35263
14593,12527,35266
14594,12528,35268
14595,12529,35277
14596,12530,35279
14597,12530,35278
14598,12531,35280
14599,12532,35283
14600,12533,35289
14601,12534,35292
14602,12534,35291
14603,12535,35295
14604,12536,35298
14605,12537,35300
14606,12538,35303
14607,12539,35311
14608,12540,35322
14609,12541,35323
14610,12542,35325
14611,12542,35326
14612,12543,35331
14613,12544,35333
14614,12545,35336
14615,12546,35338
14616,12547,35337
14617,12548,35340
14618,12549,35341
14619,12550,35348
14620,12551,35350
14621,12552,35353
14622,12553,35358
14623,12554,35362
14624,12555,35367
14625,12555,35365
14626,12556,35366
14627,12556,35367
14628,12557,35371
14629,12558,35370
14630,12559,35372
14631,12560,35375
14632,12561,35374
14633,12562,35379
14634,12563,35383
14635,12563,35384
14636,12564,35384
14637,12564,35383
14638,12565,35385
14639,12566,35386
14640,12567,35388
14641,12568,35390
14642,12569,35398
14643,12570,35397
14644,12570,35398
14645,12571,35400
14646,12571,35401
14647,12572,35401
14648,12573,35404
14649,12574,35415
14650,12575,35416
14651,12576,35425
14652,12577,35426
14653,12578,35428
14654,12579,35438
14655,12580,35447
14656,12581,35449
14657,12581,35448
14658,12582,35448
14659,12582,35449
14660,12583,35450
14661,12584,35452
14662,12585,35451
14663,12586,35457
14664,12587,35455
14665,12588,35465
14666,12589,35477
14667,12590,35478
14668,12591,35479
14669,12591,35481
14670,12592,35480
14671,12593,35483
14672,12594,35485
14673,12594,35488
14674,12595,35488
14675,12596,35489
14676,12597,35492
14677,12598,35494
14678,12599,35493
14679,12600,35502
14680,12600,35500
14681,12601,35500
14682,12602,35504
14683,12603,35508
14684,12604,35517
14685,12605,35520
14686,12606,35526
14687,12607,35529
14688,12608,35533
14689,12609,35535
14690,12610,35537
14691,12611,35538
14692,12612,35539
14693,12613,35541
14694,12614,35542
14695,12615,35545
14696,12616,35550
14697,12617,35551
14698,12618,35556
14699,12619,35561
14700,12620,35565
14701,12621,35564
14702,12622,35575
14703,12622,35574
14704,12623,35577
14705,12624,35576
14706,12625,35580
14707,12626,35581
14708,12626,35580
14709,12627,35589
14710,12628,35591
14711,12629,35595
14712,12629,35594
14713,12630,35593
14714,12631,35597
14715,12632,35606
14716,12633,35604
14717,12634,35609
14718,12635,35611
14719,12636,35615
14720,12637,35613
14721,12637,35616
14722,12638,35618
14723,12639,35626
14724,12640,35646
14725,12641,35652
14726,12642,35651
14727,12643,35653
14728,12644,35654
14729,12645,35658
14730,12646,35659
14731,12647,35662
14732,12648,35663
14733,12649,35664
14734,12650,35665
14735,12651,35668
14736,12652,35667
14737,12653,35675
14738,12654,35677
14739,12655,35679
14740,12656,35687
14741,12656,35688
14742,12657,35689
14743,12658,35698
14744,12659,35702
14745,12660,35700
14746,12661,35705
14747,12662,35708
14748,12663,35710
14749,12664,35712
14750,12664,35714
14751,12665,35715
14752,12666,35716
14753,12667,35718
14754,12667,35719
14755,12668,35719
14756,12669,35724
14757,12670,35727
14758,12671,35729
14759,12672,35728
14760,12673,35731
14761,12673,35732
14762,12674,35733
14763,12675,35736
14764,12676,35737
14765,12676,35736
14766,12677,35738
14767,12678,35740
14768,12679,35739
14769,12680,35744
14770,12681,35745
14771,12682,35750
14772,12683,35752
14773,12683,35753
14774,12684,35756
14775,12685,35759
14776,12685,35758
14777,12686,35763
14778,12687,35762
14779,12688,35764
14780,12689,35769
14781,12690,35770
14782,12691,35785
14783,12692,35783
14784,12692,35785
14785,12693,35789
14786,12694,35786
14787,12695,35792
14788,12696,35793
14789,12696,35792
14790,12697,35796
14791,12697,35795
14792,12698,35794
14793,12699,35805
14794,12700,35806
14795,12701,35807
14796,12702,35813
14797,12702,35814
14798,12703,35816
14799,12704,35817
14800,12705,35819
14801,12706,35818
14802,12707,35823
14803,12708,35827
14804,12709,35825
14805,12710,35828
14806,12711,35830
14807,12712,35831
14808,12713,35834
14809,12714,35835
14810,12715,35841
14811,12716,35846
14812,12717,35849
14813,12718,35848
14814,12718,35849
14815,12719,35852
14816,12720,35855
14817,12721,35853
14818,12722,35859
14819,12723,35860
14820,12724,35863
14821,12725,35861
14822,12725,35862
14823,12726,35867
14824,12727,35866
14825,12728,35869
14826,12729,35872
14827,12730,35878
14828,12731,35879
14829,12731,35876
14830,12732,35881
14831,12733,35880
14832,12734,35886
14833,12735,35887
14834,12735,35888
14835,12736,35891
14836,12737,35892
14837,12737,35893
14838,12738,35894
14839,12739,35899
14840,12740,35901
14841,12741,35903
14842,12742,35906
14843,12743,35910
14844,12743,35911
14845,12744,35911
14846,12744,35909
14847,12745,35915
14848,12745,35912
14849,12746,35919
14850,12747,35920
14851,12748,35922
14852,12749,35939
14853,12749,35940
14854,12750,35937
14855,12750,35940
14856,12751,35944
14857,12751,35942
14858,12752,35943
14859,12753,35950
14860,12754,35954
14861,12755,35961
14862,12756,35963
14863,12756,35962
14864,12757,35965
14865,12758,35967
14866,12759,35970
14867,12760,35971
14868,12761,35972
14869,12762,35974
14870,12763,35975
14871,12764,35976
14872,12765,35980
14873,12766,35982
14874,12767,35987
14875,12768,35988
14876,12769,35989
14877,12769,35988
14878,12770,35991
14879,12771,35995
14880,12772,35996
14881,12773,36011
14882,12774,36021
14883,12775,36020
14884,12776,36026
14885,12777,36027
14886,12777,36028
14887,12778,36030
14888,12779,36029
14889,12780,36036
14890,12781,36037
14891,12782,36038
14892,12783,36039
14893,12784,36040
14894,12785,36048
14895,12786,36051
14896,12787,36053
14897,12788,36052
14898,12789,36054
14899,12790,36055
14900,12791,36058
14901,12792,36059
14902,12793,36060
14903,12794,36062
14904,12795,36061
14905,12796,36063
14906,12797,36064
14907,12798,36067
14908,12799,36068
14909,12800,36072
14910,12801,36080
14911,12802,36082
14912,12803,36086
14913,12804,36088
14914,12805,36090
14915,12805,36089
14916,12806,36092
14917,12807,36096
14918,12807,36095
14919,12808,36095
14920,12808,36096
14921,12809,36099
14922,12810,36102
14923,12811,36104
14924,12811,36103
14925,12812,36106
14926,12813,36112
14927,12814,36111
14928,12815,36114
14929,12816,36118
14930,12817,36121
14931,12818,36124
14932,12819,36126
14933,12820,36125
14934,12821,36127
14935,12822,36129
14936,12823,36131
14937,12824,36133
14938,12824,36131
14939,12825,36135
14940,12826,36137
14941,12826,36136
14942,12827,36136
14943,12827,36137
14944,12828,36144
14945,12829,36143
14946,12830,36146
14947,12831,36145
14948,12831,36146
14949,12832,36149
14950,12832,36150
14951,12833,36150
14952,12834,36151
14953,12835,36152
14954,12835,36151
14955,12836,36161
14956,12837,36162
14957,12838,36167
14958,12838,36168
14959,12839,36171
14960,12840,36180
14961,12840,36182
14962,12841,36179
14963,12842,36188
14964,12842,36189
14965,12843,36190
14966,12844,36191
14967,12845,36197
14968,12846,36198
14969,12847,36199
14970,12847,36198
14971,12848,36208
14972,12849,36209
14973,12850,36212
14974,12851,36215
14975,12852,36214
14976,12853,36216
14977,12853,36217
14978,12854,36221
14979,12855,36220
14980,12855,36221
14981,12856,36224
14982,12857,36225
14983,12857,36226
14984,12858,36228
14985,12858,36227
14986,12859,36230
14987,12859,36231
14988,12860,36232
14989,12860,36233
14990,12861,36233
14991,12861,36232
14992,12862,36235
14993,12863,36234
14994,12864,36236
14995,12865,36237
14996,12866,36238
14997,12867,36239
14998,12868,36240
14999,12869,36244
15000,12870,36246
15001,12870,36245
15002,12871,36247
15003,12872,36248
15004,12873,36255
15005,12874,36257
15006,12875,36258
15007,12876,36267
15008,12877,36268
15009,12878,36276
15010,12878,36277
15011,12879,36277
15012,12879,36276
15013,12880,36284
15014,12881,36283
15015,12882,36285
15016,12882,36288
15017,12883,36289
15018,12883,36291
15019,12884,36290
15020,12885,36292
15021,12886,36295
15022,12887,36294
15023,12888,36316
15024,12889,36313
15025,12890,36325
15026,12891,36330
15027,12892,36332
15028,12893,36331
15029,12893,36333
15030,12894,36336
15031,12894,36335
15032,12895,36339
15033,12896,36341
15034,12897,36343
15035,12898,36347
15036,12899,36349
15037,12900,36351
15038,12901,36354
15039,12902,36355
15040,12902,36354
15041,12903,36359
15042,12904,36358
15043,12905,36360
15044,12906,36362
15045,12907,36368
15046,12908,36367
15047,12909,36369
15048,12910,36372
15049,12910,36371
15050,12911,36375
15051,12911,36374
15052,12912,36378
15053,12913,36379
15054,12914,36381
15055,12915,36384
15056,12916,36387
15057,12917,36391
15058,12918,36390
15059,12919,36397
15060,12920,36399
15061,12921,36403
15062,12922,36408
15063,12923,36409
15064,12924,36413
15065,12925,36414
15066,12926,36418
15067,12927,36420
15068,12928,36421
15069,12929,36425
15070,12929,36423
15071,12930,36423
15072,12931,36428
15073,12932,36429
15074,12932,36428
15075,12933,36430
15076,12934,36431
15077,12934,36433
15078,12935,36435
15079,12936,36441
15080,12936,36440
15081,12937,36442
15082,12938,36446
15083,12939,36447
15084,12939,36446
15085,12940,36450
15086,12941,36451
15087,12942,36453
15088,12943,36457
15089,12944,36456
15090,12945,36461
15091,12946,36458
15092,12947,36464
15093,12948,36465
15094,12949,36468
15095,12950,36472
15096,12951,36478
15097,12951,36475
15098,12952,36477
15099,12953,36482
15100,12954,36479
15101,12955,36485
15102,12955,36483
15103,12956,36483
15104,12956,36485
15105,12957,36493
15106,12958,36491
15107,12959,36497
15108,12960,36495
15109,12961,36504
15110,12962,36505
15111,12963,36507
15112,12964,36510
15113,12965,36514
15114,12965,36515
15115,12966,36515
15116,12967,36516
15117,12968,36517
15118,12969,36522
15119,12969,36520
15120,12970,36521
15121,12971,36526
15122,12971,36528
15123,12972,36528
15124,12973,36530
15125,12974,36534
15126,12975,36536
15127,12976,36542
15128,12977,36541
15129,12978,36543
15130,12979,36549
15131,12979,36548
15132,12980,36548
15133,12981,36551
15134,12982,36555
15135,12983,36553
15136,12984,36556
15137,12985,36559
15138,12985,36560
15139,12986,36564
15140,12987,36566
15141,12988,36567
15142,12989,36572
15143,12990,36574
15144,12991,36576
15145,12992,36579
15146,12993,36583
15147,12994,36587
15148,12995,36591
15149,12996,36590
15150,12997,36592
15151,12998,36593
15152,12999,36595
15153,13000,36600
15154,13001,36601
15155,13002,36604
15156,13003,36605
15157,13003,36606
15158,13004,36606
15159,13004,36605
15160,13005,36608
15161,13006,36607
15162,13007,36609
15163,13008,36610
15164,13009,36612
15165,13010,36615
15166,13011,36620
15167,13012,36622
15168,13013,36624
15169,13013,36625
15170,13014,36627
15171,13015,36631
15172,13016,36632
15173,13017,36634
15174,13018,36647
15175,13019,36648
15176,13020,36650
15177,13021,36651
15178,13022,36653
15179,13022,36652
15180,13023,36652
15181,13024,36662
15182,13025,36661
15183,13026,36664
15184,13026,36663
15185,13027,36665
15186,13028,36666
15187,13029,36671
15188,13030,36676
15189,13031,36675
15190,13032,36679
15191,13033,36681
15192,13034,36683
15193,13035,36688
15194,13036,36693
15195,13037,36697
15196,13038,36698
15197,13039,36700
15198,13040,36699
15199,13041,36708
15200,13041,36706
15201,13042,36707
15202,13043,36710
15203,13044,36715
15204,13044,36714
15205,13045,36714
15206,13045,36713
15207,13046,36718
15208,13046,36719
15209,13047,36719
15210,13048,36720
15211,13049,36725
15212,13049,36724
15213,13050,36727
15214,13050,36728
15215,13051,36735
15216,13052,36736
15217,13053,36739
15218,13054,36740
15219,13055,36742
15220,13056,36741
15221,13057,36743
15222,13057,36744
15223,13058,36744
15224,13059,36745
15225,13060,36754
15226,13061,36755
15227,13062,36759
15228,13063,36758
15229,13064,36761
15230,13065,36762
15231,13066,36769
15232,13067,36773
15233,13067,36770
15234,13068,36774
15235,13069,36778
15236,13070,36780
15237,13071,36785
15238,13072,36786
15239,13073,36789
15240,13073,36790
15241,13074,36796
15242,13075,36802
15243,13076,36803
15244,13077,36807
15245,13078,36811
15246,13078,36812
15247,13079,36810
15248,13080,36820
15249,13081,36819
15250,13082,36822
15251,13082,36821
15252,13083,36821
15253,13084,36823
15254,13085,36825
15255,13086,36824
15256,13086,36825
15257,13087,36829
15258,13088,36831
15259,13089,36834
15260,13090,36833
15261,13091,36838
15262,13092,36839
15263,13092,36841
15264,13093,36840
15265,13094,36851
15266,13095,36852
15267,13096,36857
15268,13097,36861
15269,13097,36860
15270,13098,36859
15271,13099,36863
15272,13100,36862
15273,13101,36867
15274,13101,36868
15275,13102,36866
15276,13103,36873
15277,13104,36874
15278,13105,36880
15279,13106,36887
15280,13107,36889
15281,13108,36891
15282,13109,36892
15283,13110,36893
15284,13111,36894
15285,13112,36895
15286,13113,36897
15287,13114,36898
15288,13115,36902
15289,13115,36899
15290,13116,36904
15291,13117,36905
15292,13118,36907
15293,13119,36908
15294,13120,36909
15295,13120,36910
15296,13121,36914
15297,13122,36911
15298,13123,36924
15299,13124,36927
15300,13125,36938
15301,13126,36940
15302,13127,36941
15303,13128,36943
15304,13129,36942
15305,13130,36964
15306,13131,36966
15307,13132,36967
15308,13133,36970
15309,13134,36971
15310,13135,36975
15311,13135,36977
15312,13136,36977
15313,13137,36981
15314,13138,36982
15315,13139,36991
15316,13140,36995
15317,13141,36998
15318,13142,36996
15319,13143,37001
15320,13143,37002
15321,13144,37003
15322,13145,37004
15323,13146,37005
15324,13147,37008
15325,13148,37012
15326,13149,37011
15327,13150,37016
15328,13150,37015
15329,13151,37018
15330,13152,37019
15331,13153,37023
15332,13154,37024
15333,13155,37025
15334,13156,37026
15335,13157,37034
15336,13158,37041
15337,13159,37044
15338,13159,37043
15339,13160,37045
15340,13161,37046
15341,13162,37048
15342,13163,37052
15343,13164,37053
15344,13165,37056
15345,13166,37057
15346,13167,37058
15347,13167,37057
15348,13168,37062
15349,13169,37064
15350,13170,37063
15351,13171,37081
15352,13171,37078
15353,13172,37079
15354,13172,37081
15355,13173,37082
15356,13174,37084
15357,13175,37089
15358,13176,37090
15359,13177,37092
15360,13178,37098
15361,13179,37099
15362,13180,37100
15363,13181,37102
15364,13182,37101
15365,13183,37109
15366,13184,37108
15367,13185,37111
15368,13186,37110
15369,13186,37111
15370,13187,37114
15371,13188,37121
15372,13189,37122
15373,13190,37125
15374,13191,37130
15375,13192,37134
15376,13193,37132
15377,13194,37136
15378,13194,37137
15379,13195,37141
15380,13196,37139
15381,13197,37144
15382,13198,37143
15383,13199,37153
15384,13200,37152
15385,13200,37153
15386,13201,37156
15387,13202,37155
15388,13203,37160
15389,13203,37159
15390,13204,37165
15391,13205,37170
15392,13206,37172
15393,13207,37173
15394,13208,37174
15395,13209,37180
15396,13210,37181
15397,13211,37190
15398,13211,37191
15399,13212,37189
15400,13213,37193
15401,13214,37195
15402,13215,37196
15403,13216,37203
15404,13217,37204
15405,13217,37205
15406,13218,37205
15407,13218,37204
15408,13219,37206
15409,13220,37207
15410,13221,37213
15411,13221,37211
15412,13222,37215
15413,13223,37216
15414,13224,37219
15415,13225,37222
15416,13226,37227
15417,13227,37232
15418,13228,37236
15419,13229,37235
15420,13230,37247
15421,13231,37253
15422,13232,37254
15423,13233,37261
15424,13234,37258
15425,13234,37261
15426,13235,37268
15427,13236,37269
15428,13237,37270
15429,13238,37279
15430,13238,37277
15431,13239,37277
15432,13240,37282
15433,13241,37289
15434,13241,37288
15435,13242,37293
15436,13243,37297
15437,13244,37299
15438,13245,37303
15439,13246,37313
15440,13247,37319
15441,13248,37321
15442,13249,37322
15443,13250,37328
15444,13251,37331
15445,13252,37332
15446,13253,37334
15447,13253,37335
15448,13254,37340
15449,13255,37343
15450,13256,37344
15451,13257,37351
15452,13258,37352
15453,13259,37354
15454,13260,37362
15455,13261,37369
15456,13262,37371
15457,13263,37375
15458,13264,37376
15459,13265,37378
15460,13266,37380
15461,13267,37389
15462,13267,37390
15463,13268,37390
15464,13269,37392
15465,13270,37396
15466,13271,37399
15467,13271,37400
15468,13272,37405
15469,13273,37408
15470,13274,37409
15471,13275,37410
15472,13276,37417
15473,13277,37421
15474,13278,37422
15475,13278,37423
15476,13279,37425
15477,13280,37429
15478,13280,37428
15479,13281,37428
15480,13282,37438
15481,13283,37442
15482,13284,37451
15483,13285,37452
15484,13286,37458
15485,13287,37461
15486,13288,37460
15487,13289,37465
15488,13290,37468
15489,13290,37469
15490,13291,37470
15491,13292,37475
15492,13292,37478
15493,13293,37476
15494,13294,37480
15495,13295,37479
15496,13296,37482
15497,13297,37484
15498,13298,37487
15499,13299,37492
15500,13299,37490
15501,13300,37489
15502,13301,37493
15503,13302,37494
15504,13303,37499
15505,13304,37500
15506,13305,37501
15507,13305,37502
15508,13306,37503
15509,13307,37504
15510,13308,37510
15511,13309,37513
15512,13310,37512
15513,13311,37516
15514,13312,37518
15515,13313,37519
15516,13313,37517
15517,13314,37521
15518,13315,37522
15519,13316,37523
15520,13317,37524
15521,13318,37529
15522,13319,37528
15523,13320,37531
15524,13320,37530
15525,13321,37530
15526,13322,37533
15527,13323,37534
15528,13324,37535
15529,13325,37538
15530,13326,37540
15531,13327,37546
15532,13327,37547
15533,13328,37549
15534,13329,37550
15535,13330,37552
15536,13331,37555
15537,13331,37554
15538,13332,37560
15539,13333,37574
15540,13334,37575
15541,13334,37576
15542,13335,37581
15543,13336,37583
15544,13337,37584
15545,13338,37586
15546,13339,37587
15547,13340,37588
15548,13341,37595
15549,13342,37597
15550,13343,37598
15551,13344,37600
15552,13345,37602
15553,13346,37603
15554,13347,37606
15555,13348,37611
15556,13349,37614
15557,13350,37615
15558,13351,37617
15559,13352,37622
15560,13352,37623
15561,13353,37623
15562,13354,37627
15563,13355,37629
15564,13356,37630
15565,13357,37634
15566,13358,37633
15567,13359,37644
15568,13360,37643
15569,13360,37644
15570,13361,37646
15571,13362,37645
15572,13362,37646
15573,13363,37647
15574,13364,37648
15575,13365,37653
15576,13366,37657
15577,13367,37660
15578,13368,37667
15579,13369,37668
15580,13370,37669
15581,13371,37670
15582,13372,37671
15583,13373,37675
15584,13374,37676
15585,13375,37679
15586,13376,37683
15587,13377,37686
15588,13378,37692
15589,13378,37691
15590,13379,37691
15591,13380,37695
15592,13381,37693
15593,13382,37696
15594,13383,37700
15595,13384,37702
15596,13385,37701
15597,13386,37707
15598,13387,37711
15599,13387,37712
15600,13388,37715
15601,13389,37716
15602,13390,37720
15603,13391,37719
15604,13392,37725
15605,13393,37722
15606,13394,37729
15607,13395,37733
15608,13396,37732
15609,13397,37741
15610,13398,37747
15611,13399,37749
15612,13400,37753
15613,13401,37754
15614,13402,37755
15615,13402,37754
15616,13403,37758
15617,13403,37757
15618,13404,37759
15619,13405,37760
15620,13405,37761
15621,13406,37764
15622,13406,37763
15623,13407,37766
15624,13408,37765
15625,13409,37768
15626,13410,37767
15627,13410,37769
15628,13411,37770
15629,13412,37773
15630,13413,37774
15631,13414,37781
15632,13415,37784
15633,13416,37783
15634,13417,37785
15635,13418,37789
15636,13419,37800
15637,13420,37804
15638,13421,37805
15639,13422,37809
15640,13423,37810
15641,13423,37811
15642,13424,37811
15643,13425,37815
15644,13426,37816
15645,13427,37822
15646,13427,37823
15647,13428,37823
15648,13429,37824
15649,13430,37828
15650,13431,37827
15651,13431,37828
15652,13432,37832
15653,13433,37830
15654,13434,37833
15655,13435,37834
15656,13436,37835
15657,13437,37836
15658,13438,37842
15659,13439,37847
15660,13440,37848
15661,13441,37849
15662,13442,37850
15663,13443,37853
15664,13443,37852
15665,13444,37855
15666,13445,37854
15667,13446,37858
15668,13447,37860
15669,13447,37857
15670,13448,37861
15671,13449,37862
15672,13450,37866
15673,13451,37871
15674,13452,37879
15675,13453,37885
15676,13454,37886
15677,13455,37887
15678,13456,37889
15679,13457,37891
15680,13458,37896
15681,13459,37897
15682,13460,37899
15683,13461,37900
15684,13462,37902
15685,13463,37903
15686,13464,37908
15687,13465,37906
15688,13466,37914
15689,13467,37915
15690,13468,37916
15691,13469,37917
15692,13470,37920
15693,13471,37921
15694,13472,37923
15695,13473,37931
15696,13474,37930
15697,13475,37933
15698,13475,37932
15699,13476,37932
15700,13477,37934
15701,13478,37940
15702,13478,37937
15703,13479,37938
15704,13480,37956
15705,13481,37963
15706,13482,37964
15707,13483,37965
15708,13484,37967
15709,13485,37968
15710,13486,37971
15711,13487,37969
15712,13488,37973
15713,13489,37972
15714,13490,37977
15715,13491,37986
15716,13492,37987
15717,13493,37988
15718,13494,37989
15719,13495,37990
15720,13496,37994
15721,13497,37995
15722,13497,37997
15723,13498,37998
15724,13499,38001
15725,13500,38008
15726,13501,38009
15727,13502,38010
15728,13503,38011
15729,13504,38015
15730,13505,38020
15731,13506,38019
15732,13507,38027
15733,13508,38026
15734,13509,38028
15735,13510,38030
15736,13511,38033
15737,13511,38032
15738,13512,38032
15739,13512,38033
15740,13513,38036
15741,13514,38038
15742,13515,38037
15743,13516,38039
15744,13517,38040
15745,13518,38042
15746,13519,38046
15747,13520,38049
15748,13520,38048
15749,13521,38048
15750,13522,38052
15751,13523,38050
15752,13524,38054
15753,13525,38057
15754,13526,38058
15755,13527,38059
15756,13528,38069
15757,13529,38074
15758,13530,38075
15759,13531,38078
15760,13532,38077
15761,13532,38078
15762,13533,38082
15763,13534,38081
15764,13534,38080
15765,13535,38083
15766,13536,38084
15767,13537,38087
15768,13538,38090
15769,13538,38089
15770,13539,38091
15771,13540,38092
15772,13540,38095
15773,13541,38095
15774,13542,38097
15775,13543,38098
15776,13544,38100
15777,13545,38106
15778,13545,38105
15779,13546,38104
15780,13547,38107
15781,13548,38109
15782,13549,38110
15783,13550,38126
15784,13551,38127
15785,13552,38131
15786,13552,38130
15787,13553,38130
15788,13554,38134
15789,13555,38137
15790,13555,38136
15791,13556,38135
15792,13557,38148
15793,13558,38147
15794,13558,38148
15795,13559,38151
15796,13560,38152
15797,13561,38160
15798,13562,38163
15799,13562,38166
15800,13563,38171
15801,13564,38169
15802,13564,38171
15803,13565,38172
15804,13566,38174
15805,13567,38176
15806,13568,38179
15807,13568,38180
15808,13569,38181
15809,13570,38183
15810,13571,38188
15811,13571,38189
15812,13572,38190
15813,13573,38193
15814,13574,38197
15815,13575,38194
15816,13576,38198
15817,13577,38199
15818,13577,38200
15819,13578,38200
15820,13579,38208
15821,13580,38213
15822,13581,38216
15823,13582,38218
15824,13583,38221
15825,13584,38223
15826,13585,38222
15827,13586,38225
15828,13587,38227
15829,13588,38226
15830,13588,38227
15831,13589,38229
15832,13589,38230
15833,13590,38230
15834,13591,38231
15835,13592,38232
15836,13593,38236
15837,13594,38235
15838,13595,38239
15839,13596,38240
15840,13597,38241
15841,13598,38242
15842,13599,38249
15843,13600,38252
15844,13601,38258
15845,13602,38260
15846,13602,38259
15847,13603,38264
15848,13604,38268
15849,13605,38269
15850,13605,38268
15851,13606,38271
15852,13607,38273
15853,13608,38279
15854,13608,38278
15855,13609,38277
15856,13609,38279
15857,13610,38299
15858,13611,38298
15859,13612,38304
15860,13613,38305
15861,13613,38306
15862,13614,38306
15863,13614,38305
15864,13615,38318
15865,13615,38316
15866,13616,38320
15867,13617,38329
15868,13618,38335
15869,13618,38337
15870,13619,38334
15871,13620,38339
15872,13620,38338
15873,13621,38342
15874,13622,38343
15875,13622,38344
15876,13623,38347
15877,13624,38355
15878,13625,38354
15879,13626,38356
15880,13627,38358
15881,13628,38362
15882,13629,38375
15883,13629,38377
15884,13630,38380
15885,13631,38385
15886,13632,38388
15887,13633,38390
15888,13634,38392
15889,13635,38394
15890,13635,38393
15891,13636,38393
15892,13637,38397
15893,13638,38400
15894,13639,38401
15895,13640,38402
15896,13641,38404
15897,13642,38403
15898,13643,38406
15899,13644,38407
15900,13645,38409
15901,13646,38412
15902,13647,38415
15903,13647,38414
15904,13648,38414
15905,13649,38419
15906,13649,38420
15907,13650,38421
15908,13651,38423
15909,13652,38422
15910,13653,38425
15911,13654,38424
15912,13654,38425
15913,13655,38426
15914,13656,38431
15915,13657,38435
15916,13657,38436
15917,13658,38438
15918,13659,38437
15919,13660,38441
15920,13661,38442
15921,13662,38449
15922,13663,38455
15923,13664,38456
15924,13665,38461
15925,13666,38463
15926,13666,38462
15927,13667,38467
15928,13668,38466
15929,13669,38468
15930,13670,38469
15931,13671,38478
15932,13672,38482
15933,13673,38481
15934,13674,38486
15935,13675,38484
15936,13676,38488
15937,13677,38489
15938,13678,38492
15939,13679,38496
15940,13680,38505
15941,13681,38504
15942,13681,38505
15943,13682,38509
15944,13683,38510
15945,13684,38513
15946,13685,38511
15947,13686,38514
15948,13687,38515
15949,13688,38516
15950,13689,38520
15951,13690,38521
15952,13691,38524
15953,13692,38528
15954,13693,38529
15955,13694,38532
15956,13695,38537
15957,13696,38539
15958,13697,38538
15959,13698,38541
15960,13699,38546
15961,13699,38543
15962,13700,38549
15963,13701,38552
15964,13701,38550
15965,13702,38556
15966,13703,38559
15967,13704,38557
15968,13705,38564
15969,13706,38568
15970,13707,38569
15971,13708,38575
15972,13709,38574
15973,13710,38576
15974,13711,38577
15975,13711,38576
15976,13712,38580
15977,13713,38585
15978,13714,38586
15979,13715,38588
15980,13716,38590
15981,13717,38594
15982,13718,38599
15983,13719,38605
15984,13720,38604
15985,13721,38608
15986,13722,38609
15987,13723,38620
15988,13723,38619
15989,13724,38623
15990,13725,38627
15991,13726,38624
15992,13727,38628
15993,13728,38635
15994,13728,38634
15995,13729,38637
15996,13730,38641
15997,13731,38640
15998,13732,38642
15999,13733,38643
16000,13734,38645
16001,13735,38646
16002,13736,38648
16003,13737,38652
16004,13738,38659
16005,13739,38660
16006,13739,38659
16007,13740,38665
16008,13741,38667
16009,13742,38666
16010,13743,38673
16011,13744,38674
16012,13745,38678
16013,13746,38682
16014,13747,38686
16015,13748,38685
16016,13748,38686
16017,13749,38689
16018,13749,38687
16019,13750,38687
16020,13750,38688
16021,13751,38692
16022,13752,38691
16023,13753,38695
16024,13754,38696
16025,13755,38699
16026,13756,38705
16027,13757,38706
16028,13758,38711
16029,13759,38710
16030,13760,38715
16031,13760,38714
16032,13761,38713
16033,13762,38716
16034,13763,38717
16035,13764,38724
16036,13765,38730
16037,13766,38733
16038,13767,38732
16039,13768,38734
16040,13768,38737
16041,13769,38735
16042,13770,38738
16043,13771,38740
16044,13772,38741
16045,13773,38743
16046,13774,38744
16047,13775,38748
16048,13776,38750
16049,13777,38749
16050,13778,38755
16051,13779,38764
16052,13780,38769
16053,13781,38768
16054,13782,38770
16055,13783,38773
16056,13784,38775
16057,13785,38779
16058,13786,38784
16059,13787,38783
16060,13788,38786
16061,13789,38787
16062,13790,38788
16063,13790,38789
16064,13791,38790
16065,13792,38791
16066,13793,38800
16067,13794,38801
16068,13795,38805
16069,13796,38803
16070,13796,38805
16071,13797,38808
16072,13798,38807
16073,13799,38813
16074,13800,38814
16075,13801,38817
16076,13802,38818
16077,13803,38824
16078,13804,38837
16079,13804,38835
16080,13805,38839
16081,13806,38841
16082,13807,38843
16083,13808,38844
16084,13809,38845
16085,13810,38848
16086,13811,38847
16087,13812,38850
16088,13812,38849
16089,13813,38849
16090,13814,38854
16091,13815,38855
16092,13815,38856
16093,13816,38862
16094,13817,38873
16095,13818,38871
16096,13819,38883
16097,13820,38884
16098,13821,38885
16099,13822,38888
16100,13823,38889
16101,13824,38893
16102,13825,38892
16103,13825,38893
16104,13826,38898
16105,13827,38902
16106,13828,38906
16107,13829,38911
16108,13830,38912
16109,13831,38917
16110,13832,38925
16111,13833,38924
16112,13834,38928
16113,13835,38938
16114,13836,38936
16115,13836,38937
16116,13837,38939
16117,13838,38940
16118,13839,38941
16119,13840,38943
16120,13840,38942
16121,13841,38944
16122,13842,38945
16123,13843,38951
16124,13844,38953
16125,13845,38955
16126,13846,38954
16127,13847,38956
16128,13848,38961
16129,13848,38962
16130,13849,38962
16131,13850,38964
16132,13851,38967
16133,13852,38972
16134,13853,38971
16135,13854,38973
16136,13855,38977
16137,13856,38978
16138,13857,38980
16139,13858,38981
16140,13859,38983
16141,13859,38982
16142,13860,38987
16143,13861,38989
16144,13862,38990
16145,13862,38992
16146,13863,38994
16147,13864,39002
16148,13864,39003
16149,13865,39005
16150,13866,39006
16151,13867,39007
16152,13868,39010
16153,13869,39015
16154,13870,39016
16155,13871,39023
16156,13872,39022
16157,13873,39027
16158,13874,39037
16159,13875,39038
16160,13876,39041
16161,13876,39039
16162,13877,39042
16163,13878,39044
16164,13879,39045
16165,13880,39051
16166,13881,39053
16167,13882,39054
16168,13883,39055
16169,13884,39059
16170,13885,39058
16171,13886,39062
16172,13887,39063
16173,13887,39065
16174,13888,39066
16175,13889,39067
16176,13890,39069
16177,13891,39068
16178,13892,39070
16179,13892,39072
16180,13893,39081
16181,13894,39083
16182,13895,39085
16183,13896,39086
16184,13897,39090
16185,13898,39089
16186,13899,39091
16187,13900,39094
16188,13901,39093
16189,13902,39097
16190,13902,39098
16191,13903,39101
16192,13904,39104
16193,13904,39103
16194,13905,39108
16195,13906,39115
16196,13907,39117
16197,13908,39118
16198,13909,39119
16199,13910,39120
16200,13911,39122
16201,13912,39126
16202,13913,39135
16203,13914,39141
16204,13915,39143
16205,13916,39144
16206,13916,39145
16207,13917,39145
16208,13918,39149
16209,13918,39150
16210,13919,39147
16211,13920,39157
16212,13921,39158
16213,13922,39163
16214,13923,39172
16215,13924,39170
16216,13924,39171
16217,13925,39174
16218,13926,39179
16219,13927,39178
16220,13928,39183
16221,13929,39184
16222,13930,39189
16223,13930,39186
16224,13931,39186
16225,13932,39194
16226,13933,39192
16227,13934,39196
16228,13935,39197
16229,13936,39204
16230,13936,39203
16231,13937,39207
16232,13938,39205
16233,13939,39211
16234,13940,39214
16235,13941,39216
16236,13942,39218
16237,13943,39224
16238,13944,39232
16239,13945,39234
16240,13946,39235
16241,13947,39236
16242,13948,39241
16243,13948,39240
16244,13949,39244
16245,13949,39243
16246,13950,39243
16247,13951,39248
16248,13952,39246
16249,13953,39251
16250,13953,39250
16251,13954,39250
16252,13955,39253
16253,13956,39259
16254,13957,39258
16255,13958,39260
16256,13959,39262
16257,13960,39264
16258,13961,39266
16259,13962,39268
16260,13963,39274
16261,13964,39281
16262,13964,39279
16263,13965,39282
16264,13966,39285
16265,13967,39289
16266,13968,39290
16267,13969,39293
16268,13970,39297
16269,13970,39298
16270,13971,39299
16271,13972,39305
16272,13973,39307
16273,13974,39313
16274,13975,39311
16275,13975,39313
16276,13976,39314
16277,13977,39315
16278,13977,39316
16279,13978,39316
16280,13979,39317
16281,13980,39320
16282,13981,39319
16283,13982,39324
16284,13982,39323
16285,13983,39323
16286,13984,39331
16287,13985,39336
16288,13986,39337
16289,13987,39343
16290,13988,39342
16291,13988,39343
16292,13989,39346
16293,13990,39347
16294,13991,39349
16295,13991,39348
16296,13992,39351
16297,13993,39353
16298,13994,39354
16299,13995,39355
16300,13996,39356
16301,13997,39359
16302,13998,39361
16303,13998,39362
16304,13999,39362
16305,14000,39365
16306,14001,39367
16307,14002,39366
16308,14003,39373
16309,14004,39378
16310,14005,39381
16311,14006,39382
16312,14007,39385
16313,14007,39384
16314,14008,39386
16315,14009,39390
16316,14010,39397
16317,14011,39398
16318,14011,39400
16319,14012,39401
16320,14012,39398
16321,14013,39404
16322,14014,39402
16323,14015,39406
16324,14015,39405
16325,14016,39407
16326,14017,39412
16327,14018,39409
16328,14019,39420
16329,14020,39419
16330,14021,39425
16331,14022,39426
16332,14023,39429
16333,14024,39427
16334,14025,39438
16335,14026,39436
16336,14027,39441
16337,14028,39442
16338,14029,39445
16339,14030,39447
16340,14031,39449
16341,14032,39452
16342,14032,39450
16343,14033,39455
16344,14034,39454
16345,14035,39460
16346,14036,39463
16347,14037,39467
16348,14038,39466
16349,14039,39470
16350,14040,39469
16351,14041,39473
16352,14042,39477
16353,14043,39478
16354,14044,39481
16355,14045,39483
16356,14046,39495
16357,14047,39496
16358,14048,39497
16359,14048,39498
16360,14049,39498
16361,14050,39501
16362,14050,39499
16363,14051,39500
16364,14052,39508
16365,14052,39506
16366,14053,39510
16367,14053,39511
16368,14054,39511
16369,14055,39516
16370,14056,39521
16371,14057,39520
16372,14058,39527
16373,14059,39528
16374,14059,39526
16375,14060,39530
16376,14061,39531
16377,14062,39533
16378,14063,39539
16379,14064,39543
16380,14065,39546
16381,14066,39544
16382,14066,39545
16383,14067,39556
16384,14068,39557
16385,14069,39558
16386,14070,39560
16387,14071,39564
16388,14072,39565
16389,14073,39566
16390,14074,39568
16391,14075,39567
16392,14076,39570
16393,14077,39571
16394,14078,39572
16395,14079,39576
16396,14080,39577
16397,14081,39579
16398,14082,39582
16399,14082,39581
16400,14083,39584
16401,14084,39590
16402,14084,39588
16403,14085,39592
16404,14086,39594
16405,14087,39593
16406,14088,39595
16407,14089,39596
16408,14090,39598
16409,14090,39599
16410,14091,39599
16411,14091,39600
16412,14092,39601
16413,14093,39605
16414,14094,39612
16415,14095,39615
16416,14096,39619
16417,14097,39621
16418,14098,39620
16419,14099,39623
16420,14100,39626
16421,14101,39627
16422,14102,39629
16423,14103,39630
16424,14104,39632
16425,14105,39637
16426,14105,39636
16427,14106,39636
16428,14107,39638
16429,14108,39649
16430,14108,39648
16431,14109,39648
16432,14110,39651
16433,14111,39652
16434,14112,39656
16435,14113,39659
16436,14113,39660
16437,14114,39661
16438,14115,39663
16439,14116,39669
16440,14117,39673
16441,14118,39675
16442,14118,39676
16443,14119,39676
16444,14120,39683
16445,14120,39681
16446,14121,39686
16447,14122,39685
16448,14123,39687
16449,14124,39692
16450,14125,39691
16451,14126,39693
16452,14127,39702
16453,14128,39704
16454,14129,39705
16455,14130,39706
16456,14131,39708
16457,14132,39716
16458,14133,39717
16459,14134,39719
16460,14135,39720
16461,14136,39721
16462,14137,39722
16463,14138,39723
16464,14138,39722
16465,14139,39726
16466,14140,39731
16467,14141,39730
16468,14142,39732
16469,14143,39733
16470,14144,39736
16471,14145,39737
16472,14146,39738
16473,14147,39741
16474,14148,39744
16475,14149,39747
16476,14150,39749
16477,14151,39751
16478,14152,39754
16479,14153,39756
16480,14154,39755
16481,14154,39757
16482,14155,39768
16483,14156,39770
16484,14157,39769
16485,14158,39775
16486,14159,39776
16487,14160,39778
16488,14160,39777
16489,14161,39777
16490,14161,39778
16491,14162,39780
16492,14162,39779
16493,14163,39784
16494,14163,39783
16495,14164,39782
16496,14165,39785
16497,14166,39786
16498,14167,39791
16499,14167,39790
16500,14168,39799
16501,14169,39802
16502,14170,39801
16503,14170,39802
16504,14171,39804
16505,14172,39803
16506,14173,39809
16507,14174,39810
16508,14175,39811
16509,14175,39810
16510,14176,39817
16511,14176,39818
16512,14177,39822
16513,14178,39826
16514,14179,39825
16515,14180,39833
16516,14181,39834
16517,14182,39835
16518,14183,39836
16519,14184,39837
16520,14185,39839
16521,14186,39840
16522,14187,39841
16523,14188,39843
16524,14189,39848
16525,14190,39849
16526,14191,39850
16527,14192,39852
16528,14193,39853
16529,14194,39861
16530,14194,39860
16531,14195,39862
16532,14196,39864
16533,14197,39865
16534,14198,39866
16535,14199,39867
16536,14200,39872
16537,14201,39873
16538,14202,39876
16539,14203,39878
16540,14204,39877
16541,14204,39878
16542,14205,39888
16543,14206,39889
16544,14207,39892
16545,14207,39891
16546,14208,39903
16547,14209,39906
16548,14210,39905
16549,14210,39906
16550,14211,39909
16551,14212,39907
16552,14213,39912
16553,14214,39911
16554,14215,39914
16555,14216,39913
16556,14217,39920
16557,14218,39922
16558,14219,39927
16559,14220,39928
16560,14221,39929
16561,14221,39928
16562,14222,39930
16563,14223,39937
16564,14224,39939
16565,14225,39941
16566,14226,39942
16567,14227,39944
16568,14228,39947
16569,14229,39948
16570,14230,39951
16571,14231,39952
16572,14232,39956
16573,14233,39957
16574,14233,39955
16575,14234,39960
16576,14235,39959
16577,14236,39964
16578,14237,39968
16579,14238,39973
16580,14239,39976
16581,14239,39975
16582,14240,39975
16583,14241,39978
16584,14242,39983
16585,14243,39982
16586,14244,39984
16587,14245,39986
16588,14246,39988
16589,14247,39989
16590,14248,40001
16591,14249,40007
16592,14249,40005
16593,14250,40011
16594,14251,40010
16595,14251,40011
16596,14252,40013
16597,14253,40014
16598,14253,40013
16599,14254,40015
16600,14254,40016
16601,14255,40016
16602,14256,40018
16603,14257,40019
16604,14258,40026
16605,14259,40031
16606,14260,40037
16607,14261,40036
16608,14262,40045
16609,14262,40044
16610,14263,40049
16611,14264,40050
16612,14265,40056
16613,14265,40058
16614,14266,40060
16615,14266,40059
16616,14267,40066
16617,14268,40067
16618,14269,40068
16619,14270,40071
16620,14271,40077
16621,14272,40078
16622,14273,40079
16623,14274,40086
16624,14275,40085
16625,14276,40089
16626,14277,40098
16627,14278,40096
16628,14278,40097
16629,14279,40102
16630,14280,40101
16631,14281,40105
16632,14282,40106
16633,14283,40108
16634,14284,40107
16635,14285,40111
16636,14286,40114
16637,14286,40116
16638,14287,40118
16639,14288,40117
16640,14289,40120
16641,14290,40124
16642,14291,40125
16643,14292,40126
16644,14292,40128
16645,14293,40129
16646,14294,40131
16647,14295,40132
16648,14295,40131
16649,14296,40136
16650,14297,40135
16651,14298,40138
16652,14298,40137
16653,14299,40137
16654,14300,40141
16655,14300,40139
16656,14301,40140
16657,14302,40142
16658,14303,40148
16659,14303,40149
16660,14304,40150
16661,14304,40148
16662,14305,40157
16663,14306,40160
16664,14307,40164
16665,14307,40165
16666,14308,40175
16667,14309,40174
16668,14310,40176
16669,14311,40180
16670,14312,40179
16671,14313,40182
16672,14314,40181
16673,14315,40184
16674,14316,40186
16675,14317,40185
16676,14318,40197
16677,14319,40198
16678,14320,40199
16679,14321,40200
16680,14322,40203
16681,14323,40202
16682,14324,40207
16683,14325,40208
16684,14326,40209
16685,14327,40210
16686,14328,40211
16687,14329,40214
16688,14330,40215
16689,14331,40216
16690,14332,40217
16691,14332,40218
16692,14333,40223
16693,14334,40224
16694,14335,40225
16695,14336,40227
16696,14337,40229
16697,14338,40230
16698,14339,40231
16699,14340,40232
16700,14341,40241
16701,14342,40239
16702,14343,40244
16703,14344,40249
16704,14345,40247
16705,14346,40250
16706,14347,40254
16707,14348,40255
16708,14349,40262
16709,14350,40269
16710,14351,40270
16711,14352,40272
16712,14353,40274
16713,14354,40276
16714,14355,40277
16715,14355,40278
16716,14356,40278
16717,14357,40283
16718,14358,40282
16719,14359,40286
16720,14360,40289
16721,14360,40286
16722,14361,40290
16723,14362,40292
16724,14362,40293
16725,14363,40295
16726,14364,40306
16727,14365,40304
16728,14365,40306
16729,14366,40307
16730,14367,40310
16731,14368,40316
16732,14369,40315
16733,14370,40320
16734,14371,40318
16735,14371,40320
16736,14372,40321
16737,14372,40323
16738,14373,40337
16739,14374,40346
16740,14374,40345
16741,14375,40345
16742,14376,40350
16743,14376,40351
16744,14377,40351
16745,14378,40352
16746,14379,40357
16747,14380,40360
16748,14380,40358
16749,14381,40361
16750,14382,40364
16751,14383,40366
16752,14384,40367
16753,14385,40369
16754,14386,40371
16755,14387,40376
16756,14388,40375
16757,14389,40378
16758,14390,40382
16759,14391,40384
16760,14392,40387
16761,14393,40390
16762,14394,40389
16763,14395,40391
16764,14396,40397
16765,14397,40400
16766,14398,40403
16767,14399,40406
16768,14400,40408
16769,14401,40410
16770,14402,40414
16771,14403,40418
16772,14404,40422
16773,14404,40421
16774,14405,40423
16775,14406,40425
16776,14407,40432
16777,14408,40433
16778,14409,40434
16779,14410,40435
16780,14410,40437
16781,14411,40436
16782,14412,40439
16783,14412,40442
16784,14413,40440
16785,14414,40444
16786,14415,40452
16787,14416,40456
16788,14417,40453
16789,14418,40459
16790,14419,40462
16791,14420,40463
16792,14421,40469
16793,14422,40471
16794,14423,40470
16795,14424,40473
16796,14425,40476
16797,14426,40475
16798,14427,40478
16799,14428,40479
16800,14429,40481
16801,14430,40482
16802,14431,40488
16803,14432,40491
16804,14432,40489
16805,14433,40493
16806,14434,40495
16807,14435,40497
16808,14436,40505
16809,14437,40504
16810,14438,40508
16811,14438,40507
16812,14439,40506
16813,14440,40511
16814,14441,40519
16815,14442,40530
16816,14443,40532
16817,14443,40531
16818,14444,40531
16819,14444,40532
16820,14445,40533
16821,14446,40534
16822,14447,40535
16823,14448,40536
16824,14449,40537
16825,14450,40540
16826,14451,40543
16827,14452,40549
16828,14453,40548
16829,14454,40553
16830,14454,40550
16831,14455,40554
16832,14456,40555
16833,14457,40556
16834,14458,40558
16835,14459,40561
16836,14460,40562
16837,14461,40564
16838,14462,40566
16839,14463,40568
16840,14463,40567
16841,14464,40570
16842,14464,40572
16843,14465,40573
16844,14465,40576
16845,14466,40579
16846,14467,40581
16847,14468,40584
16848,14469,40587
16849,14469,40588
16850,14470,40588
16851,14471,40589
16852,14472,40592
16853,14473,40594
16854,14474,40595
16855,14475,40608
16856,14476,40607
16857,14477,40610
16858,14478,40614
16859,14479,40618
16860,14480,40619
16861,14481,40624
16862,14482,40625
16863,14483,40629
16864,14484,40630
16865,14485,40632
16866,14486,40634
16867,14487,40635
16868,14488,40651
16869,14489,40652
16870,14490,40654
16871,14491,40657
16872,14492,40658
16873,14492,40659
16874,14493,40659
16875,14494,40663
16876,14494,40660
16877,14495,40664
16878,14496,40668
16879,14497,40669
16880,14497,40667
16881,14498,40670
16882,14499,40671
16883,14500,40675
16884,14501,40679
16885,14502,40687
16886,14502,40686
16887,14503,40688
16888,14504,40690
16889,14505,40693
16890,14505,40695
16891,14506,40697
16892,14507,40698
16893,14508,40700
16894,14508,40699
16895,14509,40705
16896,14510,40708
16897,14511,40710
16898,14512,40709
16899,14513,40711
16900,14513,40714
16901,14514,40715
16902,14515,40716
16903,14516,40723
16904,14516,40724
16905,14517,40721
16906,14518,40725
16907,14519,40729
16908,14520,40733
16909,14521,40739
16910,14522,40742
16911,14523,40745
16912,14524,40746
16913,14525,40747
16914,14526,40749
16915,14526,40748
16916,14527,40748
16917,14528,40753
16918,14529,40754
16919,14530,40757
16920,14531,40759
16921,14532,40761
16922,14532,40760
16923,14533,40760
16924,14534,40764
16925,14535,40769
16926,14536,40771
16927,14537,40770
16928,14538,40776
16929,14539,40780
16930,14540,40782
16931,14541,40781
16932,14541,40782
16933,14542,40783
16934,14543,40786
16935,14544,40792
16936,14545,40794
16937,14546,40798
16938,14547,40801
16939,14548,40799
16940,14549,40803
16941,14550,40810
16942,14550,40808
16943,14551,40809
16944,14552,40815
16945,14552,40813
16946,14553,40814
16947,14554,40816
16948,14555,40819
16949,14556,40825
16950,14557,40827
16951,14558,40828
16952,14559,40831
16953,14559,40830
16954,14560,40835
16955,14560,40836
16956,14561,40843
16957,14562,40845
16958,14563,40853
16959,14564,40854
16960,14564,40853
16961,14565,40855
16962,14566,40857
16963,14567,40864
16964,14568,40868
16965,14569,40875
16966,14570,40876
16967,14570,40877
16968,14571,40879
16969,14572,40878
16970,14573,40881
16971,14574,40880
16972,14574,40881
16973,14575,40883
16974,14576,40882
16975,14577,40886
16976,14578,40887
16977,14579,40892
16978,14580,40893
16979,14581,40894
16980,14582,40895
16981,14583,40901
16982,14584,40903
16983,14585,40904
16984,14586,40908
16985,14587,40911
16986,14588,40910
16987,14589,40913
16988,14590,40916
16989,14591,40915
16990,14592,40920
16991,14592,40919
16992,14593,40921
16993,14594,40924
16994,14595,40929
16995,14596,40930
16996,14596,40929
16997,14597,40934
16998,14598,40935
16999,14599,40936
17000,14600,40938
17001,14601,40940
17002,14602,40945
17003,14603,40949
17004,14603,40948
17005,14604,40951
17006,14605,40957
17007,14606,40956
17008,14607,40960
17009,14608,40961
17010,14608,40960
17011,14609,40965
17012,14610,40966
17013,14611,40967
17014,14611,40969
17015,14612,40971
17016,14613,40975
17017,14614,40976
17018,14615,40977
17019,14616,40978
17020,14617,40980
17021,14618,40981
17022,14618,40984
17023,14619,40986
17024,14620,40985
17025,14621,40990
17026,14622,40995
17027,14623,40994
17028,14623,40995
17029,14624,40996
17030,14625,41001
17031,14626,41003
17032,14627,41005
17033,14627,41007
17034,14628,41008
17035,14629,41009
17036,14630,41014
17037,14630,41015
17038,14631,41019
17039,14632,41020
17040,14633,41022
17041,14633,41021
17042,14634,41034
17043,14635,41036
17044,14636,41037
17045,14637,41038
17046,14638,41044
17047,14639,41045
17048,14640,41047
17049,14641,41046
17050,14641,41047
17051,14642,41052
17052,14643,41050
17053,14644,41054
17054,14644,41055
17055,14645,41056
17056,14646,41057
17057,14646,41056
17058,14647,41062
17059,14648,41065
17060,14649,41067
17061,14650,41068
17062,14650,41067
17063,14651,41070
17064,14652,41077
17065,14653,41083
17066,14654,41084
17067,14655,41088
17068,14656,41089
17069,14657,41090
17070,14658,41091
17071,14659,41095
17072,14660,41100
17073,14661,41102
17074,14662,41105
17075,14663,41104
17076,14664,41113
17077,14665,41116
17078,14666,41117
17079,14666,41116
17080,14667,41127
17081,14668,41126
17082,14669,41128
17083,14670,41132
17084,14670,41131
17085,14671,41135
17086,14672,41140
17087,14673,41143
17088,14674,41144
17089,14675,41146
17090,14675,41147
17091,14676,41153
17092,14677,41151
17093,14677,41153
17094,14678,41159
17095,14679,41160
17096,14680,41164
17097,14681,41165
17098,14682,41167
17099,14683,41166
17100,14684,41170
17101,14685,41172
17102,14686,41173
17103,14687,41177
17104,14688,41179
17105,14689,41188
17106,14690,41189
17107,14690,41187
17108,14691,41190
17109,14692,41192
17110,14693,41193
17111,14694,41198
17112,14695,41201
17113,14696,41199
17114,14697,41212
17115,14698,41213
17116,14698,41212
17117,14699,41222
17118,14700,41225
17119,14701,41229
17120,14702,41232
17121,14702,41230
17122,14703,41235
17123,14704,41234
17124,14705,41239
17125,14706,41241
17126,14707,41245
17127,14708,41250
17128,14708,41247
17129,14709,41253
17130,14709,41254
17131,14710,41255
17132,14711,41258
17133,14712,41260
17134,14713,41265
17135,14714,41262
17136,14715,41270
17137,14716,41272
17138,14717,41271
17139,14717,41272
17140,14718,41275
17141,14719,41277
17142,14720,41286
17143,14721,41290
17144,14722,41292
17145,14723,41293
17146,14724,41295
17147,14725,41298
17148,14726,41300
17149,14726,41299
17150,14727,41301
17151,14728,41310
17152,14728,41311
17153,14729,41309
17154,14730,41315
17155,14731,41313
17156,14732,41318
17157,14733,41322
17158,14734,41326
17159,14735,41327
17160,14736,41332
17161,14737,41340
17162,14738,41343
17163,14739,41348
17164,14740,41356
17165,14741,41361
17166,14741,41362
17167,14742,41363
17168,14743,41364
17169,14744,41365
17170,14745,41367
17171,14746,41366
17172,14747,41368
17173,14747,41369
17174,14748,41369
17175,14749,41371
17176,14750,41372
17177,14751,41373
17178,14752,41377
17179,14753,41376
17180,14754,41380
17181,14755,41387
17182,14756,41385
17183,14757,41391
17184,14758,41389
17185,14759,41399
17186,14760,41401
17187,14761,41403
17188,14762,41406
17189,14763,41407
17190,14764,41408
17191,14765,41410
17192,14765,41409
17193,14766,41411
17194,14766,41410
17195,14767,41415
17196,14768,41416
17197,14769,41425
17198,14770,41430
17199,14771,41443
17200,14772,41445
17201,14773,41450
17202,14774,41451
17203,14775,41454
17204,14776,41458
17205,14777,41461
17206,14778,41467
17207,14779,41465
17208,14779,41466
17209,14780,41468
17210,14781,41470
17211,14782,41472
17212,14783,41473
17213,14784,41474
17214,14785,41476
17215,14786,41477
17216,14787,41479
17217,14788,41481
17218,14789,41483
17219,14790,41484
17220,14791,41489
17221,14792,41492
17222,14793,41491
17223,14794,41495
17224,14795,41494
17225,14795,41495
17226,14796,41497
17227,14796,41496
17228,14797,41499
17229,14798,41501
17230,14799,41509
17231,14800,41510
17232,14801,41511
17233,14802,41512
17234,14803,41517
17235,14804,41516
17236,14805,41518
17237,14806,41520
17238,14807,41524
17239,14808,41523
17240,14809,41526
17241,14810,41527
17242,14811,41532
17243,14811,41533
17244,14812,41536
17245,14812,41538
17246,14813,41541
17247,14814,41540
17248,14815,41543
17249,14816,41544
17250,14816,41545
17251,14817,41547
17252,14818,41546
17253,14819,41549
17254,14820,41553
17255,14821,41557
17256,14822,41561
17257,14823,41560
17258,14824,41562
17259,14825,41563
17260,14826,41565
17261,14827,41568
17262,14828,41569
17263,14829,41572
17264,14830,41584
17265,14831,41587
17266,14831,41586
17267,14832,41589
17268,14832,41588
17269,14833,41594
17270,14834,41597
17271,14834,41595
17272,14835,41596
17273,14836,41604
17274,14837,41603
17275,14837,41605
17276,14838,41611
17277,14839,41613
17278,14839,41612
17279,14840,41616
17280,14841,41617
17281,14842,41620
17282,14843,41628
17283,14844,41630
17284,14845,41637
17285,14846,41638
17286,14847,41641
17287,14848,41645
17288,14849,41642
17289,14849,41643
17290,14850,41650
17291,14851,41651
17292,14852,41652
17293,14853,41656
17294,14854,41657
17295,14855,41658
17296,14855,41659
17297,14856,41659
17298,14857,41660
17299,14858,41661
17300,14859,41666
17301,14860,41665
17302,14861,41675
17303,14862,41674
17304,14863,41676
17305,14864,41679
17306,14864,41680
17307,14865,41682
17308,14865,41683
17309,14866,41688
17310,14866,41689
17311,14867,41690
17312,14868,41691
17313,14869,41693
17314,14870,41695
17315,14871,41701
17316,14871,41700
17317,14872,41704
17318,14873,41711
17319,14874,41714
17320,14875,41719
17321,14876,41722
17322,14877,41725
17323,14877,41726
17324,14878,41727
17325,14879,41728
17326,14880,41731
17327,14881,41732
17328,14882,41742
17329,14883,41747
17330,14884,41749
17331,14885,41751
17332,14886,41753
17333,14887,41754
17334,14888,41760
17335,14889,41769
17336,14890,41773
17337,14891,41771
17338,14892,41781
17339,14893,41782
17340,14894,41787
17341,14895,41792
17342,14896,41791
17343,14897,41796
17344,14897,41798
17345,14898,41799
17346,14898,41796
17347,14899,41803
17348,14900,41802
17349,14901,41805
17350,14902,41807
17351,14903,41809
17352,14904,41813
17353,14905,41819
17354,14905,41817
17355,14906,41817
17356,14907,41828
17357,14908,41830
17358,14908,41829
17359,14909,41829
17360,14910,41832
17361,14911,41835
17362,14912,41837
17363,14913,41841
17364,14914,41843
17365,14915,41845
17366,14916,41848
17367,14916,41847
17368,14917,41847
17369,14917,41848
17370,14918,41850
17371,14919,41849
17372,14919,41851
17373,14920,41852
17374,14921,41859
17375,14922,41858
17376,14923,41863
17377,14924,41864
17378,14925,41872
17379,14925,41873
17380,14926,41884
17381,14927,41886
17382,14928,41887
17383,14929,41888
17384,14930,41894
17385,14931,41897
17386,14932,41898
17387,14933,41900
17388,14934,41901
17389,14935,41902
17390,14936,41904
17391,14937,41907
17392,14938,41911
17393,14939,41912
17394,14940,41915
17395,14941,41920
17396,14942,41921
17397,14943,41922
17398,14944,41925
17399,14945,41932
17400,14945,41933
17401,14946,41935
17402,14947,41943
17403,14947,41942
17404,14948,41945
17405,14949,41947
17406,14950,41949
17407,14950,41946
17408,14951,41950
17409,14952,41951
17410,14953,41952
17411,14954,41954
17412,14955,41955
17413,14956,41958
17414,14957,41965
17415,14958,41976
17416,14958,41978
17417,14959,41979
17418,14960,41980
17419,14961,41986
17420,14962,41991
17421,14963,41996
17422,14964,41998
17423,14965,41999
17424,14966,42005
17425,14967,42007
17426,14968,42012
17427,14969,42017
17428,14970,42016
17429,14971,42022
17430,14972,42023
17431,14973,42026
17432,14974,42025
17433,14975,42027
17434,14976,42032
17435,14977,42031
17436,14978,42037
17437,14979,42036
17438,14979,42037
17439,14980,42042
17440,14981,42044
17441,14982,42043
17442,14983,42047
17443,14984,42048
17444,14985,42050
17445,14986,42052
17446,14986,42054
17447,14987,42055
17448,14988,42060
17449,14989,42063
17450,14990,42065
17451,14991,42066
17452,14992,42068
17453,14993,42070
17454,14993,42069
17455,14994,42069
17456,14995,42071
17457,14996,42082
17458,14996,42084
17459,14997,42088
17460,14997,42086
17461,14998,42087
17462,14998,42086
17463,14999,42090
17464,15000,42091
17465,15001,42092
17466,15002,42094
17467,15002,42095
17468,15003,42096
17469,15004,42098
17470,15005,42102
17471,15005,42104
17472,15006,42106
17473,15006,42108
17474,15007,42108
17475,15007,42105
17476,15008,42112
17477,15009,42113
17478,15010,42120
17479,15011,42121
17480,15012,42126
17481,15013,42127
17482,15014,42128
17483,15015,42130
17484,15016,42134
17485,15017,42135
17486,15018,42141
17487,15019,42144
17488,15020,42143
17489,15020,42144
17490,15021,42145
17491,15022,42149
17492,15023,42150
17493,15024,42154
17494,15025,42157
17495,15026,42158
17496,15027,42160
17497,15028,42161
17498,15029,42165
17499,15030,42164
17500,15031,42173
17501,15032,42177
17502,15033,42179
17503,15034,42180
17504,15035,42183
17505,15036,42181
17506,15037,42187
17507,15038,42193
17508,15039,42197
17509,15040,42198
17510,15041,42205
17511,15042,42207
17512,15043,42208
17513,15043,42207
17514,15044,42211
17515,15044,42212
17516,15045,42213
17517,15046,42214
17518,15047,42216
17519,15048,42218
17520,15049,42222
17521,15050,42225
17522,15051,42230
17523,15052,42231
17524,15053,42234
17525,15054,42235
17526,15055,42238
17527,15056,42244
17528,15057,42245
17529,15058,42249
17530,15059,42250
17531,15060,42254
17532,15061,42258
17533,15062,42260
17534,15063,42261
17535,15064,42267
17536,15065,42276
17537,15066,42277
17538,15066,42275
17539,15067,42280
17540,15067,42278
17541,15068,42282
17542,15069,42283
17543,15070,42287
17544,15071,42295
17545,15071,42293
17546,15072,42294
17547,15073,42301
17548,15074,42314
17549,15075,42315
17550,15076,42317
17551,15076,42318
17552,15077,42319
17553,15078,42320
17554,15079,42321
17555,15080,42328
17556,15081,42329
17557,15082,42335
17558,15083,42338
17559,15083,42339
17560,15084,42339
17561,15085,42342
17562,15086,42344
17563,15087,42345
17564,15087,42346
17565,15088,42347
17566,15089,42348
17567,15090,42350
17568,15091,42349
17569,15092,42355
17570,15092,42356
17571,15093,42353
17572,15094,42359
17573,15095,42360
17574,15095,42357
17575,15096,42364
17576,15097,42365
17577,15098,42366
17578,15099,42371
17579,15100,42381
17580,15100,42380
17581,15101,42382
17582,15102,42386
17583,15103,42394
17584,15104,42396
17585,15105,42399
17586,15105,42398
17587,15106,42406
17588,15107,42407
17589,15107,42406
17590,15108,42409
17591,15109,42414
17592,15110,42418
17593,15111,42420
17594,15111,42419
17595,15112,42419
17596,15113,42421
17597,15113,42422
17598,15114,42435
17599,15115,42432
17600,15116,42436
17601,15117,42441
17602,15118,42443
17603,15119,42444
17604,15120,42451
17605,15121,42453
17606,15121,42456
17607,15122,42463
17608,15122,42462
17609,15123,42462
17610,15124,42475
17611,15125,42477
17612,15126,42479
17613,15127,42483
17614,15128,42488
17615,15129,42489
17616,15129,42487
17617,15130,42491
17618,15131,42493
17619,15132,42494
17620,15133,42497
17621,15133,42496
17622,15134,42500
17623,15135,42498
17624,15136,42502
17625,15137,42503
17626,15138,42507
17627,15139,42513
17628,15140,42514
17629,15141,42516
17630,15142,42517
17631,15143,42519
17632,15144,42523
17633,15145,42524
17634,15146,42525
17635,15146,42524
17636,15147,42527
17637,15148,42526
17638,15149,42530
17639,15150,42531
17640,15151,42534
17641,15152,42535
17642,15153,42536
17643,15154,42537
17644,15155,42538
17645,15156,42539
17646,15157,42541
17647,15158,42542
17648,15159,42543
17649,15160,42545
17650,15161,42547
17651,15162,42549
17652,15163,42554
17653,15164,42559
17654,15165,42560
17655,15166,42562
17656,15167,42571
17657,15168,42574
17658,15168,42573
17659,15169,42577
17660,15170,42579
17661,15171,42580
17662,15172,42584
17663,15173,42591
17664,15174,42592
17665,15175,42599
17666,15176,42603
17667,15177,42605
17668,15178,42604
17669,15179,42608
17670,15179,42606
17671,15180,42609
17672,15181,42610
17673,15182,42613
17674,15182,42615
17675,15183,42614
17676,15184,42616
17677,15185,42617
17678,15186,42621
17679,15187,42620
17680,15188,42624
17681,15189,42630
17682,15189,42629
17683,15190,42629
17684,15191,42633
17685,15192,42636
17686,15193,42637
17687,15194,42638
17688,15195,42639
17689,15196,42641
17690,15197,42642
17691,15198,42644
17692,15199,42645
17693,15200,42654
17694,15201,42653
17695,15202,42659
17696,15203,42660
17697,15204,42663
17698,15205,42669
17699,15205,42670
17700,15206,42670
17701,15207,42671
17702,15208,42672
17703,15208,42671
17704,15209,42678
17705,15210,42679
17706,15211,42682
17707,15212,42684
17708,15213,42687
17709,15214,42691
17710,15215,42692
17711,15215,42691
17712,15216,42696
17713,15217,42693
17714,15217,42695
17715,15218,42701
17716,15219,42704
17717,15219,42703
17718,15220,42710
17719,15220,42711
17720,15221,42712
17721,15222,42719
17722,15223,42720
17723,15224,42726
17724,15224,42727
17725,15225,42732
17726,15226,42734
17727,15227,42735
17728,15228,42738
17729,15229,42737
17730,15230,42741
17731,15231,42748
17732,15232,42749
17733,15233,42753
17734,15233,42754
17735,15234,42757
17736,15234,42756
17737,15235,42755
17738,15236,42758
17739,15237,42761
17740,15238,42768
17741,15239,42769
17742,15240,42772
17743,15241,42770
17744,15242,42773
17745,15243,42781
17746,15244,42780
17747,15245,42783
17748,15246,42786
17749,15247,42790
17750,15248,42793
17751,15249,42799
17752,15250,42800
17753,15251,42803
17754,15252,42804
17755,15253,42805
17756,15254,42810
17757,15255,42813
17758,15256,42814
17759,15256,42813
17760,15257,42819
17761,15258,42823
17762,15258,42824
17763,15259,42826
17764,15260,42828
17765,15261,42836
17766,15262,42842
17767,15263,42843
17768,15263,42844
17769,15264,42844
17770,15265,42845
17771,15266,42848
17772,15267,42846
17773,15268,42849
17774,15269,42850
17775,15270,42852
17776,15271,42851
17777,15272,42854
17778,15273,42856
17779,15274,42862
17780,15275,42863
17781,15276,42865
17782,15277,42869
17783,15278,42868
17784,15278,42869
17785,15279,42870
17786,15280,42871
17787,15281,42872
17788,15282,42876
17789,15282,42877
17790,15283,42879
17791,15283,42880
17792,15284,42883
17793,15285,42882
17794,15286,42885
17795,15287,42884
17796,15288,42886
17797,15289,42895
17798,15289,42894
17799,15290,42897
17800,15291,42896
17801,15291,42898
17802,15292,42902
17803,15293,42904
17804,15294,42905
17805,15295,42909
17806,15296,42906
17807,15297,42910
17808,15298,42914
17809,15299,42917
17810,15300,42915
17811,15301,42922
17812,15302,42923
17813,15303,42926
17814,15303,42927
17815,15304,42927
17816,15304,42926
17817,15305,42937
17818,15306,42941
17819,15307,42947
17820,15308,42949
17821,15309,42953
17822,15309,42950
17823,15310,42955
17824,15310,42954
17825,15311,42956
17826,15312,42958
17827,15313,42962
17828,15314,42969
17829,15315,42970
17830,15316,42972
17831,15316,42971
17832,15317,42974
17833,15318,42973
17834,15319,42988
17835,15320,42987
17836,15321,42992
17837,15322,42993
17838,15323,43001
17839,15324,43005
17840,15325,43010
17841,15326,43008
17842,15327,43016
17843,15328,43017
17844,15329,43019
17845,15329,43022
17846,15330,43023
17847,15331,43026
17848,15332,43024
17849,15333,43027
17850,15334,43032
17851,15335,43031
17852,15336,43036
17853,15337,43035
17854,15338,43037
17855,15339,43038
17856,15340,43042
17857,15341,43043
17858,15341,43044
17859,15342,43045
17860,15343,43055
17861,15344,43054
17862,15344,43055
17863,15345,43056
17864,15345,43058
17865,15346,43059
17866,15347,43070
17867,15348,43073
17868,15349,43076
17869,15350,43078
17870,15351,43082
17871,15352,43080
17872,15353,43084
17873,15353,43083
17874,15354,43083
17875,15354,43085
17876,15355,43090
17877,15356,43092
17878,15357,43101
17879,15358,43103
17880,15359,43111
17881,15360,43115
17882,15361,43118
17883,15362,43120
17884,15363,43123
17885,15364,43128
17886,15364,43125
17887,15365,43129
17888,15365,43130
17889,15366,43131
17890,15367,43137
17891,15368,43144
17892,15369,43143
17893,15369,43144
17894,15370,43147
17895,15371,43151
17896,15372,43162
17897,15373,43164
17898,15374,43163
17899,15375,43175
17900,15376,43174
17901,15377,43176
17902,15378,43179
17903,15379,43180
17904,15380,43184
17905,15381,43183
17906,15382,43185
17907,15383,43188
17908,15384,43187
17909,15385,43189
17910,15385,43190
17911,15386,43191
17912,15387,43192
17913,15388,43194
17914,15388,43195
17915,15389,43199
17916,15390,43200
17917,15391,43202
17918,15392,43203
17919,15392,43205
17920,15393,43211
17921,15394,43214
17922,15395,43218
17923,15396,43226
17924,15397,43227
17925,15398,43229
17926,15399,43230
17927,15399,43229
17928,15400,43232
17929,15401,43233
17930,15402,43234
17931,15403,43238
17932,15404,43239
17933,15405,43248
17934,15406,43247
17935,15407,43249
17936,15408,43253
17937,15409,43252
17938,15410,43260
17939,15411,43259
17940,15412,43263
17941,15413,43264
17942,15414,43266
17943,15415,43270
17944,15416,43272
17945,15416,43273
17946,15417,43273
17947,15417,43272
17948,15418,43275
17949,15419,43279
17950,15420,43278
17951,15421,43283
17952,15422,43282
17953,15423,43285
17954,15424,43284
17955,15425,43292
17956,15425,43291
17957,15426,43291
17958,15427,43294
17959,15428,43293
17960,15428,43294
17961,15429,43296
17962,15430,43295
17963,15431,43301
17964,15432,43303
17965,15432,43302
17966,15433,43302
17967,15434,43309
17968,15435,43308
17969,15435,43306
17970,15436,43310
17971,15437,43318
17972,15438,43320
17973,15439,43322
17974,15440,43323
17975,15441,43330
17976,15442,43332
17977,15443,43333
17978,15443,43334
17979,15444,43334
17980,15445,43341
17981,15446,43343
17982,15447,43345
17983,15448,43346
17984,15449,43348
17985,15450,43368
17986,15451,43367
17987,15451,43368
17988,15452,43371
17989,15453,43375
17990,15454,43376
17991,15455,43378
17992,15456,43381
17993,15457,43387
17994,15457,43386
17995,15458,43388
17996,15459,43393
17997,15460,43392
17998,15460,43394
17999,15461,43406
18000,15462,43407
18001,15463,43411
18002,15464,43413
18003,15465,43415
18004,15466,43417
18005,15467,43419
18006,15468,43420
18007,15469,43422
18008,15470,43423
18009,15471,43424
18010,15471,43426
18011,15472,43428
18012,15473,43429
18013,15474,43431
18014,15475,43433
18015,15476,43437
18016,15477,43440
18017,15478,43448
18018,15479,43449
18019,15480,43451
18020,15481,43456
18021,15482,43460
18022,15483,43462
18023,15484,43465
18024,15485,43464
18025,15486,43466
18026,15486,43467
18027,15487,43467
18028,15488,43470
18029,15488,43471
18030,15489,43473
18031,15489,43472
18032,15490,43474
18033,15490,43473
18034,15491,43476
18035,15492,43477
18036,15492,43476
18037,15493,43479
18038,15494,43484
18039,15495,43486
18040,15496,43489
18041,15497,43496
18042,15498,43497
18043,15499,43500
18044,15500,43510
18045,15501,43508
18046,15502,43512
18047,15503,43517
18048,15503,43516
18049,15504,43519
18050,15505,43518
18051,15505,43520
18052,15506,43521
18053,15507,43522
18054,15508,43525
18055,15509,43531
18056,15510,43532
18057,15511,43536
18058,15511,43535
18059,15512,43537
18060,15513,43541
18061,15514,43540
18062,15514,43541
18063,15515,43547
18064,15516,43549
18065,15517,43550
18066,15518,43554
18067,15519,43556
18068,15520,43563
18069,15521,43567
18070,15522,43578
18071,15523,43580
18072,15524,43584
18073,15525,43585
18074,15526,43586
18075,15527,43587
18076,15528,43589
18077,15529,43590
18078,15530,43591
18079,15530,43593
18080,15531,43592
18081,15532,43599
18082,15533,43600
18083,15534,43603
18084,15535,43601
18085,15536,43605
18086,15536,43606
18087,15537,43608
18088,15538,43607
18089,15539,43610
18090,15540,43615
18091,15541,43616
18092,15542,43618
18093,15543,43629
18094,15544,43628
18095,15544,43630
18096,15545,43637
18097,15546,43638
18098,15547,43641
18099,15548,43646
18100,15549,43647
18101,15550,43650
18102,15551,43649
18103,15552,43651
18104,15552,43652
18105,15553,43653
18106,15554,43658
18107,15554,43659
18108,15555,43660
18109,15556,43667
18110,15557,43674
18111,15558,43675
18112,15559,43679
18113,15560,43681
18114,15560,43678
18115,15561,43687
18116,15562,43689
18117,15563,43690
18118,15564,43694
18119,15565,43692
18120,15566,43698
18121,15567,43702
18122,15568,43705
18123,15569,43706
18124,15570,43709
18125,15571,43710
18126,15572,43732
18127,15573,43735
18128,15573,43733
18129,15574,43738
18130,15575,43739
18131,15576,43744
18132,15577,43747
18133,15578,43753
18134,15579,43754
18135,15580,43763
18136,15581,43765
18137,15582,43770
18138,15583,43767
18139,15584,43771
18140,15585,43773
18141,15586,43775
18142,15587,43779
18143,15588,43781
18144,15589,43780
18145,15590,43786
18146,15591,43791
18147,15592,43792
18148,15592,43793
18149,15593,43800
18150,15594,43799
18151,15595,43803
18152,15596,43806
18153,15597,43805
18154,15598,43808
18155,15599,43807
18156,15600,43814
18157,15601,43815
18158,15601,43814
18159,15602,43829
18160,15603,43831
18161,15604,43832
18162,15604,43831
18163,15605,43833
18164,15606,43836
18165,15607,43840
18166,15608,43844
18167,15609,43846
18168,15610,43847
18169,15610,43848
18170,15611,43849
18171,15612,43850
18172,15613,43851
18173,15614,43852
18174,15615,43856
18175,15616,43860
18176,15617,43863
18177,15618,43866
18178,15619,43873
18179,15620,43874
18180,15621,43875
18181,15622,43876
18182,15623,43880
18183,15624,43877
18184,15624,43878
18185,15625,43885
18186,15626,43890
18187,15626,43893
18188,15627,43891
18189,15627,43892
18190,15628,43899
18191,15629,43898
18192,15630,43900
18193,15631,43902
18194,15632,43904
18195,15633,43905
18196,15634,43908
18197,15635,43907
18198,15636,43911
18199,15636,43909
18200,15637,43910
18201,15638,43912
18202,15639,43915
18203,15640,43917
18204,15641,43922
18205,15642,43921
18206,15643,43926
18207,15644,43930
18208,15645,43927
18209,15646,43933
18210,15647,43932
18211,15648,43938
18212,15649,43942
18213,15649,43941
18214,15650,43943
18215,15651,43944
18216,15652,43947
18217,15653,43949
18218,15654,43950
18219,15655,43951
18220,15656,43955
18221,15657,43960
18222,15657,43959
18223,15658,43961
18224,15659,43962
18225,15660,43964
18226,15661,43965
18227,15662,43966
18228,15663,43971
18229,15664,43973
18230,15665,43974
18231,15666,43980
18232,15666,43982
18233,15667,43984
18234,15668,43988
18235,15669,43991
18236,15670,43993
18237,15671,43992
18238,15672,43995
18239,15672,43996
18240,15673,44005
18241,15674,44006
18242,15675,44008
18243,15676,44012
18244,15677,44013
18245,15678,44018
18246,15679,44019
18247,15680,44026
18248,15681,44027
18249,15682,44029
18250,15683,44037
18251,15684,44039
18252,15685,44040
18253,15686,44041
18254,15687,44045
18255,15687,44044
18256,15688,44047
18257,15689,44046
18258,15690,44048
18259,15691,44052
18260,15692,44050
18261,15693,44058
18262,15694,44060
18263,15695,44061
18264,15696,44063
18265,15697,44064
18266,15698,44070
18267,15699,44071
18268,15700,44073
18269,15701,44075
18270,15702,44081
18271,15702,44082
18272,15703,44085
18273,15704,44088
18274,15704,44090
18275,15705,44090
18276,15706,44094
18277,15707,44100
18278,15708,44102
18279,15709,44103
18280,15710,44107
18281,15711,44108
18282,15712,44109
18283,15713,44111
18284,15714,44115
18285,15715,44117
18286,15716,44116
18287,15717,44119
18288,15718,44127
18289,15719,44125
18290,15720,44129
18291,15720,44132
18292,15721,44133
18293,15722,44135
18294,15722,44133
18295,15723,44138
18296,15724,44137
18297,15725,44140
18298,15725,44139
18299,15726,44139
18300,15727,44142
18301,15728,44144
18302,15729,44146
18303,15730,44145
18304,15731,44150
18305,15732,44152
18306,15732,44150
18307,15733,44157
18308,15734,44159
18309,15735,44164
18310,15735,44162
18311,15736,44162
18312,15737,44165
18313,15738,44167
18314,15739,44169
18315,15740,44171
18316,15741,44175
18317,15742,44176
18318,15743,44177
18319,15744,44178
18320,15744,44179
18321,15745,44179
18322,15745,44180
18323,15746,44189
18324,15747,44200
18325,15748,44202
18326,15749,44205
18327,15750,44211
18328,15751,44212
18329,15751,44210
18330,15752,44220
18331,15753,44225
18332,15754,44226
18333,15755,44230
18334,15756,44246
18335,15757,44249
18336,15758,44251
18337,15759,44250
18338,15759,44251
18339,15760,44252
18340,15761,44255
18341,15762,44257
18342,15763,44261
18343,15764,44267
18344,15765,44270
18345,15765,44269
18346,15766,44269
18347,15767,44271
18348,15768,44274
18349,15768,44273
18350,15769,44276
18351,15769,44275
18352,15770,44275
18353,15771,44280
18354,15771,44279
18355,15772,44281
18356,15773,44284
18357,15774,44287
18358,15775,44288
18359,15776,44289
18360,15777,44291
18361,15778,44292
18362,15779,44294
18363,15780,44296
18364,15781,44297
18365,15782,44298
18366,15783,44299
18367,15784,44304
18368,15785,44308
18369,15786,44318
18370,15787,44322
18371,15788,44323
18372,15788,44324
18373,15789,44326
18374,15790,44328
18375,15791,44329
18376,15792,44337
18377,15793,44336
18378,15794,44342
18379,15795,44343
18380,15796,44345
18381,15797,44344
18382,15797,44345
18383,15798,44347
18384,15798,44350
18385,15799,44350
18386,15800,44354
18387,15801,44352
18388,15801,44353
18389,15802,44361
18390,15803,44364
18391,15804,44363
18392,15805,44365
18393,15806,44367
18394,15807,44368
18395,15808,44370
18396,15809,44371
18397,15809,44372
18398,15810,44375
18399,15811,44373
18400,15812,44377
18401,15813,44378
18402,15814,44381
18403,15815,44384
18404,15816,44386
18405,15817,44390
18406,15817,44392
18407,15818,44392
18408,15819,44394
18409,15820,44396
18410,15821,44404
18411,15822,44405
18412,15823,44412
18413,15824,44411
18414,15825,44413
18415,15826,44420
18416,15826,44418
18417,15827,44423
18418,15828,44426
18419,15829,44430
18420,15830,44433
18421,15830,44431
18422,15831,44434
18423,15832,44439
18424,15833,44442
18425,15833,44443
18426,15834,44443
18427,15835,44447
18428,15836,44451
18429,15837,44450
18430,15838,44453
18431,15839,44454
18432,15839,44453
18433,15840,44456
18434,15841,44457
18435,15842,44460
18436,15843,44461
18437,15843,44462
18438,15844,44463
18439,15844,44465
18440,15845,44469
18441,15846,44472
18442,15847,44473
18443,15848,44474
18444,15848,44473
18445,15849,44483
18446,15850,44484
18447,15851,44490
18448,15852,44495
18449,15853,44498
18450,15854,44497
18451,15855,44500
18452,15856,44502
18453,15857,44505
18454,15858,44508
18455,15859,44509
18456,15860,44511
18457,15861,44516
18458,15862,44519
18459,15863,44526
18460,15864,44525
18461,15864,44524
18462,15865,44527
18463,15865,44528
18464,15866,44532
18465,15867,44536
18466,15867,44537
18467,15868,44541
18468,15869,44543
18469,15870,44548
18470,15871,44549
18471,15871,44551
18472,15872,44556
18473,15873,44562
18474,15874,44561
18475,15874,44562
18476,15875,44570
18477,15875,44569
18478,15876,44569
18479,15877,44571
18480,15878,44572
18481,15879,44579
18482,15880,44581
18483,15881,44583
18484,15882,44584
18485,15883,44585
18486,15884,44586
18487,15885,44587
18488,15886,44591
18489,15887,44592
18490,15888,44594
18491,15889,44597
18492,15889,44595
18493,15890,44603
18494,15891,44606
18495,15891,44603
18496,15892,44607
18497,15893,44608
18498,15894,44611
18499,15895,44610
18500,15895,44611
18501,15896,44613
18502,15896,44612
18503,15897,44614
18504,15898,44619
18505,15899,44628
18506,15899,44630
18507,15900,44632
18508,15901,44631
18509,15901,44632
18510,15902,44634
18511,15903,44638
18512,15904,44646
18513,15904,44644
18514,15905,44645
18515,15905,44644
18516,15906,44654
18517,15907,44656
18518,15908,44665
18519,15909,44666
18520,15910,44667
18521,15911,44676
18522,15911,44677
18523,15912,44680
18524,15913,44687
18525,15914,44690
18526,15915,44689
18527,15916,44691
18528,15917,44693
18529,15917,44694
18530,15918,44694
18531,15918,44693
18532,15919,44697
18533,15920,44702
18534,15920,44699
18535,15921,44711
18536,15922,44710
18537,15923,44716
18538,15924,44720
18539,15925,44719
18540,15926,44725
18541,15927,44726
18542,15928,44730
18543,15928,44731
18544,15929,44732
18545,15930,44737
18546,15931,44739
18547,15932,44741
18548,15932,44742
18549,15933,44742
18550,15934,44744
18551,15935,44752
18552,15936,44755
18553,15937,44756
18554,15938,44762
18555,15938,44764
18556,15939,44764
18557,15940,44768
18558,15940,44770
18559,15941,44771
18560,15942,44774
18561,15943,44776
18562,15943,44777
18563,15944,44784
18564,15945,44783
18565,15946,44785
18566,15947,44787
18567,15947,44788
18568,15948,44792
18569,15948,44790
18570,15949,44793
18571,15950,44795
18572,15951,44798
18573,15952,44808
18574,15953,44809
18575,15954,44813
18576,15955,44816
18577,15955,44817
18578,15956,44818
18579,15957,44820
18580,15958,44821
18581,15959,44822
18582,15959,44821
18583,15960,44825
18584,15961,44823
18585,15962,44828
18586,15963,44829
18587,15964,44832
18588,15965,44831
18589,15966,44834
18590,15967,44839
18591,15968,44842
18592,15969,44844
18593,15970,44846
18594,15971,44845
18595,15972,44850
18596,15973,44853
18597,15973,44851
18598,15974,44851
18599,15975,44855
18600,15976,44873
18601,15977,44879
18602,15978,44883
18603,15979,44884
18604,15980,44885
18605,15981,44886
18606,15982,44888
18607,15983,44887
18608,15984,44891
18609,15985,44895
18610,15986,44893
18611,15987,44897
18612,15988,44903
18613,15989,44906
18614,15989,44904
18615,15990,44913
18616,15991,44914
18617,15992,44915
18618,15993,44916
18619,15994,44918
18620,15994,44919
18621,15995,44923
18622,15996,44927
18623,15996,44929
18624,15997,44932
18625,15998,44931
18626,15999,44933
18627,16000,44935
18628,16001,44936
18629,16002,44943
18630,16003,44942
18631,16004,44944
18632,16005,44948
18633,16006,44956
18634,16006,44959
18635,16007,44960
18636,16008,44961
18637,16009,44965
18638,16010,44964
18639,16011,44969
18640,16012,44973
18641,16013,44972
18642,16014,44982
18643,16015,44981
18644,16016,44985
18645,16016,44984
18646,16017,44989
18647,16018,44992
18648,16019,44993
18649,16020,44995
18650,16021,44999
18651,16022,45000
18652,16023,45005
18653,16024,45006
18654,16025,45008
18655,16026,45009
18656,16027,45012
18657,16027,45011
18658,16028,45014
18659,16029,45019
18660,16030,45020
18661,16031,45021
18662,16032,45024
18663,16032,45023
18664,16033,45028
18665,16034,45030
18666,16034,45029
18667,16035,45029
18668,16036,45031
18669,16037,45032
18670,16038,45037
18671,16039,45038
18672,16039,45040
18673,16040,45039
18674,16041,45044
18675,16042,45047
18676,16043,45052
18677,16044,45054
18678,16045,45055
18679,16046,45058
18680,16047,45068
18681,16048,45072
18682,16049,45081
18683,16050,45084
18684,16051,45092
18685,16052,45090
18686,16053,45093
18687,16054,45096
18688,16055,45102
18689,16056,45099
18690,16057,45112
18691,16058,45115
18692,16059,45116
18693,16060,45117
18694,16061,45118
18695,16062,45119
18696,16063,45120
18697,16064,45123
18698,16065,45125
18699,16066,45129
18700,16067,45130
18701,16067,45131
18702,16068,45133
18703,16069,45139
18704,16070,45144
18705,16071,45147
18706,16071,45145
18707,16072,45149
18708,16073,45151
18709,16073,45150
18710,16074,45156
18711,16075,45157
18712,16076,45158
18713,16077,45165
18714,16078,45169
18715,16079,45171
18716,16080,45173
18717,16080,45172
18718,16081,45177
18719,16082,45178
18720,16083,45181
18721,16083,45180
18722,16084,45179
18723,16085,45184
18724,16086,45187
18725,16087,45193
18726,16088,45192
18727,16089,45194
18728,16089,45195
18729,16090,45196
18730,16091,45201
18731,16092,45202
18732,16092,45201
18733,16093,45205
18734,16093,45206
18735,16094,45207
18736,16095,45208
18737,16095,45209
18738,16096,45210
18739,16097,45211
18740,16098,45214
18741,16099,45219
18742,16100,45218
18743,16100,45219
18744,16101,45221
18745,16102,45223
18746,16102,45221
18747,16103,45225
18748,16104,45226
18749,16105,45228
18750,16106,45229
18751,16107,45230
18752,16108,45235
18753,16109,45238
18754,16110,45240
18755,16111,45243
18756,16112,45247
18757,16113,45249
18758,16114,45259
18759,16115,45257
18760,16116,45262
18761,16117,45261
18762,16118,45265
18763,16118,45264
18764,16119,45269
18765,16120,45267
18766,16121,45270
18767,16122,45274
18768,16122,45273
18769,16123,45275
18770,16123,45274
18771,16124,45279
18772,16125,45277
18773,16126,45280
18774,16127,45286
18775,16127,45287
18776,16128,45288
18777,16129,45290
18778,16130,45291
18779,16131,45295
18780,16132,45297
18781,16133,45296
18782,16134,45299
18783,16134,45298
18784,16135,45301
18785,16136,45300
18786,16136,45303
18787,16137,45308
18788,16137,45309
18789,16138,45320
18790,16139,45321
18791,16140,45322
18792,16141,45327
18793,16142,45338
18794,16143,45337
18795,16144,45341
18796,16145,45344
18797,16145,45342
18798,16146,45342
18799,16147,45350
18800,16148,45353
18801,16149,45352
18802,16150,45355
18803,16151,45358
18804,16152,45357
18805,16153,45363
18806,16153,45364
18807,16154,45366
18808,16154,45365
18809,16155,45368
18810,16156,45367
18811,16157,45370
18812,16157,45371
18813,16158,45369
18814,16159,45373
18815,16160,45375
18816,16161,45376
18817,16162,45381
18818,16163,45386
18819,16164,45387
18820,16165,45388
18821,16166,45390
18822,16167,45392
18823,16168,45391
18824,16169,45396
18825,16170,45398
18826,16171,45400
18827,16172,45403
18828,16172,45404
18829,16173,45406
18830,16174,45407
18831,16175,45410
18832,16176,45409
18833,16177,45414
18834,16178,45415
18835,16179,45416
18836,16180,45417
18837,16181,45418
18838,16182,45420
18839,16183,45419
18840,16184,45422
18841,16185,45427
18842,16186,45429
18843,16187,45433
18844,16188,45438
18845,16189,45440
18846,16190,45439
18847,16190,45440
18848,16191,45441
18849,16192,45444
18850,16193,45448
18851,16194,45445
18852,16195,45451
18853,16196,45452
18854,16197,45454
18855,16198,45456
18856,16199,45458
18857,16200,45457
18858,16201,45460
18859,16202,45461
18860,16203,45463
18861,16204,45465
18862,16204,45463
18863,16205,45466
18864,16206,45467
18865,16207,45472
18866,16208,45477
18867,16209,45475
18868,16210,45479
18869,16211,45480
18870,16212,45482
18871,16213,45493
18872,16214,45495
18873,16215,45494
18874,16216,45498
18875,16217,45502
18876,16218,45507
18877,16219,45509
18878,16220,45517
18879,16221,45518
18880,16222,45520
18881,16223,45522
18882,16224,45523
18883,16225,45526
18884,16226,45531
18885,16227,45534
18886,16228,45538
18887,16228,45537
18888,16229,45536
18889,16230,45539
18890,16231,45540
18891,16232,45546
18892,16233,45548
18893,16234,45551
18894,16235,45552
18895,16236,45554
18896,16236,45555
18897,16237,45555
18898,16238,45561
18899,16239,45563
18900,16240,45571
18901,16241,45572
18902,16242,45576
18903,16243,45575
18904,16244,45578
18905,16244,45579
18906,16245,45580
18907,16246,45581
18908,16246,45582
18909,16247,45587
18910,16248,45589
18911,16249,45590
18912,16250,45596
18913,16251,45600
18914,16251,45597
18915,16252,45597
18916,16253,45603
18917,16254,45604
18918,16255,45605
18919,16256,45606
18920,16257,45609
18921,16258,45608
18922,16259,45611
18923,16260,45618
18924,16261,45620
18925,16261,45619
18926,16262,45621
18927,16263,45626
18928,16264,45628
18929,16265,45631
18930,16266,45629
18931,16266,45630
18932,16267,45634
18933,16268,45633
18934,16269,45644
18935,16270,45646
18936,16271,45647
18937,16271,45646
18938,16272,45648
18939,16273,45650
18940,16274,45657
18941,16275,45658
18942,16275,45659
18943,16276,45660
18944,16277,45665
18945,16278,45667
18946,16278,45668
18947,16279,45673
18948,16279,45671
18949,16280,45676
18950,16281,45677
18951,16282,45681
18952,16283,45682
18953,16284,45683
18954,16284,45686
18955,16285,45692
18956,16286,45689
18957,16287,45693
18958,16288,45696
18959,16289,45698
18960,16289,45696
18961,16290,45702
18962,16290,45705
18963,16291,45711
18964,16291,45712
18965,16292,45724
18966,16293,45726
18967,16293,45727
18968,16294,45731
18969,16295,45733
18970,16296,45732
18971,16297,45735
18972,16298,45741
18973,16299,45740
18974,16300,45745
18975,16300,45742
18976,16301,45743
18977,16301,45744
18978,16302,45749
18979,16302,45750
18980,16303,45753
18981,16304,45758
18982,16305,45757
18983,16306,45759
18984,16307,45765
18985,16307,45762
18986,16308,45767
18987,16309,45768
18988,16310,45769
18989,16311,45771
18990,16312,45772
18991,16313,45774
18992,16314,45775
18993,16315,45782
18994,16316,45783
18995,16317,45785
18996,16318,45790
18997,16319,45802
18998,16320,45803
18999,16321,45810
19000,16322,45815
19001,16323,45818
19002,16324,45819
19003,16324,45820
19004,16325,45822
19005,16326,45824
19006,16327,45823
19007,16327,45824
19008,16328,45830
19009,16329,45831
19010,16330,45832
19011,16331,45833
19012,16332,45835
19013,16333,45843
19014,16334,45852
19015,16335,45863
19016,16336,45866
19017,16337,45869
19018,16338,45871
19019,16339,45874
19020,16340,45875
19021,16341,45879
19022,16342,45878
19023,16342,45877
19024,16343,45882
19025,16344,45885
19026,16345,45883
19027,16346,45888
19028,16347,45889
19029,16348,45890
19030,16349,45893
19031,16350,45895
19032,16351,45897
19033,16352,45899
19034,16353,45908
19035,16353,45906
19036,16354,45905
19037,16355,45912
19038,16356,45911
19039,16357,45918
19040,16358,45919
19041,16359,45923
19042,16360,45927
19043,16361,45928
19044,16362,45930
19045,16363,45929
19046,16364,45933
19047,16364,45935
19048,16365,45934
19049,16366,45941
19050,16367,45942
19051,16368,45945
19052,16369,45944
19053,16369,45945
19054,16370,45951
19055,16371,45954
19056,16372,45963
19057,16373,45962
19058,16374,45971
19059,16375,45976
19060,16375,45977
19061,16376,45978
19062,16377,45979
19063,16378,45984
19064,16379,45987
19065,16380,45989
19066,16381,45988
19067,16382,45993
19068,16383,46002
19069,16383,46000
19070,16384,46003
19071,16385,46004
19072,16386,46005
19073,16387,46007
19074,16387,46008
19075,16388,46008
19076,16388,46007
19077,16389,46016
19078,16390,46019
19079,16391,46020
19080,16392,46024
19081,16393,46026
19082,16394,46027
19083,16395,46028
19084,16396,46029
19085,16397,46037
19086,16398,46035
19087,16399,46043
19088,16400,46042
19089,16401,46051
19090,16402,46053
19091,16403,46056
19092,16404,46057
19093,16405,46060
19094,16406,46061
19095,16407,46065
19096,16408,46066
19097,16409,46069
19098,16410,46070
19099,16411,46079
19100,16412,46080
19101,16413,46082
19102,16414,46084
19103,16415,46085
19104,16416,46087
19105,16416,46088
19106,16417,46090
19107,16417,46091
19108,16418,46091
19109,16419,46093
19110,16420,46097
19111,16421,46101
19112,16422,46104
19113,16423,46106
19114,16424,46108
19115,16424,46110
19116,16425,46107
19117,16426,46113
19118,16427,46116
19119,16427,46115
19120,16428,46117
19121,16429,46118
19122,16430,46123
19123,16431,46124
19124,16432,46129
19125,16433,46137
19126,16434,46138
19127,16434,46139
19128,16435,46140
19129,16436,46143
19130,16437,46160
19131,16438,46163
19132,16438,46165
19133,16439,46165
19134,16439,46164
19135,16440,46170
19136,16441,46169
19137,16442,46172
19138,16443,46175
19139,16444,46179
19140,16445,46181
19141,16446,46180
19142,16447,46186
19143,16448,46184
19144,16449,46193
19145,16450,46194
19146,16451,46202
19147,16452,46203
19148,16453,46207
19149,16454,46208
19150,16455,46220
19151,16456,46222
19152,16457,46226
19153,16458,46224
19154,16459,46233
19155,16460,46232
19156,16461,46243
19157,16462,46249
19158,16462,46248
19159,16463,46248
19160,16464,46256
19161,16465,46259
19162,16466,46260
19163,16466,46261
19164,16467,46266
19165,16468,46268
19166,16469,46273
19167,16470,46274
19168,16470,46273
19169,16471,46277
19170,16472,46281
19171,16473,46284
19172,16474,46286
19173,16474,46285
19174,16475,46288
19175,16476,46287
19176,16477,46291
19177,16478,46297
19178,16478,46295
19179,16479,46294
19180,16480,46298
19181,16481,46306
19182,16482,46309
19183,16483,46312
19184,16484,46318
19185,16485,46320
19186,16486,46322
19187,16487,46321
19188,16488,46330
19189,16489,46331
19190,16490,46338
19191,16491,46339
19192,16492,46340
19193,16493,46343
19194,16494,46346
19195,16495,46348
19196,16495,46347
19197,16496,46347
19198,16497,46350
19199,16498,46349
19200,16498,46350
19201,16499,46351
19202,16500,46352
19203,16501,46358
19204,16502,46359
19205,16503,46364
19206,16504,46363
19207,16505,46366
19208,16506,46375
19209,16507,46376
19210,16507,46378
19211,16508,46382
19212,16509,46384
19213,16510,46385
19214,16511,46387
19215,16512,46386
19216,16513,46397
19217,16514,46398
19218,16514,46399
19219,16515,46399
19220,16516,46402
19221,16517,46405
19222,16518,46404
19223,16519,46408
19224,16519,46409
19225,16520,46412
19226,16521,46413
19227,16522,46417
19228,16523,46418
19229,16524,46420
19230,16525,46424
19231,16526,46426
19232,16527,46427
19233,16528,46428
19234,16529,46432
19235,16530,46441
19236,16531,46444
19237,16532,46445
19238,16533,46449
19239,16534,46451
19240,16535,46452
19241,16536,46453
19242,16537,46454
19243,16538,46455
19244,16539,46456
19245,16540,46465
19246,16541,46471
19247,16542,46472
19248,16542,46474
19249,16543,46474
19250,16544,46479
19251,16544,46481
19252,16545,46483
19253,16546,46488
19254,16546,46487
19255,16547,46487
19256,16548,46492
19257,16549,46496
19258,16550,46494
19259,16551,46497
19260,16552,46503
19261,16553,46504
19262,16554,46505
19263,16555,46507
19264,16556,46508
19265,16557,46510
19266,16558,46512
19267,16559,46514
19268,16560,46513
19269,16561,46517
19270,16561,46515
19271,16562,46518
19272,16562,46520
19273,16563,46521
19274,16564,46525
19275,16564,46524
19276,16565,46524
19277,16565,46525
19278,16566,46527
19279,16566,46526
19280,16567,46526
19281,16568,46532
19282,16569,46534
19283,16570,46535
19284,16571,46537
19285,16572,46539
19286,16573,46543
19287,16573,46546
19288,16574,46545
19289,16575,46553
19290,16575,46550
19291,16576,46554
19292,16577,46555
19293,16578,46559
19294,16579,46558
19295,16580,46562
19296,16581,46565
19297,16582,46566
19298,16582,46567
19299,16583,46567
19300,16584,46568
19301,16585,46570
19302,16586,46569
19303,16587,46576
19304,16588,46583
19305,16589,46585
19306,16590,46591
19307,16591,46602
19308,16592,46603
19309,16593,46604
19310,16594,46605
19311,16595,46606
19312,16595,46605
19313,16596,46607
19314,16597,46608
19315,16597,46609
19316,16598,46612
19317,16599,46613
19318,16600,46615
19319,16601,46616
19320,16602,46620
19321,16603,46623
19322,16603,46624
19323,16604,46624
19324,16605,46627
19325,16606,46633
19326,16607,46636
19327,16608,46634
19328,16609,46637
19329,16610,46638
19330,16611,46639
19331,16612,46641
19332,16613,46642
19333,16613,46641
19334,16614,46646
19335,16615,46650
19336,16616,46658
19337,16617,46662
19338,16618,46664
19339,16619,46663
19340,16620,46673
19341,16621,46678
19342,16622,46677
19343,16622,46678
19344,16623,46685
19345,16624,46686
19346,16625,46689
19347,16626,46698
19348,16627,46702
19349,16628,46700
19350,16629,46705
19351,16630,46707
19352,16631,46708
19353,16632,46713
19354,16633,46714
19355,16634,46718
19356,16635,46720
19357,16636,46721
19358,16637,46726
19359,16637,46725
19360,16638,46725
19361,16639,46730
19362,16640,46733
19363,16641,46734
19364,16642,46736
19365,16643,46741
19366,16644,46745
19367,16645,46744
19368,16646,46747
19369,16647,46748
19370,16647,46747
19371,16648,46755
19372,16649,46757
19373,16650,46760
19374,16650,46759
19375,16651,46759
19376,16652,46763
19377,16653,46762
19378,16654,46774
19379,16655,46776
19380,16656,46777
19381,16657,46779
19382,16658,46780
19383,16658,46779
19384,16659,46784
19385,16659,46782
19386,16660,46782
19387,16661,46789
19388,16662,46795
19389,16663,46800
19390,16664,46803
19391,16664,46804
19392,16665,46804
19393,16666,46805
19394,16667,46806
19395,16668,46807
19396,16669,46808
19397,16670,46809
19398,16670,46810
19399,16671,46810
19400,16671,46809
19401,16672,46820
19402,16673,46821
19403,16674,46825
19404,16675,46831
19405,16676,46832
19406,16677,46837
19407,16678,46836
19408,16679,46843
19409,16680,46845
19410,16681,46844
19411,16682,46848
19412,16683,46847
19413,16683,46848
19414,16684,46849
19415,16685,46850
19416,16686,46851
19417,16687,46856
19418,16688,46854
19419,16689,46857
19420,16690,46863
19421,16690,46861
19422,16691,46862
19423,16692,46865
19424,16693,46867
19425,16694,46868
19426,16695,46869
19427,16696,46871
19428,16697,46888
19429,16698,46887
19430,16699,46889
19431,16700,46891
19432,16701,46900
19433,16702,46908
19434,16703,46909
19435,16704,46913
19436,16705,46916
19437,16706,46922
19438,16707,46921
19439,16708,46926
19440,16709,46928
19441,16710,46929
19442,16711,46932
19443,16712,46938
19444,16713,46939
19445,16714,46943
19446,16715,46942
19447,16716,46947
19448,16716,46945
19449,16717,46944
19450,16718,46953
19451,16719,46954
19452,16720,46956
19453,16721,46960
19454,16722,46963
19455,16722,46962
19456,16723,46962
19457,16723,46963
19458,16724,46965
19459,16725,46964
19460,16726,46966
19461,16726,46967
19462,16727,46970
19463,16728,46969
19464,16729,46974
19465,16730,46977
19466,16731,46981
19467,16732,46980
19468,16733,46987
19469,16733,46986
19470,16734,46989
19471,16735,46991
19472,16736,46993
19473,16737,46995
19474,16738,46997
19475,16738,46998
19476,16739,47003
19477,16740,47004
19478,16741,47007
19479,16742,47008
19480,16743,47011
19481,16744,47009
19482,16745,47014
19483,16746,47013
19484,16747,47016
19485,16748,47015
19486,16748,47016
19487,16749,47019
19488,16750,47021
19489,16751,47020
19490,16752,47023
19491,16753,47024
19492,16754,47026
19493,16755,47030
19494,16756,47036
19495,16756,47035
19496,16757,47035
19497,16758,47037
19498,16759,47042
19499,16760,47044
19500,16760,47043
19501,16761,47048
19502,16762,47052
19503,16763,47055
19504,16763,47056
19505,16764,47060
19506,16764,47059
19507,16765,47062
19508,16766,47067
19509,16766,47066
19510,16767,47066
19511,16768,47071
19512,16769,47072
19513,16770,47081
19514,16771,47082
19515,16772,47085
19516,16772,47086
19517,16773,47087
19518,16773,47085
19519,16774,47090
19520,16775,47092
19521,16776,47097
19522,16777,47099
19523,16778,47106
19524,16779,47107
19525,16780,47108
19526,16781,47111
19527,16782,47112
19528,16783,47117
19529,16784,47121
19530,16785,47122
19531,16786,47123
19532,16787,47124
19533,16788,47125
19534,16789,47126
19535,16790,47127
19536,16791,47131
19537,16792,47132
19538,16793,47136
19539,16794,47134
19540,16795,47142
19541,16796,47141
19542,16797,47143
19543,16798,47144
19544,16799,47145
19545,16800,47146
19546,16801,47149
19547,16801,47146
19548,16802,47152
19549,16803,47153
19550,16803,47152
19551,16804,47166
19552,16805,47165
19553,16805,47166
19554,16806,47168
19555,16807,47179
19556,16808,47181
19557,16809,47183
19558,16810,47189
19559,16811,47196
19560,16812,47205
19561,16813,47214
19562,16813,47213
19563,16814,47218
19564,16815,47217
19565,16816,47227
19566,16817,47225
19567,16817,47228
19568,16818,47230
19569,16819,47233
19570,16819,47232
19571,16820,47232
19572,16820,47233
19573,16821,47234
19574,16822,47236
19575,16823,47237
19576,16824,47238
19577,16825,47246
19578,16825,47245
19579,16826,47251
19580,16826,47253
19581,16827,47255
19582,16828,47257
19583,16829,47256
19584,16830,47272
19585,16831,47273
19586,16831,47274
19587,16832,47274
19588,16832,47273
19589,16833,47279
19590,16834,47285
19591,16834,47284
19592,16835,47287
19593,16836,47291
19594,16837,47293
19595,16838,47294
19596,16839,47296
19597,16840,47298
19598,16841,47299
19599,16842,47304
19600,16843,47307
19601,16844,47313
19602,16844,47312
19603,16845,47315
19604,16846,47316
19605,16847,47321
19606,16848,47322
19607,16848,47324
19608,16849,47323
19609,16850,47328
19610,16851,47330
19611,16852,47338
19612,16853,47337
19613,16854,47342
19614,16855,47341
19615,16856,47343
19616,16857,47344
19617,16857,47345
19618,16858,47345
19619,16859,47348
19620,16859,47346
19621,16860,47347
19622,16861,47354
19623,16862,47356
19624,16863,47357
19625,16864,47358
19626,16865,47370
19627,16866,47377
19628,16867,47381
19629,16868,47383
19630,16868,47381
19631,16869,47384
19632,16870,47385
19633,16871,47386
19634,16871,47385
19635,16872,47390
19636,16873,47388
19637,16874,47393
19638,16875,47396
19639,16876,47405
19640,16877,47406
19641,16877,47403
19642,16878,47413
19643,16879,47412
19644,16879,47414
19645,16880,47416
19646,16880,47415
19647,16881,47415
19648,16881,47416
19649,16882,47417
19650,16883,47419
19651,16884,47420
19652,16884,47422
19653,16885,47423
19654,16886,47426
19655,16887,47429
19656,16888,47436
19657,16889,47439
19658,16890,47437
19659,16891,47444
19660,16892,47450
19661,16893,47453
19662,16894,47454
19663,16895,47455
19664,16896,47461
19665,16897,47463
19666,16898,47464
19667,16899,47465
19668,16900,47467
19669,16901,47469
19670,16902,47471
19671,16903,47473
19672,16904,47472
19673,16905,47482
19674,16906,47484
19675,16907,47486
19676,16908,47493
19677,16909,47494
19678,16910,47497
19679,16911,47499
19680,16912,47501
19681,16913,47503
19682,16914,47518
19683,16915,47522
19684,16916,47520
19685,16917,47523
19686,16918,47524
19687,16919,47528
19688,16920,47531
19689,16921,47536
19690,16922,47538
19691,16923,47540
19692,16924,47541
19693,16924,47539
19694,16925,47545
19695,16925,47543
19696,16926,47544
19697,16927,47546
19698,16928,47548
19699,16929,47550
19700,16930,47552
19701,16931,47556
19702,16932,47562
19703,16933,47568
19704,16934,47566
19705,16935,47570
19706,16936,47576
19707,16937,47575
19708,16938,47578
19709,16939,47586
19710,16940,47587
19711,16941,47588
19712,16941,47589
19713,16942,47589
19714,16943,47590
19715,16944,47593
19716,16945,47592
19717,16946,47596
19718,16946,47594
19719,16947,47594
19720,16948,47597
19721,16949,47608
19722,16950,47610
19723,16950,47609
19724,16951,47615
19725,16951,47613
19726,16952,47614
19727,16953,47620
19728,16954,47625
19729,16954,47627
19730,16955,47630
19731,16956,47628
19732,16957,47635
19733,16957,47636
19734,16958,47638
19735,16958,47640
19736,16959,47639
19737,16960,47644
19738,16961,47643
19739,16962,47647
19740,16963,47648
19741,16964,47649
19742,16965,47651
19743,16965,47652
19744,16966,47654
19745,16967,47653
19746,16968,47655
19747,16969,47656
19748,16970,47657
19749,16971,47660
19750,16971,47661
19751,16972,47662
19752,16973,47666
19753,16974,47663
19754,16975,47667
19755,16976,47668
19756,16976,47667
19757,16977,47669
19758,16978,47670
19759,16979,47682
19760,16980,47681
19761,16980,47682
19762,16981,47685
19763,16982,47684
19764,16982,47683
19765,16983,47690
19766,16984,47694
19767,16985,47693
19768,16985,47695
19769,16986,47696
19770,16987,47698
19771,16988,47700
19772,16989,47699
19773,16990,47704
19774,16991,47709
19775,16992,47710
19776,16993,47714
19777,16994,47715
19778,16994,47716
19779,16995,47716
19780,16996,47726
19781,16997,47736
19782,16998,47735
19783,16998,47733
19784,16999,47738
19785,16999,47737
19786,17000,47737
19787,17001,47742
19788,17002,47741
19789,17003,47744
19790,17004,47743
19791,17005,47751
19792,17006,47754
19793,17007,47752
19794,17008,47757
19795,17008,47755
19796,17009,47759
19797,17010,47764
19798,17011,47765
19799,17012,47767
19800,17013,47768
19801,17014,47771
19802,17015,47776
19803,17016,47777
19804,17017,47779
19805,17018,47778
19806,17018,47779
19807,17019,47785
19808,17019,47784
19809,17020,47792
19810,17020,47791
19811,17021,47798
19812,17021,47799
19813,17022,47799
19814,17023,47801
19815,17024,47803
19816,17025,47806
19817,17026,47807
19818,17027,47808
19819,17028,47810
19820,17029,47812
19821,17030,47820
19822,17031,47819
19823,17032,47821
19824,17033,47822
19825,17034,47825
19826,17034,47824
19827,17035,47830
19828,17036,47834
19829,17037,47841
19830,17037,47840
19831,17038,47844
19832,17039,47843
19833,17039,47844
19834,17040,47848
19835,17041,47852
19836,17042,47853
19837,17042,47854
19838,17043,47854
19839,17044,47868
19840,17045,47867
19841,17046,47870
19842,17047,47872
19843,17048,47878
19844,17049,47879
19845,17050,47882
19846,17051,47883
19847,17052,47885
19848,17053,47886
19849,17054,47888
19850,17055,47891
19851,17056,47893
19852,17057,47895
19853,17058,47897
19854,17059,47898
19855,17060,47899
19856,17061,47905
19857,17061,47904
19858,17062,47906
19859,17063,47908
19860,17063,47907
19861,17064,47913
19862,17065,47932
19863,17066,47934
19864,17067,47941
19865,17067,47938
19866,17068,47943
19867,17069,47946
19868,17070,47947
19869,17070,47948
19870,17071,47949
19871,17072,47954
19872,17072,47956
19873,17073,47953
19874,17074,47957
19875,17075,47959
19876,17076,47963
19877,17077,47965
19878,17078,47964
19879,17079,47966
19880,17080,47968
19881,17081,47972
19882,17082,47974
19883,17083,47973
19884,17084,47975
19885,17085,47982
19886,17086,47991
19887,17087,47990
19888,17088,47994
19889,17089,47996
19890,17090,47999
19891,17091,48002
19892,17092,48001
19893,17093,48005
19894,17093,48004
19895,17094,48007
19896,17095,48009
19897,17096,48010
19898,17097,48011
19899,17098,48013
19900,17098,48012
19901,17099,48012
19902,17100,48017
19903,17101,48020
19904,17102,48021
19905,17103,48023
19906,17104,48025
19907,17105,48026
19908,17106,48028
19909,17107,48036
19910,17108,48040
19911,17109,48041
19912,17110,48042
19913,17111,48047
19914,17112,48057
19915,17112,48056
19916,17113,48056
19917,17114,48061
19918,17115,48065
19919,17116,48067
19920,17117,48066
19921,17118,48071
19922,17119,48073
19923,17120,48076
19924,17121,48074
19925,17122,48086
19926,17123,48088
19927,17124,48098
19928,17124,48099
19929,17125,48100
19930,17126,48102
19931,17126,48101
19932,17127,48112
19933,17128,48113
19934,17129,48115
19935,17130,48121
19936,17131,48122
19937,17132,48127
19938,17133,48126
19939,17133,48127
19940,17134,48128
19941,17135,48130
19942,17135,48131
19943,17136,48131
19944,17136,48130
19945,17137,48132
19946,17138,48135
19947,17139,48136
19948,17140,48138
19949,17140,48137
19950,17141,48140
19951,17141,48139
19952,17142,48144
19953,17143,48148
19954,17144,48145
19955,17145,48156
19956,17146,48155
19957,17147,48157
19958,17148,48160
19959,17149,48162
19960,17150,48166
19961,17150,48167
19962,17151,48165
19963,17151,48167
19964,17152,48168
19965,17153,48170
19966,17154,48171
19967,17155,48176
19968,17156,48177
19969,17157,48182
19970,17157,48184
19971,17158,48187
19972,17159,48188
19973,17160,48199
19974,17161,48202
19975,17162,48201
19976,17162,48202
19977,17163,48209
19978,17163,48212
19979,17164,48212
19980,17165,48213
19981,17166,48222
19982,17167,48223
19983,17168,48226
19984,17169,48229
19985,17170,48233
19986,17171,48232
19987,17172,48236
19988,17173,48235
19989,17174,48239
19990,17175,48238
19991,17176,48241
19992,17177,48247
19993,17178,48251
19994,17179,48260
19995,17180,48264
19996,17181,48263
19997,17182,48265
19998,17183,48268
19999,17183,48267
20000,17184,48267
20001,17184,48266
20002,17185,48270
20003,17186,48271
20004,17187,48280
20005,17188,48294
20006,17189,48304
20007,17190,48303
20008,17190,48304
20009,17191,48305
20010,17192,48308
20011,17193,48310
20012,17194,48312
20013,17195,48313
20014,17196,48326
20015,17197,48327
20016,17197,48326
20017,17198,48329
20018,17199,48328
20019,17200,48330
20020,17201,48332
20021,17202,48335
20022,17203,48336
20023,17204,48342
20024,17205,48343
20025,17206,48344
20026,17207,48351
20027,17208,48352
20028,17209,48360
20029,17210,48363
20030,17211,48364
20031,17212,48369
20032,17213,48370
20033,17214,48371
20034,17214,48373
20035,17215,48372
20036,17216,48374
20037,17217,48379
20038,17218,48380
20039,17219,48383
20040,17220,48385
20041,17221,48389
20042,17222,48395
20043,17223,48398
20044,17224,48400
20045,17225,48403
20046,17225,48401
20047,17226,48406
20048,17226,48404
20049,17227,48407
20050,17228,48410
20051,17228,48408
20052,17229,48412
20053,17230,48424
20054,17231,48425
20055,17232,48426
20056,17233,48430
20057,17234,48428
20058,17235,48431
20059,17236,48432
20060,17237,48433
20061,17238,48435
20062,17239,48437
20063,17240,48438
20064,17241,48439
20065,17242,48440
20066,17243,48441
20067,17244,48442
20068,17245,48443
20069,17246,48446
20070,17247,48449
20071,17248,48448
20072,17249,48450
20073,17250,48453
20074,17251,48455
20075,17252,48457
20076,17253,48458
20077,17254,48459
20078,17255,48461
20079,17256,48462
20080,17257,48473
20081,17258,48471
20082,17259,48475
20083,17260,48481
20084,17261,48484
20085,17262,48489
20086,17263,48487
20087,17264,48490
20088,17265,48491
20089,17266,48495
20090,17267,48496
20091,17268,48497
20092,17269,48501
20093,17269,48503
20094,17270,48500
20095,17271,48507
20096,17271,48505
20097,17272,48506
20098,17273,48520
20099,17274,48523
20100,17274,48522
20101,17275,48525
20102,17276,48526
20103,17277,48532
20104,17278,48534
20105,17279,48535
20106,17279,48534
20107,17280,48537
20108,17280,48539
20109,17281,48543
20110,17281,48541
20111,17282,48544
20112,17282,48546
20113,17283,48551
20114,17284,48552
20115,17285,48553
20116,17286,48556
20117,17287,48567
20118,17288,48565
20119,17289,48568
20120,17290,48572
20121,17291,48577
20122,17292,48579
20123,17293,48580
20124,17293,48579
20125,17294,48582
20126,17295,48585
20127,17296,48589
20128,17297,48590
20129,17298,48595
20130,17299,48597
20131,17300,48596
20132,17301,48600
20133,17302,48601
20134,17303,48602
20135,17304,48606
20136,17305,48609
20137,17306,48610
20138,17307,48613
20139,17307,48612
20140,17308,48612
20141,17309,48622
20142,17309,48624
20143,17310,48626
20144,17311,48628
20145,17311,48626
20146,17312,48632
20147,17313,48633
20148,17314,48644
20149,17315,48643
20150,17315,48644
20151,17316,48645
20152,17317,48646
20153,17318,48648
20154,17319,48651
20155,17320,48652
20156,17321,48654
20157,17321,48655
20158,17322,48653
20159,17323,48656
20160,17323,48657
20161,17324,48657
20162,17325,48658
20163,17326,48660
20164,17327,48665
20165,17328,48662
20166,17328,48663
20167,17329,48666
20168,17330,48670
20169,17331,48673
20170,17332,48675
20171,17332,48673
20172,17333,48676
20173,17334,48681
20174,17335,48682
20175,17336,48684
20176,17337,48689
20177,17338,48692
20178,17339,48690
20179,17340,48701
20180,17341,48706
20181,17342,48707
20182,17343,48708
20183,17344,48715
20184,17345,48724
20185,17346,48725
20186,17347,48728
20187,17348,48726
20188,17348,48727
20189,17349,48731
20190,17350,48732
20191,17351,48738
20192,17352,48737
20193,17353,48741
20194,17354,48742
20195,17355,48745
20196,17356,48744
20197,17356,48743
20198,17357,48748
20199,17358,48752
20200,17358,48751
20201,17359,48751
20202,17360,48754
20203,17361,48755
20204,17362,48759
20205,17362,48758
20206,17363,48761
20207,17364,48763
20208,17365,48766
20209,17366,48767
20210,17366,48768
20211,17367,48768
20212,17368,48770
20213,17369,48777
20214,17370,48781
20215,17370,48780
20216,17371,48782
20217,17372,48787
20218,17373,48791
20219,17373,48789
20220,17374,48788
20221,17375,48800
20222,17376,48801
20223,17376,48802
20224,17377,48802
20225,17378,48810
20226,17379,48811
20227,17380,48817
20228,17381,48819
20229,17382,48824
20230,17383,48825
20231,17384,48829
20232,17385,48828
20233,17386,48835
20234,17387,48836
20235,17388,48839
20236,17389,48844
20237,17390,48848
20238,17391,48847
20239,17392,48850
20240,17393,48849
20241,17394,48853
20242,17395,48855
20243,17396,48857
20244,17397,48862
20245,17398,48865
20246,17399,48876
20247,17400,48875
20248,17401,48881
20249,17402,48880
20250,17402,48881
20251,17403,48882
20252,17404,48883
20253,17405,48886
20254,17406,48888
20255,17407,48887
20256,17408,48890
20257,17409,48889
20258,17409,48890
20259,17410,48891
20260,17411,48892
20261,17412,48893
20262,17413,48897
20263,17413,48898
20264,17414,48907
20265,17415,48908
20266,17416,48918
20267,17417,48917
20268,17418,48923
20269,17419,48926
20270,17420,48927
20271,17421,48929
20272,17421,48928
20273,17422,48932
20274,17423,48934
20275,17424,48935
20276,17425,48936
20277,17426,48940
20278,17427,48937
20279,17428,48944
20280,17429,48948
20281,17430,48945
20282,17431,48952
20283,17432,48960
20284,17433,48962
20285,17433,48961
20286,17434,48961
20287,17435,48963
20288,17436,48964
20289,17437,48966
20290,17438,48977
20291,17439,48978
20292,17440,48980
20293,17441,48979
20294,17442,48983
20295,17443,48989
20296,17444,48990
20297,17445,48991
20298,17446,48993
20299,17447,48999
20300,17448,48997
20301,17449,49001
20302,17450,49005
20303,17450,49006
20304,17451,49004
20305,17452,49007
20306,17453,49008
20307,17454,49010
20308,17455,49011
20309,17455,49010
20310,17456,49021
20311,17457,49023
20312,17458,49025
20313,17459,49033
20314,17460,49035
20315,17461,49039
20316,17462,49041
20317,17463,49044
20318,17464,49045
20319,17465,49048
20320,17466,49050
20321,17467,49055
20322,17468,49061
20323,17469,49062
20324,17470,49065
20325,17470,49064
20326,17471,49063
20327,17472,49069
20328,17473,49077
20329,17474,49082
20330,17474,49081
20331,17475,49081
20332,17476,49101
20333,17477,49104
20334,17478,49105
20335,17479,49112
20336,17480,49113
20337,17481,49115
20338,17482,49117
20339,17483,49121
20340,17484,49125
20341,17485,49129
20342,17486,49131
20343,17486,49130
20344,17487,49138
20345,17488,49139
20346,17489,49140
20347,17490,49145
20348,17491,49147
20349,17492,49146
20350,17493,49152
20351,17494,49154
20352,17495,49153
20353,17495,49154
20354,17496,49163
20355,17497,49166
20356,17498,49168
20357,17499,49170
20358,17500,49173
20359,17501,49182
20360,17502,49183
20361,17503,49184
20362,17504,49192
20363,17505,49193
20364,17506,49197
20365,17507,49200
20366,17507,49199
20367,17508,49208
20368,17508,49209
20369,17509,49212
20370,17510,49210
20371,17511,49216
20372,17512,49225
20373,17513,49224
20374,17513,49226
20375,17514,49231
20376,17515,49232
20377,17516,49236
20378,17516,49233
20379,17517,49237
20380,17518,49241
20381,17519,49242
20382,17520,49243
20383,17521,49244
20384,17522,49251
20385,17523,49250
20386,17523,49251
20387,17524,49252
20388,17525,49255
20389,17526,49256
20390,17527,49257
20391,17528,49258
20392,17529,49266
20393,17529,49267
20394,17530,49268
20395,17531,49269
20396,17532,49272
20397,17533,49276
20398,17534,49278
20399,17535,49280
20400,17536,49294
20401,17537,49304
20402,17538,49306
20403,17539,49315
20404,17540,49323
20405,17541,49322
20406,17542,49330
20407,17543,49331
20408,17544,49335
20409,17544,49334
20410,17545,49336
20411,17546,49337
20412,17547,49338
20413,17548,49339
20414,17549,49347
20415,17549,49348
20416,17550,49349
20417,17551,49351
20418,17552,49354
20419,17553,49361
20420,17554,49362
20421,17555,49368
20422,17556,49366
20423,17557,49371
20424,17558,49374
20425,17558,49376
20426,17559,49379
20427,17560,49380
20428,17560,49379
20429,17561,49382
20430,17562,49381
20431,17563,49386
20432,17564,49388
20433,17565,49390
20434,17566,49394
20435,17567,49393
20436,17568,49396
20437,17569,49399
20438,17570,49398
20439,17570,49399
20440,17571,49405
20441,17572,49407
20442,17573,49408
20443,17574,49410
20444,17575,49409
20445,17576,49415
20446,17576,49416
20447,17577,49416
20448,17577,49415
20449,17578,49417
20450,17579,49422
20451,17580,49423
20452,17581,49427
20453,17582,49428
20454,17583,49436
20455,17583,49435
20456,17584,49433
20457,17585,49440
20458,17586,49442
20459,17587,49446
20460,17588,49452
20461,17589,49456
20462,17590,49457
20463,17591,49460
20464,17592,49467
20465,17593,49466
20466,17594,49468
20467,17595,49470
20468,17596,49471
20469,17597,49476
20470,17597,49478
20471,17598,49478
20472,17599,49479
20473,17600,49484
20474,17601,49485
20475,17601,49484
20476,17602,49487
20477,17603,49489
20478,17604,49491
20479,17605,49490
20480,17606,49492
20481,17607,49494
20482,17608,49493
20483,17608,49494
20484,17609,49498
20485,17610,49500
20486,17611,49502
20487,17612,49503
20488,17613,49505
20489,17614,49507
20490,17615,49514
20491,17615,49512
20492,17616,49511
20493,17616,49514
20494,17617,49515
20495,17618,49516
20496,17619,49519
20497,17620,49520
20498,17621,49522
20499,17622,49523
20500,17623,49525
20501,17623,49526
20502,17624,49531
20503,17625,49532
20504,17625,49533
20505,17626,49534
20506,17627,49538
20507,17628,49546
20508,17629,49545
20509,17630,49547
20510,17631,49549
20511,17632,49554
20512,17633,49556
20513,17634,49555
20514,17635,49559
20515,17635,49560
20516,17636,49561
20517,17637,49570
20518,17638,49574
20519,17639,49577
20520,17640,49578
20521,17641,49579
20522,17642,49583
20523,17643,49584
20524,17644,49588
20525,17645,49585
20526,17646,49592
20527,17646,49590
20528,17647,49591
20529,17648,49601
20530,17649,49602
20531,17650,49605
20532,17651,49607
20533,17652,49610
20534,17653,49614
20535,17654,49612
20536,17655,49615
20537,17656,49616
20538,17657,49619
20539,17658,49620
20540,17659,49622
20541,17660,49624
20542,17661,49623
20543,17662,49625
20544,17663,49626
20545,17664,49627
20546,17665,49630
20547,17666,49634
20548,17667,49639
20549,17668,49643
20550,17669,49645
20551,17670,49646
20552,17671,49647
20553,17672,49648
20554,17673,49649
20555,17674,49650
20556,17675,49652
20557,17676,49662
20558,17676,49665
20559,17677,49669
20560,17678,49668
20561,17679,49675
20562,17680,49677
20563,17680,49676
20564,17681,49676
20565,17682,49679
20566,17682,49678
20567,17683,49685
20568,17684,49691
20569,17685,49699
20570,17686,49698
20571,17687,49705
20572,17688,49706
20573,17689,49712
20574,17690,49716
20575,17691,49718
20576,17691,49715
20577,17692,49719
20578,17693,49721
20579,17694,49724
20580,17695,49723
20581,17696,49726
20582,17697,49734
20583,17698,49733
20584,17699,49739
20585,17700,49740
20586,17701,49742
20587,17702,49744
20588,17703,49743
20589,17704,49749
20590,17705,49752
20591,17706,49753
20592,17706,49754
20593,17707,49757
20594,17708,49756
20595,17708,49757
20596,17709,49762
20597,17710,49761
20598,17710,49760
20599,17711,49763
20600,17712,49766
20601,17713,49767
20602,17714,49770
20603,17715,49771
20604,17716,49772
20605,17716,49773
20606,17717,49773
20607,17718,49784
20608,17719,49785
20609,17719,49784
20610,17720,49786
20611,17721,49787
20612,17722,49790
20613,17723,49797
20614,17724,49798
20615,17724,49797
20616,17725,49800
20617,17726,49799
20618,17727,49801
20619,17727,49803
20620,17728,49804
20621,17729,49805
20622,17729,49807
20623,17730,49808
20624,17731,49813
20625,17732,49816
20626,17733,49822
20627,17734,49821
20628,17734,49823
20629,17735,49830
20630,17736,49829
20631,17736,49831
20632,17737,49832
20633,17738,49833
20634,17739,49841
20635,17739,49840
20636,17740,49840
20637,17741,49847
20638,17742,49857
20639,17743,49860
20640,17743,49861
20641,17744,49864
20642,17745,49862
20643,17746,49866
20644,17747,49867
20645,17748,49870
20646,17749,49868
20647,17750,49872
20648,17751,49877
20649,17752,49879
20650,17752,49876
20651,17753,49880
20652,17754,49883
20653,17755,49885
20654,17756,49886
20655,17757,49896
20656,17758,49897
20657,17759,49898
20658,17759,49899
20659,17760,49899
20660,17761,49903
20661,17762,49904
20662,17763,49908
20663,17764,49910
20664,17764,49911
20665,17765,49918
20666,17766,49921
20667,17767,49924
20668,17768,49923
20669,17769,49927
20670,17770,49926
20671,17771,49940
20672,17772,49941
20673,17772,49943
20674,17773,49942
20675,17774,49948
20676,17774,49947
20677,17775,49949
20678,17775,49950
20679,17776,49951
20680,17777,49952
20681,17778,49955
20682,17779,49960
20683,17780,49962
20684,17781,49963
20685,17782,49965
20686,17783,49967
20687,17784,49969
20688,17785,49968
20689,17786,49974
20690,17787,49973
20691,17788,49977
20692,17789,49982
20693,17790,49981
20694,17790,49982
20695,17791,49987
20696,17792,49991
20697,17792,49990
20698,17793,49995
20699,17794,49994
20700,17795,50000
20701,17796,50001
20702,17797,50002
20703,17798,50003
20704,17799,50008
20705,17799,50009
20706,17800,50010
20707,17801,50012
20708,17802,50017
20709,17803,50022
20710,17803,50023
20711,17804,50024
20712,17805,50025
20713,17806,50027
20714,17807,50026
20715,17808,50028
20716,17809,50029
20717,17810,50032
20718,17811,50035
20719,17812,50037
20720,17812,50036
20721,17813,50040
20722,17814,50039
20723,17814,50040
20724,17815,50041
20725,17815,50043
20726,17816,50042
20727,17817,50046
20728,17818,50045
20729,17819,50049
20730,17819,50050
20731,17820,50051
20732,17821,50054
20733,17822,50060
20734,17823,50064
20735,17824,50065
20736,17824,50066
20737,17825,50066
20738,17826,50067
20739,17827,50071
20740,17828,50069
20741,17829,50078
20742,17830,50090
20743,17831,50091
20744,17831,50090
20745,17832,50093
20746,17833,50092
20747,17833,50093
20748,17834,50095
20749,17835,50096
20750,17836,50098
20751,17836,50097
20752,17837,50099
20753,17838,50106
20754,17839,50105
20755,17840,50108
20756,17841,50107
20757,17842,50122
20758,17843,50127
20759,17844,50131
20760,17844,50132
20761,17845,50132
20762,17846,50134
20763,17847,50136
20764,17848,50140
20765,17849,50145
20766,17850,50146
20767,17851,50155
20768,17852,50154
20769,17853,50157
20770,17854,50156
20771,17855,50160
20772,17855,50158
20773,17856,50165
20774,17857,50164
20775,17857,50165
20776,17858,50167
20777,17859,50169
20778,17860,50171
20779,17861,50172
20780,17862,50175
20781,17863,50176
20782,17864,50177
20783,17865,50178
20784,17866,50182
20785,17866,50181
20786,17867,50185
20787,17867,50183
20788,17868,50186
20789,17869,50187
20790,17870,50189
20791,17871,50194
20792,17872,50197
20793,17873,50202
20794,17874,50203
20795,17875,50207
20796,17876,50209
20797,17877,50214
20798,17878,50217
20799,17878,50219
20800,17879,50218
20801,17880,50222
20802,17881,50230
20803,17882,50232
20804,17883,50233
20805,17884,50235
20806,17884,50233
20807,17885,50236
20808,17886,50237
20809,17887,50239
20810,17888,50240
20811,17889,50241
20812,17890,50242
20813,17891,50244
20814,17892,50246
20815,17893,50248
20816,17894,50249
20817,17895,50253
20818,17895,50254
20819,17896,50255
20820,17897,50256
20821,17898,50260
20822,17899,50268
20823,17900,50269
20824,17901,50270
20825,17902,50271
20826,17903,50273
20827,17904,50272
20828,17905,50275
20829,17906,50278
20830,17907,50279
20831,17908,50286
20832,17909,50291
20833,17910,50292
20834,17911,50300
20835,17912,50303
20836,17913,50304
20837,17914,50307
20838,17915,50312
20839,17916,50314
20840,17917,50315
20841,17918,50317
20842,17919,50320
20843,17920,50319
20844,17921,50323
20845,17922,50326
20846,17923,50327
20847,17924,50332
20848,17925,50334
20849,17925,50332
20850,17926,50335
20851,17927,50338
20852,17928,50343
20853,17928,50342
20854,17929,50344
20855,17930,50352
20856,17931,50353
20857,17932,50354
20858,17933,50357
20859,17934,50358
20860,17935,50359
20861,17936,50360
20862,17937,50361
20863,17938,50362
20864,17939,50364
20865,17940,50367
20866,17941,50369
20867,17942,50370
20868,17942,50371
20869,17943,50373
20870,17944,50374
20871,17945,50379
20872,17946,50387
20873,17947,50388
20874,17948,50389
20875,17949,50390
20876,17950,50393
20877,17951,50394
20878,17951,50395
20879,17952,50397
20880,17953,50398
20881,17953,50397
20882,17954,50400
20883,17955,50402
20884,17955,50400
20885,17956,50403
20886,17957,50406
20887,17957,50404
20888,17958,50410
20889,17959,50407
20890,17960,50411
20891,17961,50412
20892,17962,50422
20893,17963,50426
20894,17964,50428
20895,17965,50429
20896,17966,50431
20897,17967,50434
20898,17967,50432
20899,17968,50435
20900,17969,50438
20901,17970,50439
20902,17971,50442
20903,17972,50441
20904,17973,50443
20905,17974,50444
20906,17974,50445
20907,17975,50445
20908,17976,50448
20909,17977,50450
20910,17978,50449
20911,17979,50453
20912,17980,50458
20913,17981,50460
20914,17982,50461
20915,17983,50467
20916,17984,50471
20917,17984,50470
20918,17985,50472
20919,17986,50489
20920,17986,50490
20921,17987,50490
20922,17988,50496
20923,17988,50494
20924,17989,50500
20925,17990,50502
20926,17991,50503
20927,17992,50511
20928,17993,50519
20929,17994,50520
20930,17995,50522
20931,17996,50525
20932,17997,50528
20933,17998,50529
20934,17999,50532
20935,18000,50534
20936,18000,50532
20937,18001,50537
20938,18002,50538
20939,18003,50543
20940,18004,50544
20941,18005,50547
20942,18006,50558
20943,18007,50562
20944,18008,50561
20945,18008,50562
20946,18009,50564
20947,18010,50563
20948,18011,50567
20949,18012,50569
20950,18012,50568
20951,18013,50568
20952,18013,50569
20953,18014,50572
20954,18015,50573
20955,18016,50574
20956,18017,50575
20957,18018,50576
20958,18019,50579
20959,18020,50586
20960,18021,50587
20961,18021,50590
20962,18022,50597
20963,18023,50599
20964,18024,50600
20965,18025,50605
20966,18026,50606
20967,18027,50608
20968,18027,50607
20969,18028,50607
20970,18029,50613
20971,18030,50616
20972,18031,50614
20973,18032,50617
20974,18032,50619
20975,18033,50619
20976,18034,50622
20977,18035,50627
20978,18036,50631
20979,18037,50635
20980,18038,50636
20981,18038,50634
20982,18039,50642
20983,18040,50644
20984,18041,50648
20985,18042,50650
20986,18043,50651
20987,18044,50653
20988,18045,50656
20989,18046,50657
20990,18046,50659
20991,18047,50660
20992,18048,50665
20993,18049,50666
20994,18050,50668
20995,18051,50669
20996,18052,50673
20997,18053,50672
20998,18054,50674
20999,18055,50682
21000,18056,50688
21001,18057,50687
21002,18058,50690
21003,18059,50691
21004,18060,50698
21005,18061,50702
21006,18061,50701
21007,18062,50703
21008,18063,50704
21009,18064,50705
21010,18065,50714
21011,18065,50716
21012,18066,50722
21013,18067,50721
21014,18068,50726
21015,18069,50730
21016,18070,50731
21017,18071,50732
21018,18072,50734
21019,18073,50735
21020,18074,50737
21021,18075,50744
21022,18076,50746
21023,18077,50752
21024,18078,50756
21025,18079,50760
21026,18080,50762
21027,18081,50768
21028,18082,50771
21029,18083,50770
21030,18083,50771
21031,18084,50772
21032,18085,50775
21033,18086,50779
21034,18087,50782
21035,18088,50783
21036,18089,50784
21037,18089,50785
21038,18090,50791
21039,18091,50792
21040,18092,50798
21041,18093,50797
21042,18094,50799
21043,18095,50800
21044,18096,50803
21045,18097,50804
21046,18097,50805
21047,18098,50805
21048,18099,50806
21049,18100,50807
21050,18101,50808
21051,18101,50807
21052,18102,50810
21053,18103,50813
21054,18104,50811
21055,18105,50815
21056,18105,50814
21057,18106,50818
21058,18107,50822
21059,18108,50830
21060,18109,50831
21061,18110,50834
21062,18111,50836
21063,18111,50837
21064,18112,50840
21065,18112,50839
21066,18113,50846
21067,18113,50848
21068,18114,50858
21069,18115,50860
21070,18116,50861
21071,18116,50862
21072,18117,50864
21073,18118,50863
21074,18118,50864
21075,18119,50866
21076,18119,50867
21077,18120,50869
21078,18121,50874
21079,18122,50873
21080,18123,50876
21081,18123,50875
21082,18124,50879
21083,18125,50880
21084,18126,50882
21085,18127,50881
21086,18128,50885
21087,18129,50886
21088,18130,50890
21089,18130,50891
21090,18131,50893
21091,18132,50895
21092,18133,50894
21093,18134,50899
21094,18135,50903
21095,18135,50902
21096,18136,50904
21097,18137,50905
21098,18138,50908
21099,18139,50907
21100,18140,50918
21101,18141,50917
21102,18141,50918
21103,18142,50920
21104,18143,50921
21105,18144,50925
21106,18145,50926
21107,18146,50928
21108,18147,50930
21109,18148,50931
21110,18149,50939
21111,18150,50937
21112,18151,50940
21113,18152,50944
21114,18153,50951
21115,18154,50952
21116,18155,50953
21117,18156,50956
21118,18157,50957
21119,18158,50962
21120,18159,50964
21121,18159,50963
21122,18160,50966
21123,18160,50964
21124,18161,50968
21125,18162,50972
21126,18163,50977
21127,18164,50975
21128,18165,50984
21129,18166,50986
21130,18166,50987
21131,18167,50988
21132,18168,50990
21133,18169,50992
21134,18169,50991
21135,18170,50991
21136,18171,50995
21137,18172,50997
21138,18173,51001
21139,18173,51000
21140,18174,51004
21141,18175,51008
21142,18175,51006
21143,18176,51006
21144,18177,51011
21145,18177,51010
21146,18178,51022
21147,18178,51025
21148,18179,51023
21149,18179,51024
21150,18180,51031
21151,18181,51034
21152,18182,51033
21153,18183,51038
21154,18184,51042
21155,18185,51045
21156,18186,51047
21157,18187,51046
21158,18188,51053
21159,18189,51050
21160,18190,51054
21161,18191,51056
21162,18192,51057
21163,18193,51064
21164,18194,51061
21165,18195,51065
21166,18196,51071
21167,18197,51069
21168,18198,51081
21169,18199,51083
21170,18200,51084
21171,18201,51086
21172,18202,51092
21173,18203,51096
21174,18204,51098
21175,18204,51097
21176,18205,51101
21177,18206,51106
21178,18207,51114
21179,18208,51113
21180,18208,51114
21181,18209,51119
21182,18209,51120
21183,18210,51129
21184,18211,51130
21185,18212,51131
21186,18213,51135
21187,18213,51134
21188,18214,51134
21189,18215,51136
21190,18216,51138
21191,18217,51137
21192,18217,51139
21193,18218,51145
21194,18219,51147
21195,18220,51146
21196,18221,51148
21197,18222,51153
21198,18222,51154
21199,18223,51154
21200,18224,51156
21201,18225,51159
21202,18226,51168
21203,18227,51176
21204,18228,51182
21205,18229,51181
21206,18230,51187
21207,18231,51189
21208,18232,51194
21209,18233,51192
21210,18234,51196
21211,18234,51195
21212,18235,51199
21213,18236,51201
21214,18237,51205
21215,18238,51208
21216,18238,51206
21217,18239,51207
21218,18239,51208
21219,18240,51209
21220,18241,51210
21221,18241,51209
21222,18242,51213
21223,18243,51211
21224,18244,51218
21225,18245,51223
21226,18246,51224
21227,18247,51229
21228,18248,51241
21229,18249,51244
21230,18250,51243
21231,18250,51244
21232,18251,51247
21233,18252,51249
21234,18253,51248
21235,18254,51251
21236,18255,51250
21237,18256,51256
21238,18257,51255
21239,18258,51258
21240,18259,51257
21241,18260,51261
21242,18261,51263
21243,18262,51266
21244,18263,51273
21245,18264,51274
21246,18264,51275
21247,18265,51276
21248,18266,51285
21249,18267,51283
21250,18268,51288
21251,18269,51308
21252,18270,51309
21253,18271,51311
21254,18271,51313
21255,18272,51314
21256,18273,51318
21257,18274,51321
21258,18275,51326
21259,18276,51329
21260,18277,51328
21261,18278,51331
21262,18279,51340
21263,18280,51344
21264,18280,51345
21265,18281,51345
21266,18282,51348
21267,18283,51350
21268,18284,51352
21269,18285,51351
21270,18286,51354
21271,18287,51358
21272,18288,51359
21273,18289,51360
21274,18290,51363
21275,18291,51365
21276,18292,51369
21277,18293,51380
21278,18294,51378
21279,18294,51381
21280,18295,51384
21281,18296,51388
21282,18296,51387
21283,18297,51389
21284,18297,51391
21285,18298,51390
21286,18298,51389
21287,18299,51392
21288,18300,51393
21289,18301,51395
21290,18302,51394
21291,18303,51400
21292,18303,51401
21293,18304,51402
21294,18305,51403
21295,18306,51404
21296,18307,51406
21297,18308,51408
21298,18308,51407
21299,18309,51412
21300,18310,51410
21301,18311,51413
21302,18312,51415
21303,18313,51418
21304,18314,51425
21305,18314,51427
21306,18315,51428
21307,18316,51429
21308,18317,51435
21309,18318,51440
21310,18319,51446
21311,18320,51444
21312,18321,51448
21313,18322,51452
21314,18323,51453
21315,18324,51454
21316,18325,51457
21317,18325,51456
21318,18326,51459
21319,18327,51461
21320,18328,51462
21321,18329,51463
21322,18330,51465
21323,18331,51466
21324,18332,51471
21325,18333,51472
21326,18334,51473
21327,18335,51474
21328,18336,51477
21329,18336,51478
21330,18337,51478
21331,18338,51483
21332,18339,51488
21333,18340,51494
21334,18340,51492
21335,18341,51496
21336,18341,51497
21337,18342,51497
21338,18342,51495
21339,18343,51502
21340,18344,51501
21341,18345,51503
21342,18345,51505
21343,18346,51505
21344,18347,51508
21345,18348,51510
21346,18349,51509
21347,18350,51517
21348,18351,51519
21349,18352,51520
21350,18353,51521
21351,18354,51522
21352,18355,51524
21353,18356,51526
21354,18357,51531
21355,18358,51535
21356,18359,51538
21357,18360,51541
21358,18361,51542
21359,18361,51543
21360,18362,51546
21361,18363,51547
21362,18364,51550
21363,18365,51551
21364,18366,51552
21365,18367,51553
21366,18367,51555
21367,18368,51556
21368,18369,51561
21369,18370,51565
21370,18371,51568
21371,18372,51570
21372,18373,51577
21373,18374,51579
21374,18375,51578
21375,18376,51583
21376,18377,51584
21377,18378,51585
21378,18379,51586
21379,18379,51587
21380,18380,51592
21381,18381,51598
21382,18382,51597
21383,18382,51598
21384,18383,51608
21385,18384,51609
21386,18385,51610
21387,18386,51611
21388,18386,51610
21389,18387,51612
21390,18388,51613
21391,18389,51615
21392,18390,51623
21393,18391,51624
21394,18392,51625
21395,18393,51626
21396,18394,51628
21397,18395,51627
21398,18396,51630
21399,18397,51634
21400,18397,51635
21401,18398,51635
21402,18399,51636
21403,18400,51638
21404,18401,51641
21405,18402,51645
21406,18403,51648
21407,18404,51649
21408,18404,51650
21409,18405,51654
21410,18406,51656
21411,18407,51660
21412,18408,51662
21413,18409,51665
21414,18410,51669
21415,18411,51673
21416,18412,51677
21417,18413,51684
21418,18414,51683
21419,18414,51684
21420,18415,51689
21421,18416,51687
21422,18417,51690
21423,18418,51693
21424,18419,51697
21425,18420,51695
21426,18421,51700
21427,18422,51702
21428,18423,51703
21429,18424,51708
21430,18425,51709
21431,18426,51722
21432,18427,51720
21433,18427,51722
21434,18428,51731
21435,18428,51730
21436,18429,51730
21437,18430,51732
21438,18431,51734
21439,18431,51735
21440,18432,51735
21441,18432,51734
21442,18433,51736
21443,18434,51739
21444,18435,51737
21445,18436,51740
21446,18437,51741
21447,18438,51742
21448,18439,51744
21449,18440,51743
21450,18441,51745
21451,18442,51747
21452,18443,51748
21453,18443,51747
21454,18444,51749
21455,18445,51750
21456,18445,51751
21457,18446,51751
21458,18446,51750
21459,18447,51752
21460,18448,51758
21461,18449,51764
21462,18450,51771
21463,18450,51770
21464,18451,51774
21465,18451,51773
21466,18452,51773
21467,18453,51775
21468,18454,51778
21469,18455,51781
21470,18455,51780
21471,18456,51783
21472,18457,51791
21473,18458,51788
21474,18459,51792
21475,18460,51798
21476,18461,51801
21477,18461,51802
21478,18462,51802
21479,18462,51800
21480,18463,51803
21481,18464,51807
21482,18464,51804
21483,18465,51808
21484,18466,51810
21485,18467,51809
21486,18467,51810
21487,18468,51812
21488,18468,51811
21489,18469,51815
21490,18470,51817
21491,18471,51818
21492,18472,51819
21493,18473,51824
21494,18474,51828
21495,18475,51832
21496,18476,51851
21497,18477,51857
21498,18478,51863
21499,18479,51864
21500,18480,51872
21501,18481,51875
21502,18482,51879
21503,18483,51880
21504,18484,51886
21505,18484,51887
21506,18485,51888
21507,18486,51891
21508,18487,51890
21509,18488,51894
21510,18488,51895
21511,18489,51900
21512,18489,51901
21513,18490,51901
21514,18490,51902
21515,18491,51903
21516,18492,51904
21517,18493,51906
21518,18494,51905
21519,18495,51909
21520,18496,51915
21521,18497,51918
21522,18497,51920
21523,18498,51926
21524,18499,51925
21525,18500,51927
21526,18501,51930
21527,18502,51928
21528,18503,51939
21529,18504,51938
21530,18505,51941
21531,18506,51943
21532,18507,51945
21533,18507,51944
21534,18508,51944
21535,18509,51946
21536,18510,51956
21537,18511,51963
21538,18512,51965
21539,18513,51967
21540,18514,51972
21541,18515,51970
21542,18516,51973
21543,18517,51976
21544,18518,51981
21545,18519,51978
21546,18519,51980
21547,18520,51982
21548,18521,51984
21549,18522,51983
21550,18523,51986
21551,18524,51988
21552,18524,51987
21553,18525,51987
21554,18526,51992
21555,18527,51993
21556,18528,51997
21557,18528,51995
21558,18529,51995
21559,18529,51996
21560,18530,52002
21561,18531,52005
21562,18532,52004
21563,18533,52008
21564,18533,52007
21565,18534,52010
21566,18534,52011
21567,18535,52014
21568,18536,52019
21569,18537,52018
21570,18538,52023
21571,18539,52028
21572,18539,52027
21573,18540,52031
21574,18541,52029
21575,18542,52033
21576,18543,52032
21577,18544,52035
21578,18545,52042
21579,18546,52049
21580,18547,52050
21581,18548,52051
21582,18548,52050
21583,18549,52057
21584,18549,52058
21585,18550,52060
21586,18551,52063
21587,18552,52064
21588,18552,52063
21589,18553,52065
21590,18554,52067
21591,18555,52069
21592,18556,52075
21593,18557,52079
21594,18558,52077
21595,18559,52081
21596,18560,52082
21597,18561,52089
21598,18562,52094
21599,18563,52097
21600,18564,52096
21601,18565,52102
21602,18566,52101
21603,18567,52105
21604,18568,52106
21605,18569,52112
21606,18569,52111
21607,18570,52114
21608,18570,52115
21609,18571,52125
21610,18572,52128
21611,18573,52134
21612,18574,52137
21613,18575,52141
21614,18576,52140
21615,18577,52142
21616,18578,52144
21617,18579,52145
21618,18580,52146
21619,18581,52149
21620,18582,52150
21621,18583,52155
21622,18584,52154
21623,18585,52156
21624,18586,52161
21625,18587,52160
21626,18588,52163
21627,18589,52164
21628,18590,52168
21629,18591,52170
21630,18591,52169
21631,18592,52169
21632,18593,52171
21633,18594,52174
21634,18595,52177
21635,18595,52175
21636,18596,52178
21637,18597,52184
21638,18598,52183
21639,18599,52185
21640,18600,52186
21641,18601,52187
21642,18602,52192
21643,18603,52191
21644,18604,52193
21645,18605,52198
21646,18605,52199
21647,18606,52199
21648,18607,52200
21649,18608,52202
21650,18609,52205
21651,18609,52204
21652,18610,52212
21653,18611,52211
21654,18612,52213
21655,18613,52214
21656,18614,52217
21657,18615,52218
21658,18616,52222
21659,18616,52220
21660,18617,52220
21661,18618,52224
21662,18618,52223
21663,18619,52225
21664,18619,52224
21665,18620,52226
21666,18621,52232
21667,18621,52233
21668,18622,52235
21669,18623,52236
21670,18624,52237
21671,18625,52243
21672,18626,52245
21673,18627,52244
21674,18628,52247
21675,18629,52249
21676,18630,52248
21677,18631,52251
21678,18632,52262
21679,18633,52264
21680,18634,52268
21681,18635,52274
21682,18636,52273
21683,18637,52284
21684,18638,52283
21685,18639,52285
21686,18640,52286
21687,18640,52285
21688,18641,52292
21689,18642,52300
21690,18643,52299
21691,18644,52303
21692,18645,52305
21693,18646,52309
21694,18647,52310
21695,18648,52316
21696,18648,52317
21697,18649,52323
21698,18650,52320
21699,18651,52324
21700,18652,52328
21701,18653,52331
21702,18654,52330
21703,18655,52335
21704,18656,52342
21705,18656,52341
21706,18657,52344
21707,18658,52343
21708,18658,52344
21709,18659,52347
21710,18660,52346
21711,18661,52349
21712,18662,52352
21713,18662,52351
21714,18663,52353
21715,18664,52354
21716,18665,52358
21717,18666,52367
21718,18667,52365
21719,18667,52364
21720,18668,52368
21721,18669,52372
21722,18669,52371
21723,18670,52376
21724,18671,52378
21725,18671,52380
21726,18672,52379
21727,18673,52381
21728,18673,52382
21729,18674,52385
21730,18675,52386
21731,18675,52388
21732,18676,52388
21733,18677,52391
21734,18678,52393
21735,18679,52394
21736,18679,52393
21737,18680,52399
21738,18681,52398
21739,18682,52401
21740,18683,52406
21741,18684,52405
21742,18685,52411
21743,18686,52413
21744,18687,52414
21745,18688,52415
21746,18688,52416
21747,18689,52416
21748,18690,52417
21749,18691,52418
21750,18692,52421
21751,18693,52424
21752,18694,52428
21753,18695,52435
21754,18696,52434
21755,18696,52435
21756,18697,52439
21757,18698,52436
21758,18699,52440
21759,18700,52441
21760,18701,52442
21761,18702,52443
21762,18703,52448
21763,18704,52453
21764,18705,52456
21765,18706,52462
21766,18706,52460
21767,18707,52466
21768,18708,52464
21769,18709,52470
21770,18710,52475
21771,18711,52478
21772,18712,52480
21773,18713,52479
21774,18714,52486
21775,18715,52495
21776,18716,52496
21777,18716,52495
21778,18717,52497
21779,18718,52502
21780,18718,52503
21781,18719,52501
21782,18720,52506
21783,18721,52507
21784,18722,52508
21785,18723,52510
21786,18724,52509
21787,18725,52516
21788,18726,52519
21789,18727,52518
21790,18728,52523
21791,18729,52525
21792,18730,52531
21793,18730,52530
21794,18731,52534
21795,18732,52536
21796,18733,52539
21797,18733,52540
21798,18734,52549
21799,18735,52562
21800,18736,52565
21801,18737,52567
21802,18737,52568
21803,18738,52569
21804,18739,52570
21805,18740,52574
21806,18740,52572
21807,18741,52571
21808,18741,52572
21809,18742,52575
21810,18743,52577
21811,18744,52583
21812,18745,52585
21813,18746,52586
21814,18747,52590
21815,18748,52591
21816,18749,52599
21817,18750,52596
21818,18751,52606
21819,18752,52609
21820,18753,52608
21821,18754,52613
21822,18755,52616
21823,18756,52621
21824,18757,52624
21825,18758,52625
21826,18759,52627
21827,18760,52629
21828,18761,52632
21829,18762,52631
21830,18762,52630
21831,18763,52633
21832,18764,52634
21833,18765,52644
21834,18766,52652
21835,18767,52653
21836,18768,52662
21837,18769,52663
21838,18770,52664
21839,18771,52665
21840,18771,52664
21841,18772,52669
21842,18773,52672
21843,18774,52674
21844,18775,52684
21845,18776,52693
21846,18777,52694
21847,18778,52698
21848,18779,52703
21849,18780,52705
21850,18781,52709
21851,18782,52708
21852,18783,52716
21853,18784,52722
21854,18785,52736
21855,18785,52735
21856,18786,52740
21857,18787,52742
21858,18788,52746
21859,18789,52749
21860,18790,52752
21861,18790,52750
21862,18791,52755
21863,18791,52754
21864,18792,52756
21865,18793,52757
21866,18794,52758
21867,18795,52769
21868,18796,52771
21869,18797,52770
21870,18798,52780
21871,18799,52787
21872,18800,52789
21873,18801,52791
21874,18802,52795
21875,18803,52796
21876,18804,52804
21877,18805,52807
21878,18805,52804
21879,18806,52811
21880,18807,52813
21881,18808,52814
21882,18809,52818
21883,18810,52817
21884,18811,52820
21885,18812,52819
21886,18813,52823
21887,18814,52825
21888,18815,52830
21889,18816,52831
21890,18817,52836
21891,18818,52838
21892,18819,52847
21893,18820,52849
21894,18820,52851
21895,18821,52851
21896,18822,52854
21897,18822,52853
21898,18823,52853
21899,18823,52854
21900,18824,52866
21901,18825,52870
21902,18826,52873
21903,18827,52876
21904,18828,52874
21905,18829,52878
21906,18830,52881
21907,18831,52883
21908,18832,52888
21909,18833,52891
21910,18834,52897
21911,18835,52899
21912,18836,52903
21913,18837,52907
21914,18837,52909
21915,18838,52910
21916,18838,52911
21917,18839,52918
21918,18840,52917
21919,18840,52920
21920,18841,52921
21921,18842,52922
21922,18843,52926
21923,18844,52927
21924,18845,52931
21925,18846,52933
21926,18847,52938
21927,18848,52936
21928,18849,52940
21929,18849,52941
21930,18850,52943
21931,18850,52942
21932,18851,52942
21933,18852,52944
21934,18853,52945
21935,18854,52949
21936,18855,52951
21937,18856,52953
21938,18857,52964
21939,18858,52965
21940,18859,52971
21941,18860,52973
21942,18860,52974
21943,18861,52975
21944,18862,52976
21945,18863,52977
21946,18864,52979
21947,18865,52990
21948,18866,52991
21949,18867,52996
21950,18868,52995
21951,18868,52996
21952,18869,52998
21953,18869,52997
21954,18870,52999
21955,18871,53004
21956,18871,53005
21957,18872,53013
21958,18873,53016
21959,18874,53019
21960,18875,53022
21961,18875,53023
21962,18876,53024
21963,18877,53025
21964,18878,53029
21965,18879,53032
21966,18880,53034
21967,18881,53040
21968,18882,53042
21969,18883,53044
21970,18884,53045
21971,18885,53047
21972,18886,53052
21973,18887,53049
21974,18887,53050
21975,18888,53056
21976,18889,53058
21977,18890,53057
21978,18891,53060
21979,18892,53062
21980,18893,53063
21981,18894,53065
21982,18895,53073
21983,18895,53070
21984,18896,53075
21985,18896,53074
21986,18897,53076
21987,18897,53077
21988,18898,53079
21989,18899,53080
21990,18900,53082
21991,18901,53083
21992,18901,53085
21993,18902,53088
21994,18903,53090
21995,18904,53091
21996,18905,53094
21997,18906,53095
21998,18907,53099
21999,18908,53102
22000,18909,53108
22001,18910,53112
22002,18911,53110
22003,18912,53113
22004,18913,53114
22005,18914,53116
22006,18915,53117
22007,18916,53119
22008,18917,53123
22009,18918,53122
22010,18919,53124
22011,18919,53125
22012,18920,53126
22013,18921,53131
22014,18922,53132
22015,18923,53133
22016,18924,53134
22017,18925,53135
22018,18926,53137
22019,18926,53136
22020,18927,53143
22021,18928,53144
22022,18929,53146
22023,18930,53145
22024,18931,53147
22025,18932,53148
22026,18932,53149
22027,18933,53150
22028,18934,53154
22029,18935,53157
22030,18936,53159
22031,18937,53162
22032,18938,53164
22033,18939,53169
22034,18939,53172
22035,18940,53173
22036,18941,53176
22037,18942,53174
22038,18943,53180
22039,18944,53183
22040,18945,53184
22041,18946,53191
22042,18947,53193
22043,18947,53192
22044,18948,53192
22045,18949,53195
22046,18950,53194
22047,18951,53198
22048,18952,53200
22049,18953,53201
22050,18954,53204
22051,18955,53207
22052,18956,53212
22053,18957,53214
22054,18958,53215
22055,18959,53219
22056,18960,53218
22057,18961,53225
22058,18962,53224
22059,18963,53227
22060,18963,53230
22061,18964,53231
22062,18965,53238
22063,18966,53235
22064,18967,53246
22065,18968,53245
22066,18969,53247
22067,18970,53251
22068,18971,53252
22069,18971,53253
22070,18972,53254
22071,18973,53255
22072,18974,53258
22073,18975,53257
22074,18975,53259
22075,18976,53260
22076,18977,53262
22077,18978,53261
22078,18979,53264
22079,18980,53263
22080,18981,53270
22081,18982,53276
22082,18983,53278
22083,18984,53288
22084,18985,53291
22085,18986,53290
22086,18987,53292
22087,18988,53293
22088,18988,53292
22089,18989,53295
22090,18989,53296
22091,18990,53296
22092,18991,53299
22093,18992,53298
22094,18993,53300
22095,18994,53301
22096,18995,53304
22097,18996,53306
22098,18996,53308
22099,18997,53305
22100,18997,53308
22101,18998,53312
22102,18999,53313
22103,19000,53318
22104,19001,53319
22105,19002,53321
22106,19002,53320
22107,19003,53320
22108,19003,53321
22109,19004,53325
22110,19005,53329
22111,19006,53331
22112,19007,53330
22113,19007,53331
22114,19008,53333
22115,19009,53334
22116,19010,53337
22117,19010,53336
22118,19011,53338
22119,19012,53339
22120,19013,53341
22121,19014,53350
22122,19014,53351
22123,19015,53351
22124,19016,53352
22125,19017,53358
22126,19018,53356
22127,19019,53368
22128,19020,53372
22129,19021,53375
22130,19022,53379
22131,19023,53380
22132,19024,53384
22133,19025,53387
22134,19025,53388
22135,19026,53388
22136,19027,53391
22137,19028,53394
22138,19029,53399
22139,19030,53402
22140,19031,53408
22141,19032,53406
22142,19033,53409
22143,19034,53410
22144,19035,53414
22145,19036,53418
22146,19037,53419
22147,19038,53423
22148,19038,53424
22149,19039,53424
22150,19040,53425
22151,19041,53428
22152,19042,53431
22153,19042,53429
22154,19043,53430
22155,19043,53429
22156,19044,53434
22157,19045,53437
22158,19045,53436
22159,19046,53441
22160,19047,53440
22161,19048,53443
22162,19049,53442
22163,19050,53457
22164,19051,53461
22165,19051,53460
22166,19052,53459
22167,19053,53463
22168,19054,53464
22169,19055,53465
22170,19056,53468
22171,19057,53474
22172,19058,53473
22173,19059,53476
22174,19060,53477
22175,19061,53482
22176,19062,53489
22177,19063,53490
22178,19064,53492
22179,19065,53491
22180,19066,53493
22181,19067,53496
22182,19068,53495
22183,19069,53497
22184,19070,53499
22185,19070,53498
22186,19071,53502
22187,19072,53504
22188,19073,53507
22189,19074,53510
22190,19075,53513
22191,19076,53511
22192,19077,53514
22193,19078,53517
22194,19079,53520
22195,19080,53523
22196,19081,53524
22197,19082,53527
22198,19083,53529
22199,19084,53528
22200,19085,53530
22201,19086,53533
22202,19087,53548
22203,19088,53551
22204,19089,53550
22205,19090,53552
22206,19091,53556
22207,19092,53559
22208,19093,53563
22209,19094,53565
22210,19095,53569
22211,19096,53571
22212,19097,53577
22213,19098,53581
22214,19099,53580
22215,19100,53582
22216,19100,53584
22217,19101,53585
22218,19102,53590
22219,19102,53589
22220,19103,53594
22221,19104,53591
22222,19105,53597
22223,19105,53596
22224,19106,53596
22225,19107,53600
22226,19108,53601
22227,19109,53602
22228,19110,53608
22229,19111,53607
22230,19112,53611
22231,19112,53612
22232,19113,53616
22233,19114,53615
22234,19115,53617
22235,19116,53621
22236,19117,53626
22237,19118,53625
22238,19119,53628
22239,19119,53629
22240,19120,53631
22241,19121,53632
22242,19122,53633
22243,19123,53640
22244,19124,53639
22245,19124,53637
22246,19125,53641
22247,19125,53642
22248,19126,53650
22249,19127,53649
22250,19128,53651
22251,19129,53653
22252,19130,53654
22253,19130,53652
22254,19131,53663
22255,19132,53664
22256,19133,53674
22257,19133,53672
22258,19134,53676
22259,19135,53681
22260,19136,53683
22261,19137,53686
22262,19137,53687
22263,19138,53685
22264,19139,53688
22265,19140,53690
22266,19141,53689
22267,19141,53690
22268,19142,53695
22269,19143,53693
22270,19144,53702
22271,19145,53703
22272,19146,53705
22273,19147,53714
22274,19148,53713
22275,19149,53717
22276,19150,53722
22277,19151,53731
22278,19152,53730
22279,19153,53732
22280,19154,53736
22281,19155,53738
22282,19156,53737
22283,19157,53742
22284,19158,53743
22285,19159,53746
22286,19160,53745
22287,19161,53747
22288,19162,53750
22289,19163,53749
22290,19163,53750
22291,19164,53752
22292,19165,53754
22293,19166,53755
22294,19166,53756
22295,19167,53758
22296,19168,53760
22297,19169,53762
22298,19170,53761
22299,19171,53764
22300,19172,53763
22301,19172,53764
22302,19173,53768
22303,19174,53772
22304,19174,53770
22305,19175,53771
22306,19176,53779
22307,19177,53782
22308,19178,53783
22309,19179,53788
22310,19180,53792
22311,19181,53795
22312,19182,53799
22313,19183,53801
22314,19184,53802
22315,19184,53803
22316,19185,53806
22317,19186,53805
22318,19186,53804
22319,19187,53810
22320,19188,53812
22321,19189,53811
22322,19190,53814
22323,19191,53817
22324,19192,53819
22325,19193,53822
22326,19194,53826
22327,19195,53828
22328,19196,53831
22329,19197,53834
22330,19198,53835
22331,19199,53836
22332,19200,53838
22333,19201,53841
22334,19202,53844
22335,19203,53845
22336,19204,53849
22337,19205,53850
22338,19206,53861
22339,19207,53860
22340,19208,53866
22341,19209,53864
22342,19210,53867
22343,19211,53868
22344,19212,53869
22345,19212,53871
22346,19213,53870
22347,19214,53882
22348,19214,53881
22349,19215,53881
22350,19216,53888
22351,19217,53887
22352,19218,53897
22353,19219,53904
22354,19220,53905
22355,19221,53907
22356,19221,53908
22357,19222,53908
22358,19222,53907
22359,19223,53909
22360,19224,53913
22361,19225,53914
22362,19226,53916
22363,19227,53917
22364,19228,53918
22365,19229,53921
22366,19230,53922
22367,19230,53923
22368,19231,53929
22369,19232,53930
22370,19233,53942
22371,19234,53943
22372,19234,53942
22373,19235,53944
22374,19236,53947
22375,19237,53946
22376,19238,53949
22377,19239,53948
22378,19239,53949
22379,19240,53954
22380,19241,53955
22381,19242,53958
22382,19243,53957
22383,19244,53962
22384,19245,53963
22385,19246,53964
22386,19247,53965
22387,19247,53967
22388,19248,53966
22389,19249,53973
22390,19250,53977
22391,19250,53976
22392,19251,53976
22393,19252,53979
22394,19253,53983
22395,19253,53982
22396,19254,53982
22397,19255,53985
22398,19256,53989
22399,19256,53990
22400,19257,53990
22401,19257,53989
22402,19258,53992
22403,19259,53994
22404,19260,53995
22405,19260,53994
22406,19261,53996
22407,19262,54000
22408,19262,54001
22409,19263,54003
22410,19264,54002
22411,19264,54003
22412,19265,54005
22413,19265,54004
22414,19266,54009
22415,19267,54014
22416,19268,54016
22417,19269,54017
22418,19270,54022
22419,19271,54021
22420,19272,54025
22421,19273,54027
22422,19274,54026
22423,19275,54032
22424,19276,54037
22425,19277,54038
22426,19278,54039
22427,19279,54042
22428,19279,54041
22429,19280,54043
22430,19281,54047
22431,19282,54046
22432,19282,54047
22433,19283,54052
22434,19284,54051
22435,19285,54055
22436,19286,54056
22437,19287,54058
22438,19288,54059
22439,19289,54072
22440,19290,54073
22441,19291,54074
22442,19292,54076
22443,19293,54077
22444,19293,54079
22445,19294,54081
22446,19295,54090
22447,19296,54092
22448,19297,54093
22449,19298,54098
22450,19299,54099
22451,19300,54101
22452,19301,54104
22453,19302,54106
22454,19303,54107
22455,19303,54106
22456,19304,54108
22457,19305,54109
22458,19306,54111
22459,19307,54113
22460,19308,54117
22461,19309,54118
22462,19310,54119
22463,19311,54121
22464,19312,54123
22465,19312,54122
22466,19313,54128
22467,19314,54132
22468,19315,54135
22469,19316,54133
22470,19317,54137
22471,19318,54141
22472,19319,54155
22473,19320,54157
22474,19321,54158
22475,19322,54159
22476,19323,54163
22477,19324,54162
22478,19325,54166
22479,19326,54165
22480,19327,54170
22481,19328,54169
22482,19328,54170
22483,19329,54180
22484,19330,54181
22485,19331,54182
22486,19332,54186
22487,19333,54187
22488,19334,54192
22489,19335,54194
22490,19336,54203
22491,19337,54207
22492,19338,54210
22493,19339,54211
22494,19340,54213
22495,19341,54215
22496,19342,54220
22497,19342,54219
22498,19343,54219
22499,19344,54221
22500,19344,54222
22501,19345,54232
22502,19346,54230
22503,19347,54234
22504,19347,54235
22505,19348,54233
22506,19348,54235
22507,19349,54239
22508,19350,54241
22509,19351,54244
22510,19352,54243
22511,19352,54244
22512,19353,54245
22513,19354,54248
22514,19355,54249
22515,19356,54250
22516,19357,54266
22517,19358,54268
22518,19359,54269
22519,19360,54270
22520,19361,54281
22521,19362,54282
22522,19363,54284
22523,19364,54289
22524,19365,54290
22525,19366,54295
22526,19367,54299
22527,19368,54296
22528,19369,54301
22529,19370,54300
22530,19371,54303
22531,19372,54307
22532,19373,54308
22533,19374,54309
22534,19375,54315
22535,19376,54316
22536,19377,54318
22537,19378,54317
22538,19378,54319
22539,19379,54321
22540,19379,54322
22541,19380,54322
22542,19381,54323
22543,19382,54328
22544,19383,54330
22545,19383,54328
22546,19384,54336
22547,19385,54341
22548,19386,54343
22549,19387,54345
22550,19388,54346
22551,19389,54355
22552,19390,54358
22553,19390,54360
22554,19391,54371
22555,19391,54372
22556,19392,54372
22557,19393,54376
22558,19394,54377
22559,19395,54378
22560,19396,54380
22561,19397,54384
22562,19398,54383
22563,19398,54384
22564,19399,54385
22565,19400,54391
22566,19401,54390
22567,19402,54406
22568,19402,54408
22569,19403,54413
22570,19404,54414
22571,19405,54416
22572,19406,54420
22573,19407,54427
22574,19408,54429
22575,19408,54428
22576,19409,54428
22577,19410,54433
22578,19411,54430
22579,19412,54434
22580,19413,54437
22581,19413,54438
22582,19414,54438
22583,19415,54439
22584,19416,54440
22585,19417,54443
22586,19418,54441
22587,19419,54445
22588,19420,54447
22589,19421,54446
22590,19422,54450
22591,19423,54448
22592,19424,54452
22593,19425,54461
22594,19426,54467
22595,19427,54468
22596,19428,54471
22597,19429,54470
22598,19430,54474
22599,19431,54475
22600,19431,54474
22601,19432,54486
22602,19432,54485
22603,19433,54494
22604,19434,54496
22605,19435,54495
22606,19436,54500
22607,19436,54501
22608,19437,54501
22609,19437,54502
22610,19438,54506
22611,19439,54510
22612,19440,54509
22613,19441,54512
22614,19442,54511
22615,19443,54514
22616,19444,54513
22617,19445,54520
22618,19446,54519
22619,19447,54521
22620,19447,54522
22621,19448,54524
22622,19448,54526
22623,19449,54530
22624,19450,54531
22625,19451,54535
22626,19452,54538
22627,19453,54541
22628,19454,54543
22629,19455,54547
22630,19456,54551
22631,19457,54553
22632,19458,54554
22633,19459,54555
22634,19460,54563
22635,19461,54566
22636,19462,54570
22637,19463,54573
22638,19464,54571
22639,19465,54577
22640,19466,54578
22641,19467,54580
22642,19468,54583
22643,19468,54584
22644,19469,54594
22645,19469,54592
22646,19470,54593
22647,19471,54597
22648,19471,54596
22649,19472,54600
22650,19472,54599
22651,19473,54601
22652,19474,54603
22653,19475,54602
22654,19476,54610
22655,19477,54611
22656,19478,54614
22657,19479,54616
22658,19480,54618
22659,19481,54619
22660,19482,54620
22661,19483,54625
22662,19483,54624
22663,19484,54627
22664,19485,54630
22665,19486,54632
22666,19487,54631
22667,19488,54633
22668,19489,54634
22669,19490,54639
22670,19491,54640
22671,19492,54643
22672,19493,54646
22673,19494,54645
22674,19494,54644
22675,19495,54647
22676,19496,54649
22677,19497,54651
22678,19498,54652
22679,19499,54653
22680,19500,54656
22681,19501,54667
22682,19502,54668
22683,19503,54669
22684,19504,54671
22685,19505,54675
22686,19506,54673
22687,19507,54678
22688,19507,54677
22689,19508,54676
22690,19509,54681
22691,19510,54683
22692,19510,54680
22693,19511,54685
22694,19512,54694
22695,19513,54693
22696,19514,54697
22697,19515,54698
22698,19516,54702
22699,19517,54703
22700,19518,54706
22701,19518,54704
22702,19519,54707
22703,19520,54716
22704,19521,54721
22705,19522,54720
22706,19523,54725
22707,19523,54724
22708,19524,54727
22709,19525,54734
22710,19526,54737
22711,19527,54736
22712,19527,54735
22713,19528,54744
22714,19529,54743
22715,19530,54746
22716,19531,54745
22717,19531,54746
22718,19532,54751
22719,19533,54748
22720,19533,54751
22721,19534,54756
22722,19535,54757
22723,19536,54758
22724,19537,54759
22725,19538,54763
22726,19539,54762
22727,19539,54761
22728,19540,54764
22729,19541,54772
22730,19542,54771
22731,19543,54774
22732,19544,54777
22733,19545,54779
22734,19546,54780
22735,19547,54782
22736,19548,54781
22737,19548,54782
22738,19549,54784
22739,19549,54783
22740,19550,54785
22741,19551,54786
22742,19552,54789
22743,19553,54790
22744,19554,54791
22745,19555,54798
22746,19556,54801
22747,19557,54808
22748,19558,54807
22749,19559,54811
22750,19560,54813
22751,19561,54814
22752,19562,54819
22753,19563,54823
22754,19564,54832
22755,19565,54834
22756,19566,54836
22757,19566,54835
22758,19567,54842
22759,19568,54844
22760,19569,54848
22761,19570,54851
22762,19571,54853
22763,19572,54855
22764,19573,54861
22765,19574,54862
22766,19575,54865
22767,19576,54867
22768,19577,54869
22769,19577,54870
22770,19578,54872
22771,19578,54871
22772,19579,54873
22773,19580,54877
22774,19581,54882
22775,19582,54887
22776,19583,54886
22777,19584,54890
22778,19584,54891
22779,19585,54889
22780,19586,54899
22781,19586,54898
22782,19587,54898
22783,19588,54903
22784,19588,54902
22785,19589,54902
22786,19590,54904
22787,19591,54905
22788,19592,54907
22789,19593,54906
22790,19594,54909
22791,19594,54908
22792,19595,54911
22793,19596,54910
22794,19596,54911
22795,19597,54912
22796,19598,54917
22797,19599,54918
22798,19599,54919
22799,19600,54920
22800,19601,54921
22801,19602,54922
22802,19603,54924
22803,19603,54926
22804,19604,54927
22805,19605,54929
22806,19606,54928
22807,19607,54933
22808,19608,54934
22809,19609,54937
22810,19610,54941
22811,19611,54947
22812,19612,54946
22813,19613,54949
22814,19614,54951
22815,19615,54952
22816,19616,54953
22817,19616,54954
22818,19617,54956
22819,19618,54962
22820,19619,54971
22821,19620,54969
22822,19621,54973
22823,19622,54974
22824,19623,54979
22825,19624,54980
22826,19625,54983
22827,19625,54982
22828,19626,54982
22829,19627,54987
22830,19628,54986
22831,19629,55002
22832,19630,55001
22833,19631,55003
22834,19631,55004
22835,19632,55004
22836,19633,55010
22837,19633,55011
22838,19634,55008
22839,19635,55017
22840,19636,55016
22841,19636,55017
22842,19637,55019
22843,19638,55022
22844,19638,55021
22845,19639,55023
22846,19639,55024
22847,19640,55024
22848,19641,55026
22849,19642,55025
22850,19643,55028
22851,19644,55037
22852,19645,55036
22853,19646,55040
22854,19647,55039
22855,19648,55047
22856,19649,55053
22857,19650,55065
22858,19651,55070
22859,19652,55080
22860,19653,55079
22861,19654,55083
22862,19655,55084
22863,19656,55086
22864,19657,55089
22865,19658,55092
22866,19659,55093
22867,19659,55090
22868,19660,55096
22869,19660,55097
22870,19661,55102
22871,19661,55104
22872,19662,55103
22873,19663,55109
22874,19664,55110
22875,19665,55113
22876,19666,55119
22877,19667,55126
22878,19668,55125
22879,19668,55126
22880,19669,55129
22881,19670,55127
22882,19671,55133
22883,19672,55131
22884,19673,55135
22885,19674,55138
22886,19675,55145
22887,19676,55153
22888,19676,55155
22889,19677,55152
22890,19678,55157
22891,19678,55156
22892,19679,55156
22893,19680,55159
22894,19681,55160
22895,19682,55166
22896,19683,55165
22897,19684,55169
22898,19685,55181
22899,19686,55182
22900,19687,55183
22901,19688,55184
22902,19688,55185
22903,19689,55191
22904,19690,55192
22905,19691,55198
22906,19691,55197
22907,19692,55197
22908,19693,55206
22909,19694,55211
22910,19695,55214
22911,19696,55215
22912,19696,55213
22913,19697,55217
22914,19697,55218
22915,19698,55223
22916,19699,55222
22917,19700,55224
22918,19701,55229
22919,19702,55236
22920,19702,55237
22921,19703,55235
22922,19704,55239
22923,19705,55246
22924,19706,55249
22925,19707,55250
22926,19708,55254
22927,19709,55251
22928,19710,55256
22929,19711,55257
22930,19712,55259
22931,19713,55265
22932,19714,55269
22933,19715,55277
22934,19716,55282
22935,19716,55283
22936,19717,55284
22937,19718,55290
22938,19719,55301
22939,19720,55303
22940,19720,55304
22941,19721,55305
22942,19722,55310
22943,19722,55309
22944,19723,55316
22945,19723,55314
22946,19724,55315
22947,19725,55321
22948,19726,55324
22949,19727,55323
22950,19728,55327
22951,19729,55326
22952,19729,55327
22953,19730,55328
22954,19731,55332
22955,19732,55343
22956,19732,55342
22957,19733,55341
22958,19734,55344
22959,19735,55345
22960,19736,55349
22961,19737,55352
22962,19738,55351
22963,19739,55353
22964,19739,55355
22965,19740,55357
22966,19741,55362
22967,19742,55365
22968,19743,55366
22969,19743,55367
22970,19744,55369
22971,19744,55368
22972,19745,55368
22973,19746,55373
22974,19747,55375
22975,19748,55377
22976,19748,55376
22977,19749,55385
22978,19750,55387
22979,19751,55389
22980,19752,55391
22981,19753,55393
22982,19754,55402
22983,19755,55401
22984,19756,55405
22985,19757,55404
22986,19758,55417
22987,19759,55418
22988,19760,55421
22989,19760,55419
22990,19761,55422
22991,19762,55423
22992,19763,55425
22993,19764,55433
22994,19765,55436
22995,19766,55441
22996,19767,55447
22997,19768,55449
22998,19769,55448
22999,19769,55449
23000,19770,55451
23001,19770,55450
23002,19771,55450
23003,19772,55453
23004,19772,55454
23005,19773,55454
23006,19774,55459
23007,19775,55461
23008,19776,55465
23009,19777,55481
23010,19778,55485
23011,19779,55486
23012,19780,55488
23013,19781,55489
23014,19782,55493
23015,19783,55495
23016,19784,55496
23017,19785,55500
23018,19786,55501
23019,19787,55502
23020,19788,55506
23021,19788,55505
23022,19789,55505
23023,19790,55507
23024,19791,55508
23025,19791,55509
23026,19792,55513
23027,19793,55515
23028,19794,55518
23029,19795,55520
23030,19796,55521
23031,19797,55523
23032,19798,55525
23033,19799,55524
23034,19799,55525
23035,19800,55527
23036,19800,55529
23037,19801,55531
23038,19802,55534
23039,19803,55532
23040,19804,55537
23041,19805,55538
23042,19806,55539
23043,19807,55543
23044,19808,55544
23045,19809,55546
23046,19810,55548
23047,19811,55551
23048,19812,55552
23049,19813,55560
23050,19814,55563
23051,19815,55570
23052,19816,55572
23053,19817,55571
23054,19818,55573
23055,19819,55578
23056,19820,55585
23057,19821,55582
23058,19822,55590
23059,19823,55591
23060,19824,55592
23061,19825,55595
23062,19826,55594
23063,19827,55598
23064,19828,55607
23065,19829,55609
23066,19830,55614
23067,19831,55615
23068,19832,55616
23069,19833,55619
23070,19834,55617
23071,19835,55622
23072,19836,55623
23073,19836,55624
23074,19837,55624
23075,19838,55629
23076,19839,55631
23077,19840,55635
23078,19840,55634
23079,19841,55636
23080,19842,55637
23081,19843,55639
23082,19844,55642
23083,19845,55650
23084,19845,55651
23085,19846,55653
23086,19847,55660
23087,19848,55659
23088,19849,55661
23089,19850,55666
23090,19850,55665
23091,19851,55669
23092,19852,55673
23093,19852,55675
23094,19853,55674
23095,19854,55680
23096,19855,55682
23097,19856,55683
23098,19857,55689
23099,19858,55688
23100,19858,55687
23101,19859,55692
23102,19859,55691
23103,19860,55691
23104,19861,55697
23105,19862,55699
23106,19863,55700
23107,19864,55701
23108,19865,55702
23109,19865,55701
23110,19866,55703
23111,19866,55705
23112,19867,55706
23113,19868,55707
23114,19868,55708
23115,19869,55714
23116,19870,55718
23117,19871,55722
23118,19871,55723
23119,19872,55725
23120,19873,55726
23121,19874,55728
23122,19875,55734
23123,19876,55735
23124,19877,55737
23125,19878,55740
23126,19879,55743
23127,19880,55742
23128,19881,55744
23129,19882,55745
23130,19883,55750
23131,19884,55749
23132,19885,55756
23133,19885,55757
23134,19886,55758
23135,19887,55759
23136,19888,55765
23137,19889,55766
23138,19890,55767
23139,19890,55769
23140,19891,55770
23141,19892,55777
23142,19893,55780
23143,19893,55779
23144,19894,55778
23145,19895,55781
23146,19896,55783
23147,19897,55782
23148,19898,55791
23149,19899,55795
23150,19899,55793
23151,19900,55799
23152,19900,55800
23153,19901,55800
23154,19902,55803
23155,19903,55804
23156,19903,55801
23157,19904,55815
23158,19905,55817
23159,19905,55816
23160,19906,55818
23161,19907,55819
23162,19908,55823
23163,19909,55822
23164,19910,55826
23165,19911,55829
23166,19911,55827
23167,19912,55828
23168,19912,55827
23169,19913,55833
23170,19914,55841
23171,19915,55842
23172,19916,55844
23173,19917,55845
23174,19918,55848
23175,19919,55847
23176,19920,55849
23177,19921,55850
23178,19921,55851
23179,19922,55853
23180,19923,55857
23181,19924,55866
23182,19925,55865
23183,19925,55864
23184,19926,55875
23185,19926,55874
23186,19927,55874
23187,19928,55878
23188,19929,55879
23189,19930,55880
23190,19931,55881
23191,19932,55883
23192,19932,55884
23193,19933,55884
23194,19934,55886
23195,19935,55885
23196,19936,55891
23197,19936,55892
23198,19937,55895
23199,19938,55898
23200,19939,55904
23201,19940,55905
23202,19941,55917
23203,19942,55915
23204,19943,55923
23205,19944,55924
23206,19945,55929
23207,19946,55928
23208,19947,55936
23209,19948,55937
23210,19949,55943
23211,19950,55945
23212,19951,55951
23213,19952,55952
23214,19953,55954
23215,19954,55963
23216,19955,55964
23217,19955,55965
23218,19956,55965
23219,19957,55967
23220,19957,55968
23221,19958,55966
23222,19959,55970
23223,19960,55971
23224,19961,55976
23225,19962,55974
23226,19963,55979
23227,19964,55982
23228,19964,55983
23229,19965,55993
23230,19966,55995
23231,19967,55997
23232,19968,56002
23233,19969,56005
23234,19969,56006
23235,19970,56007
23236,19971,56008
23237,19972,56019
23238,19972,56021
23239,19973,56022
23240,19974,56024
23241,19975,56027
23242,19975,56028
23243,19976,56026
23244,19977,56029
23245,19978,56030
23246,19979,56032
23247,19980,56035
23248,19981,56039
23249,19982,56044
23250,19983,56043
23251,19984,56048
23252,19985,56055
23253,19986,56054
23254,19987,56056
23255,19988,56061
23256,19988,56060
23257,19989,56071
23258,19990,56073
23259,19990,56071
23260,19991,56076
23261,19992,56077
23262,19993,56078
23263,19994,56081
23264,19994,56080
23265,19995,56086
23266,19996,56090
23267,19997,56092
23268,19998,56091
23269,19998,56092
23270,19999,56095
23271,20000,56093
23272,20001,56099
23273,20001,56100
23274,20002,56098
23275,20003,56105
23276,20004,56110
23277,20005,56115
23278,20006,56122
23279,20007,56121
23280,20008,56124
23281,20009,56133
23282,20009,56132
23283,20010,56134
23284,20011,56142
23285,20012,56140
23286,20013,56145
23287,20014,56156
23288,20015,56155
23289,20016,56157
23290,20017,56158
23291,20018,56163
23292,20019,56174
23293,20020,56178
23294,20020,56177
23295,20021,56182
23296,20022,56188
23297,20023,56191
23298,20024,56193
23299,20024,56192
23300,20025,56192
23301,20026,56195
23302,20026,56194
23303,20027,56199
23304,20028,56201
23305,20028,56200
23306,20029,56202
23307,20030,56216
23308,20030,56214
23309,20031,56215
23310,20031,56216
23311,20032,56217
23312,20033,56218
23313,20034,56219
23314,20035,56221
23315,20036,56229
23316,20037,56230
23317,20038,56231
23318,20039,56236
23319,20040,56234
23320,20041,56238
23321,20042,56244
23322,20043,56245
23323,20043,56244
23324,20044,56249
23325,20045,56256
23326,20046,56255
23327,20047,56257
23328,20048,56260
23329,20049,56261
23330,20050,56263
23331,20051,56267
23332,20051,56269
23333,20052,56268
23334,20052,56267
23335,20053,56270
23336,20053,56271
23337,20054,56273
23338,20055,56277
23339,20056,56278
23340,20057,56279
23341,20058,56280
23342,20059,56281
23343,20059,56280
23344,20060,56283
23345,20060,56282
23346,20061,56286
23347,20062,56290
23348,20062,56289
23349,20063,56289
23350,20064,56291
23351,20064,56292
23352,20065,56292
23353,20065,56291
23354,20066,56293
23355,20067,56297
23356,20068,56298
23357,20068,56299
23358,20069,56299
23359,20070,56308
23360,20071,56309
23361,20072,56310
23362,20073,56311
23363,20074,56314
23364,20075,56315
23365,20076,56316
23366,20077,56322
23367,20078,56327
23368,20079,56331
23369,20079,56330
23370,20080,56328
23371,20081,56336
23372,20082,56339
23373,20083,56342
23374,20084,56348
23375,20085,56349
23376,20086,56351
23377,20086,56349
23378,20087,56353
23379,20088,56354
23380,20088,56357
23381,20089,56358
23382,20090,56360
23383,20091,56361
23384,20092,56362
23385,20093,56364
23386,20094,56366
23387,20095,56365
23388,20096,56371
23389,20097,56369
23390,20098,56372
23391,20099,56373
23392,20100,56380
23393,20100,56381
23394,20101,56382
23395,20102,56383
23396,20103,56387
23397,20104,56390
23398,20105,56397
23399,20106,56403
23400,20107,56406
23401,20108,56409
23402,20109,56410
23403,20110,56415
23404,20110,56416
23405,20111,56416
23406,20112,56417
23407,20112,56418
23408,20113,56421
23409,20114,56422
23410,20115,56423
23411,20116,56425
23412,20117,56426
23413,20118,56428
23414,20119,56427
23415,20120,56430
23416,20121,56431
23417,20122,56432
23418,20123,56434
23419,20124,56436
23420,20125,56446
23421,20126,56451
23422,20127,56449
23423,20128,56459
23424,20129,56457
23425,20130,56465
23426,20130,56463
23427,20131,56467
23428,20132,56469
23429,20133,56480
23430,20134,56481
23431,20135,56483
23432,20136,56488
23433,20137,56489
23434,20138,56492
23435,20139,56499
23436,20140,56505
23437,20141,56506
23438,20142,56508
23439,20143,56509
23440,20143,56511
23441,20144,56512
23442,20145,56514
23443,20146,56516
23444,20147,56520
23445,20148,56523
23446,20149,56526
23447,20150,56524
23448,20151,56528
23449,20152,56530
23450,20153,56534
23451,20154,56536
23452,20155,56540
23453,20156,56539
23454,20157,56541
23455,20158,56546
23456,20158,56547
23457,20159,56548
23458,20160,56549
23459,20161,56558
23460,20162,56559
23461,20163,56563
23462,20164,56560
23463,20165,56565
23464,20166,56571
23465,20167,56572
23466,20167,56569
23467,20168,56573
23468,20169,56576
23469,20170,56574
23470,20171,56580
23471,20171,56581
23472,20172,56588
23473,20173,56591
23474,20174,56590
23475,20175,56595
23476,20176,56597
23477,20177,56598
23478,20178,56607
23479,20179,56612
23480,20180,56613
23481,20181,56617
23482,20182,56616
23483,20183,56624
23484,20184,56629
23485,20185,56630
23486,20186,56633
23487,20187,56634
23488,20188,56636
23489,20189,56637
23490,20189,56636
23491,20190,56639
23492,20191,56640
23493,20192,56642
23494,20193,56645
23495,20194,56646
23496,20195,56647
23497,20195,56646
23498,20196,56648
23499,20197,56650
23500,20198,56651
23501,20198,56652
23502,20199,56658
23503,20200,56655
23504,20201,56660
23505,20202,56659
23506,20203,56666
23507,20204,56669
23508,20205,56670
23509,20206,56673
23510,20207,56681
23511,20208,56682
23512,20209,56685
23513,20210,56686
23514,20211,56693
23515,20211,56692
23516,20212,56695
23517,20213,56698
23518,20214,56702
23519,20215,56711
23520,20216,56712
23521,20217,56716
23522,20218,56731
23523,20219,56729
23524,20220,56732
23525,20221,56738
23526,20222,56739
23527,20223,56740
23528,20224,56741
23529,20225,56748
23530,20226,56752
23531,20227,56754
23532,20228,56757
23533,20229,56758
23534,20230,56759
23535,20231,56765
23536,20232,56770
23537,20233,56769
23538,20234,56773
23539,20235,56778
23540,20236,56784
23541,20236,56783
23542,20237,56785
23543,20238,56786
23544,20238,56785
23545,20239,56794
23546,20240,56806
23547,20241,56809
23548,20242,56810
23549,20243,56811
23550,20244,56814
23551,20245,56815
23552,20246,56818
23553,20247,56817
23554,20248,56822
23555,20248,56821
23556,20249,56821
23557,20250,56823
23558,20251,56825
23559,20252,56829
23560,20252,56831
23561,20253,56831
23562,20254,56837
23563,20255,56840
23564,20256,56845
23565,20257,56844
23566,20258,56847
23567,20259,56849
23568,20260,56857
23569,20261,56856
23570,20262,56860
23571,20262,56859
23572,20263,56867
23573,20264,56866
23574,20265,56868
23575,20266,56870
23576,20267,56876
23577,20268,56875
23578,20268,56876
23579,20269,56877
23580,20270,56878
23581,20271,56879
23582,20272,56880
23583,20273,56882
23584,20274,56884
23585,20275,56885
23586,20276,56889
23587,20277,56890
23588,20278,56891
23589,20278,56890
23590,20279,56893
23591,20280,56894
23592,20281,56895
23593,20282,56898
23594,20282,56897
23595,20283,56899
23596,20284,56906
23597,20285,56905
23598,20286,56911
23599,20286,56910
23600,20287,56910
23601,20288,56914
23602,20289,56916
23603,20289,56918
23604,20290,56919
23605,20291,56924
23606,20292,56936
23607,20292,56937
23608,20293,56948
23609,20293,56947
23610,20294,56953
23611,20295,56955
23612,20296,56959
23613,20297,56960
23614,20298,56966
23615,20299,56969
23616,20299,56968
23617,20300,56970
23618,20301,56971
23619,20302,56973
23620,20303,56974
23621,20304,56976
23622,20304,56977
23623,20305,56985
23624,20305,56984
23625,20306,56986
23626,20307,56994
23627,20308,56996
23628,20309,56997
23629,20310,57001
23630,20311,57004
23631,20311,57002
23632,20312,57002
23633,20313,57007
23634,20314,57006
23635,20315,57011
23636,20315,57012
23637,20316,57012
23638,20317,57018
23639,20318,57017
23640,20319,57031
23641,20320,57036
23642,20321,57035
23643,20322,57038
23644,20323,57039
23645,20324,57050
23646,20325,57052
23647,20326,57054
23648,20327,57055
23649,20328,57060
23650,20329,57061
23651,20330,57063
23652,20331,57062
23653,20332,57069
23654,20333,57068
23655,20333,57069
23656,20334,57071
23657,20335,57072
23658,20336,57073
23659,20337,57080
23660,20338,57079
23661,20339,57083
23662,20340,57084
23663,20341,57089
23664,20342,57091
23665,20343,57095
23666,20344,57099
23667,20345,57098
23668,20346,57100
23669,20347,57103
23670,20348,57104
23671,20348,57103
23672,20349,57109
23673,20350,57111
23674,20351,57113
23675,20352,57114
23676,20353,57116
23677,20354,57117
23678,20355,57120
23679,20355,57119
23680,20356,57121
23681,20357,57123
23682,20357,57122
23683,20358,57122
23684,20358,57123
23685,20359,57127
23686,20359,57128
23687,20360,57129
23688,20361,57132
23689,20362,57135
23690,20363,57138
23691,20363,57137
23692,20364,57137
23693,20365,57142
23694,20366,57145
23695,20367,57144
23696,20368,57150
23697,20369,57148
23698,20370,57151
23699,20371,57153
23700,20371,57151
23701,20372,57156
23702,20372,57155
23703,20373,57158
23704,20373,57160
23705,20374,57157
23706,20375,57175
23707,20376,57173
23708,20376,57174
23709,20377,57178
23710,20378,57180
23711,20379,57184
23712,20380,57200
23713,20381,57199
23714,20382,57202
23715,20383,57204
23716,20384,57205
23717,20385,57210
23718,20386,57208
23719,20387,57212
23720,20388,57215
23721,20389,57218
23722,20390,57219
23723,20391,57222
23724,20392,57220
23725,20393,57225
23726,20394,57230
23727,20394,57231
23728,20395,57234
23729,20396,57235
23730,20397,57236
23731,20398,57244
23732,20399,57241
23733,20400,57245
23734,20401,57246
23735,20402,57250
23736,20403,57248
23737,20404,57262
23738,20405,57261
23739,20406,57264
23740,20407,57265
23741,20408,57266
23742,20409,57272
23743,20410,57273
23744,20411,57275
23745,20411,57274
23746,20412,57279
23747,20413,57282
23748,20414,57281
23749,20414,57280
23750,20415,57283
23751,20416,57292
23752,20417,57295
23753,20417,57296
23754,20418,57303
23755,20419,57304
23756,20420,57308
23757,20421,57310
23758,20422,57311
23759,20423,57312
23760,20424,57313
23761,20425,57316
23762,20426,57314
23763,20426,57316
23764,20427,57317
23765,20428,57321
23766,20429,57323
23767,20430,57325
23768,20431,57324
23769,20432,57327
23770,20433,57332
23771,20434,57335
23772,20435,57333
23773,20436,57341
23774,20437,57342
23775,20438,57344
23776,20439,57345
23777,20440,57354
23778,20440,57356
23779,20441,57355
23780,20442,57361
23781,20443,57368
23782,20444,57371
23783,20444,57370
23784,20445,57370
23785,20446,57375
23786,20447,57376
23787,20448,57383
23788,20449,57388
23789,20450,57387
23790,20451,57390
23791,20452,57391
23792,20452,57390
23793,20453,57392
23794,20453,57394
23795,20454,57393
23796,20455,57395
23797,20455,57396
23798,20456,57399
23799,20457,57402
23800,20458,57401
23801,20459,57405
23802,20460,57406
23803,20461,57411
23804,20461,57412
23805,20462,57412
23806,20463,57416
23807,20464,57419
23808,20465,57418
23809,20466,57443
23810,20467,57444
23811,20468,57447
23812,20469,57448
23813,20470,57458
23814,20471,57459
23815,20472,57461
23816,20473,57469
23817,20473,57470
23818,20474,57474
23819,20475,57477
23820,20476,57481
23821,20477,57480
23822,20478,57482
23823,20479,57487
23824,20479,57484
23825,20480,57488
23826,20480,57489
23827,20481,57490
23828,20482,57496
23829,20483,57498
23830,20483,57500
23831,20484,57511
23832,20485,57509
23833,20486,57515
23834,20487,57512
23835,20488,57521
23836,20489,57522
23837,20490,57523
23838,20491,57527
23839,20492,57529
23840,20492,57531
23841,20493,57532
23842,20494,57535
23843,20494,57536
23844,20495,57538
23845,20496,57542
23846,20497,57547
23847,20498,57548
23848,20499,57553
23849,20500,57556
23850,20501,57558
23851,20501,57557
23852,20502,57561
23853,20502,57560
23854,20503,57565
23855,20503,57564
23856,20504,57567
23857,20505,57568
23858,20505,57569
23859,20506,57569
23860,20507,57572
23861,20508,57579
23862,20509,57580
23863,20509,57579
23864,20510,57586
23865,20511,57588
23866,20512,57590
23867,20513,57595
23868,20514,57601
23869,20515,57602
23870,20516,57605
23871,20517,57604
23872,20518,57606
23873,20519,57609
23874,20520,57608
23875,20521,57611
23876,20522,57619
23877,20523,57618
23878,20524,57623
23879,20524,57621
23880,20525,57624
23881,20526,57625
23882,20527,57626
23883,20528,57631
23884,20529,57630
23885,20529,57632
23886,20530,57636
23887,20531,57633
23888,20532,57637
23889,20533,57639
23890,20534,57650
23891,20535,57651
23892,20536,57652
23893,20536,57651
23894,20537,57654
23895,20538,57657
23896,20539,57658
23897,20540,57660
23898,20541,57659
23899,20542,57661
23900,20543,57663
23901,20544,57664
23902,20545,57665
23903,20546,57666
23904,20547,57668
23905,20548,57672
23906,20549,57675
23907,20549,57674
23908,20550,57674
23909,20551,57676
23910,20552,57679
23911,20553,57684
23912,20554,57691
23913,20555,57692
23914,20556,57693
23915,20556,57694
23916,20557,57700
23917,20558,57699
23918,20559,57705
23919,20560,57707
23920,20561,57706
23921,20562,57708
23922,20562,57711
23923,20563,57712
23924,20564,57715
23925,20564,57713
23926,20565,57714
23927,20566,57716
23928,20567,57722
23929,20568,57723
23930,20569,57725
23931,20569,57726
23932,20570,57727
23933,20571,57731
23934,20571,57728
23935,20572,57737
23936,20573,57739
23937,20574,57740
23938,20574,57742
23939,20575,57742
23940,20576,57743
23941,20577,57745
23942,20578,57751
23943,20579,57748
23944,20580,57758
23945,20581,57756
23946,20582,57760
23947,20583,57766
23948,20584,57768
23949,20585,57767
23950,20586,57769
23951,20587,57776
23952,20588,57775
23953,20589,57780
23954,20590,57778
23955,20591,57782
23956,20592,57784
23957,20593,57787
23958,20594,57785
23959,20595,57790
23960,20595,57789
23961,20596,57788
23962,20597,57792
23963,20598,57794
23964,20599,57795
23965,20600,57798
23966,20601,57796
23967,20602,57801
23968,20603,57807
23969,20604,57813
23970,20605,57820
23971,20606,57822
23972,20607,57821
23973,20608,57824
23974,20609,57823
23975,20610,57833
23976,20611,57834
23977,20612,57837
23978,20613,57843
23979,20614,57850
23980,20614,57849
23981,20615,57851
23982,20616,57854
23983,20616,57853
23984,20617,57858
23985,20618,57857
23986,20619,57860
23987,20620,57861
23988,20620,57862
23989,20621,57863
23990,20622,57893
23991,20623,57892
23992,20624,57898
23993,20624,57900
23994,20625,57899
23995,20626,57901
23996,20626,57902
23997,20627,57906
23998,20628,57907
23999,20628,57908
24000,20629,57909
24001,20630,57911
24002,20631,57910
24003,20632,57912
24004,20633,57914
24005,20634,57917
24006,20635,57916
24007,20636,57918
24008,20637,57919
24009,20638,57920
24010,20639,57921
24011,20640,57929
24012,20640,57928
24013,20641,57930
24014,20642,57931
24015,20642,57932
24016,20643,57933
24017,20644,57934
24018,20645,57935
24019,20646,57937
24020,20647,57944
24021,20648,57943
24022,20648,57944
24023,20649,57951
24024,20650,57950
24025,20651,57954
24026,20651,57953
24027,20652,57953
24028,20653,57959
24029,20654,57958
24030,20654,57959
24031,20655,57960
24032,20656,57965
24033,20656,57964
24034,20657,57967
24035,20658,57968
24036,20659,57970
24037,20659,57969
24038,20660,57969
24039,20661,57972
24040,20661,57971
24041,20662,57973
24042,20663,57976
24043,20663,57978
24044,20664,57982
24045,20665,57984
24046,20666,57987
24047,20667,57994
24048,20668,57997
24049,20668,57996
24050,20669,57996
24051,20670,58000
24052,20671,58001
24053,20672,58010
24054,20673,58013
24055,20674,58014
24056,20675,58019
24057,20675,58021
24058,20676,58023
24059,20677,58024
24060,20678,58025
24061,20679,58026
24062,20680,58027
24063,20681,58029
24064,20682,58031
24065,20683,58032
24066,20684,58035
24067,20685,58034
24068,20685,58035
24069,20686,58037
24070,20687,58040
24071,20688,58044
24072,20689,58043
24073,20690,58047
24074,20690,58046
24075,20691,58050
24076,20692,58060
24077,20693,58061
24078,20694,58064
24079,20695,58062
24080,20696,58070
24081,20697,58071
24082,20698,58072
24083,20698,58073
24084,20699,58074
24085,20700,58081
24086,20701,58082
24087,20702,58085
24088,20703,58086
24089,20704,58088
24090,20705,58093
24091,20705,58092
24092,20706,58091
24093,20707,58096
24094,20707,58094
24095,20708,58097
24096,20709,58108
24097,20709,58109
24098,20710,58111
24099,20710,58112
24100,20711,58112
24101,20712,58115
24102,20713,58114
24103,20714,58120
24104,20715,58124
24105,20716,58122
24106,20717,58128
24107,20718,58129
24108,20719,58131
24109,20720,58134
24110,20721,58132
24111,20722,58137
24112,20723,58138
24113,20724,58140
24114,20725,58143
24115,20726,58151
24116,20727,58152
24117,20728,58154
24118,20729,58155
24119,20730,58156
24120,20731,58160
24121,20732,58174
24122,20733,58173
24123,20734,58176
24124,20735,58175
24125,20736,58178
24126,20737,58177
24127,20738,58181
24128,20739,58183
24129,20740,58185
24130,20741,58190
24131,20742,58191
24132,20743,58195
24133,20744,58200
24134,20745,58204
24135,20745,58202
24136,20746,58205
24137,20747,58208
24138,20748,58210
24139,20749,58212
24140,20750,58222
24141,20751,58219
24142,20752,58224
24143,20753,58242
24144,20754,58243
24145,20755,58248
24146,20756,58265
24147,20757,58267
24148,20757,58265
24149,20758,58275
24150,20758,58274
24151,20759,58273
24152,20759,58275
24153,20760,58276
24154,20761,58277
24155,20761,58276
24156,20762,58283
24157,20763,58282
24158,20764,58287
24159,20765,58292
24160,20766,58294
24161,20767,58295
24162,20768,58298
24163,20768,58297
24164,20769,58300
24165,20769,58301
24166,20770,58307
24167,20770,58309
24168,20771,58308
24169,20772,58310
24170,20773,58313
24171,20774,58316
24172,20775,58318
24173,20775,58316
24174,20776,58329
24175,20777,58334
24176,20778,58343
24177,20779,58345
24178,20780,58346
24179,20781,58347
24180,20782,58354
24181,20783,58356
24182,20784,58357
24183,20785,58358
24184,20786,58360
24185,20787,58361
24186,20788,58369
24187,20789,58367
24188,20790,58372
24189,20790,58373
24190,20791,58376
24191,20791,58377
24192,20792,58379
24193,20793,58380
24194,20794,58385
24195,20795,58387
24196,20796,58390
24197,20797,58394
24198,20798,58396
24199,20799,58398
24200,20800,58401
24201,20800,58399
24202,20801,58399
24203,20802,58408
24204,20803,58407
24205,20804,58409
24206,20805,58410
24207,20805,58411
24208,20806,58411
24209,20807,58412
24210,20808,58423
24211,20809,58422
24212,20809,58424
24213,20810,58427
24214,20811,58429
24215,20812,58434
24216,20813,58436
24217,20814,58435
24218,20815,58439
24219,20816,58437
24220,20817,58440
24221,20818,58443
24222,20818,58442
24223,20819,58442
24224,20820,58444
24225,20821,58448
24226,20822,58449
24227,20823,58452
24228,20824,58455
24229,20825,58458
24230,20825,58459
24231,20826,58460
24232,20827,58461
24233,20828,58462
24234,20829,58468
24235,20830,58471
24236,20830,58472
24237,20831,58476
24238,20832,58474
24239,20832,58475
24240,20833,58478
24241,20834,58480
24242,20835,58481
24243,20836,58482
24244,20837,58484
24245,20838,58488
24246,20839,58491
24247,20840,58496
24248,20841,58513
24249,20842,58518
24250,20843,58519
24251,20844,58523
24252,20845,58537
24253,20846,58539
24254,20847,58540
24255,20848,58546
24256,20849,58545
24257,20850,58551
24258,20851,58550
24259,20851,58551
24260,20852,58557
24261,20853,58556
24262,20854,58563
24263,20855,58562
24264,20856,58565
24265,20857,58564
24266,20857,58565
24267,20858,58566
24268,20859,58568
24269,20860,58569
24270,20860,58568
24271,20861,58571
24272,20862,58570
24273,20862,58571
24274,20863,58575
24275,20864,58586
24276,20865,58587
24277,20866,58592
24278,20867,58599
24279,20868,58605
24280,20869,58606
24281,20870,58609
24282,20871,58613
24283,20871,58612
24284,20872,58612
24285,20872,58614
24286,20873,58618
24287,20874,58627
24288,20874,58628
24289,20875,58625
24290,20875,58626
24291,20876,58636
24292,20877,58635
24293,20878,58638
24294,20879,58639
24295,20880,58642
24296,20881,58643
24297,20882,58644
24298,20883,58652
24299,20884,58656
24300,20884,58655
24301,20885,58658
24302,20886,58659
24303,20887,58660
24304,20888,58663
24305,20889,58666
24306,20890,58667
24307,20891,58668
24308,20892,58670
24309,20893,58674
24310,20894,58673
24311,20895,58678
24312,20895,58677
24313,20896,58682
24314,20897,58685
24315,20898,58687
24316,20899,58697
24317,20900,58704
24318,20901,58706
24319,20902,58705
24320,20903,58707
24321,20904,58712
24322,20905,58710
24323,20906,58717
24324,20907,58718
24325,20907,58719
24326,20908,58721
24327,20909,58729
24328,20909,58730
24329,20910,58735
24330,20911,58736
24331,20912,58738
24332,20913,58739
24333,20914,58743
24334,20915,58748
24335,20916,58749
24336,20917,58750
24337,20918,58751
24338,20918,58750
24339,20919,58753
24340,20920,58759
24341,20921,58758
24342,20922,58760
24343,20923,58768
24344,20924,58770
24345,20925,58774
24346,20926,58777
24347,20927,58778
24348,20928,58779
24349,20928,58780
24350,20929,58784
24351,20930,58785
24352,20931,58788
24353,20932,58787
24354,20933,58790
24355,20933,58791
24356,20934,58792
24357,20935,58793
24358,20936,58798
24359,20937,58800
24360,20938,58807
24361,20939,58809
24362,20939,58808
24363,20940,58810
24364,20941,58813
24365,20942,58815
24366,20943,58822
24367,20944,58823
24368,20945,58840
24369,20946,58837
24370,20947,58841
24371,20948,58842
24372,20949,58843
24373,20950,58845
24374,20951,58850
24375,20952,58851
24376,20953,58854
24377,20953,58851
24378,20954,58857
24379,20955,58856
24380,20956,58866
24381,20957,58871
24382,20958,58874
24383,20959,58879
24384,20960,58880
24385,20961,58883
24386,20962,58885
24387,20963,58884
24388,20964,58896
24389,20964,58897
24390,20965,58899
24391,20966,58905
24392,20967,58908
24393,20968,58909
24394,20969,58912
24395,20970,58913
24396,20971,58916
24397,20972,58919
24398,20973,58920
24399,20974,58923
24400,20974,58922
24401,20975,58922
24402,20976,58926
24403,20977,58927
24404,20978,58928
24405,20979,58929
24406,20979,58928
24407,20980,58939
24408,20981,58938
24409,20981,58939
24410,20982,58940
24411,20983,58941
24412,20984,58944
24413,20984,58942
24414,20985,58945
24415,20985,58946
24416,20986,58947
24417,20987,58950
24418,20988,58955
24419,20989,58958
24420,20989,58956
24421,20990,58960
24422,20990,58959
24423,20991,58965
24424,20992,58964
24425,20992,58965
24426,20993,58970
24427,20994,58971
24428,20995,58974
24429,20996,58976
24430,20997,58977
24431,20998,58981
24432,20999,58980
24433,21000,58983
24434,21001,58982
24435,21002,58985
24436,21003,58992
24437,21003,58991
24438,21004,58991
24439,21005,58994
24440,21005,58993
24441,21006,58999
24442,21007,59001
24443,21008,59003
24444,21009,59009
24445,21010,59010
24446,21011,59011
24447,21012,59012
24448,21013,59013
24449,21014,59015
24450,21015,59019
24451,21016,59017
24452,21017,59022
24453,21018,59025
24454,21019,59026
24455,21020,59033
24456,21021,59035
24457,21021,59033
24458,21022,59036
24459,21023,59038
24460,21024,59042
24461,21024,59041
24462,21025,59041
24463,21025,59042
24464,21026,59043
24465,21027,59044
24466,21027,59046
24467,21028,59046
24468,21028,59044
24469,21029,59047
24470,21030,59048
24471,21031,59050
24472,21032,59052
24473,21032,59051
24474,21033,59053
24475,21034,59054
24476,21035,59057
24477,21036,59060
24478,21037,59059
24479,21038,59062
24480,21038,59061
24481,21039,59061
24482,21040,59067
24483,21041,59069
24484,21042,59075
24485,21043,59076
24486,21044,59079
24487,21045,59083
24488,21046,59085
24489,21047,59087
24490,21048,59088
24491,21049,59093
24492,21050,59095
24493,21051,59094
24494,21052,59097
24495,21053,59098
24496,21054,59099
24497,21055,59100
24498,21056,59103
24499,21057,59102
24500,21058,59109
24501,21059,59111
24502,21060,59113
24503,21061,59115
24504,21062,59118
24505,21063,59117
24506,21064,59130
24507,21064,59131
24508,21065,59132
24509,21066,59137
24510,21067,59143
24511,21068,59145
24512,21069,59148
24513,21070,59152
24514,21071,59156
24515,21072,59157
24516,21072,59158
24517,21073,59158
24518,21074,59163
24519,21074,59164
24520,21075,59169
24521,21075,59170
24522,21076,59171
24523,21077,59181
24524,21078,59183
24525,21079,59188
24526,21080,59189
24527,21081,59191
24528,21081,59192
24529,21082,59196
24530,21083,59197
24531,21084,59200
24532,21085,59199
24533,21086,59201
24534,21087,59203
24535,21088,59207
24536,21089,59205
24537,21090,59208
24538,21091,59210
24539,21092,59221
24540,21093,59225
24541,21093,59226
24542,21094,59224
24543,21095,59227
24544,21096,59235
24545,21097,59234
24546,21097,59235
24547,21098,59238
24548,21099,59243
24549,21099,59244
24550,21100,59247
24551,21101,59246
24552,21102,59261
24553,21103,59260
24554,21104,59262
24555,21105,59268
24556,21106,59265
24557,21107,59270
24558,21107,59269
24559,21108,59269
24560,21109,59272
24561,21109,59271
24562,21110,59271
24563,21111,59273
24564,21112,59280
24565,21113,59278
24566,21114,59283
24567,21114,59282
24568,21115,59284
24569,21116,59285
24570,21117,59290
24571,21118,59288
24572,21119,59294
24573,21120,59296
24574,21121,59297
24575,21122,59303
24576,21123,59302
24577,21124,59305
24578,21125,59309
24579,21125,59307
24580,21126,59320
24581,21127,59326
24582,21128,59330
24583,21129,59331
24584,21130,59333
24585,21131,59337
24586,21132,59339
24587,21133,59345
24588,21134,59348
24589,21135,59352
24590,21136,59350
24591,21137,59356
24592,21137,59354
24593,21138,59355
24594,21139,59357
24595,21140,59359
24596,21141,59363
24597,21142,59365
24598,21142,59364
24599,21143,59364
24600,21144,59369
24601,21145,59370
24602,21146,59382
24603,21146,59383
24604,21147,59384
24605,21148,59389
24606,21149,59391
24607,21150,59392
24608,21151,59393
24609,21152,59395
24610,21153,59394
24611,21154,59399
24612,21154,59398
24613,21155,59398
24614,21156,59401
24615,21157,59403
24616,21158,59407
24617,21159,59408
24618,21160,59410
24619,21161,59409
24620,21161,59410
24621,21162,59412
24622,21163,59414
24623,21164,59417
24624,21164,59415
24625,21165,59415
24626,21166,59419
24627,21167,59423
24628,21168,59424
24629,21169,59425
24630,21170,59427
24631,21171,59426
24632,21172,59435
24633,21173,59434
24634,21174,59440
24635,21175,59441
24636,21176,59442
24637,21177,59446
24638,21177,59445
24639,21178,59445
24640,21179,59450
24641,21180,59452
24642,21181,59455
24643,21181,59456
24644,21182,59454
24645,21183,59463
24646,21184,59462
24647,21185,59465
24648,21186,59470
24649,21187,59473
24650,21187,59472
24651,21188,59472
24652,21189,59481
24653,21190,59480
24654,21190,59481
24655,21191,59486
24656,21192,59488
24657,21193,59489
24658,21194,59491
24659,21194,59490
24660,21195,59499
24661,21196,59501
24662,21197,59502
24663,21197,59503
24664,21198,59503
24665,21199,59505
24666,21200,59504
24667,21201,59510
24668,21202,59508
24669,21203,59512
24670,21204,59515
24671,21205,59513
24672,21206,59519
24673,21207,59516
24674,21208,59522
24675,21209,59525
24676,21210,59523
24677,21211,59527
24678,21212,59528
24679,21213,59530
24680,21214,59532
24681,21215,59533
24682,21216,59540
24683,21217,59538
24684,21218,59542
24685,21218,59543
24686,21219,59544
24687,21220,59549
24688,21221,59550
24689,21221,59547
24690,21222,59551
24691,21223,59552
24692,21223,59554
24693,21224,59562
24694,21225,59566
24695,21226,59574
24696,21226,59572
24697,21227,59572
24698,21228,59576
24699,21228,59575
24700,21229,59575
24701,21230,59594
24702,21231,59599
24703,21231,59598
24704,21232,59600
24705,21233,59610
24706,21234,59615
24707,21235,59613
24708,21236,59620
24709,21237,59621
24710,21237,59622
24711,21238,59627
24712,21239,59625
24713,21240,59631
24714,21241,59633
24715,21241,59632
24716,21242,59632
24717,21243,59639
24718,21244,59641
24719,21245,59640
24720,21246,59648
24721,21247,59646
24722,21248,59649
24723,21249,59654
24724,21250,59657
24725,21251,59663
24726,21252,59667
24727,21253,59670
24728,21253,59671
24729,21254,59672
24730,21255,59674
24731,21256,59675
24732,21256,59677
24733,21257,59677
24734,21258,59678
24735,21259,59679
24736,21260,59682
24737,21261,59683
24738,21262,59685
24739,21263,59688
24740,21264,59689
24741,21265,59690
24742,21266,59693
24743,21267,59696
24744,21268,59697
24745,21269,59698
24746,21270,59705
24747,21271,59706
24748,21272,59714
24749,21273,59721
24750,21274,59722
24751,21275,59723
24752,21276,59729
24753,21277,59730
24754,21278,59732
24755,21279,59734
24756,21280,59742
24757,21281,59741
24758,21282,59745
24759,21283,59749
24760,21284,59748
24761,21285,59756
24762,21285,59755
24763,21286,59755
24764,21287,59760
24765,21288,59758
24766,21289,59766
24767,21290,59767
24768,21291,59771
24769,21292,59773
24770,21292,59775
24771,21293,59775
24772,21294,59779
24773,21295,59781
24774,21296,59791
24775,21297,59794
24776,21298,59800
24777,21299,59806
24778,21300,59809
24779,21301,59814
24780,21302,59816
24781,21303,59818
24782,21304,59820
24783,21305,59823
24784,21305,59825
24785,21306,59824
24786,21307,59826
24787,21308,59829
24788,21309,59827
24789,21310,59830
24790,21311,59833
24791,21311,59831
24792,21312,59832
24793,21313,59834
24794,21314,59835
24795,21314,59834
24796,21315,59837
24797,21316,59838
24798,21317,59849
24799,21317,59847
24800,21318,59859
24801,21319,59858
24802,21320,59862
24803,21321,59865
24804,21322,59863
24805,21323,59868
24806,21323,59866
24807,21324,59873
24808,21325,59878
24809,21326,59885
24810,21327,59889
24811,21328,59895
24812,21329,59894
24813,21329,59895
24814,21330,59900
24815,21331,59904
24816,21331,59905
24817,21332,59910
24818,21332,59909
24819,21333,59916
24820,21334,59918
24821,21335,59920
24822,21336,59922
24823,21337,59921
24824,21337,59922
24825,21338,59926
24826,21339,59927
24827,21340,59928
24828,21341,59934
24829,21342,59937
24830,21342,59939
24831,21343,59938
24832,21344,59941
24833,21345,59946
24834,21346,59959
24835,21347,59969
24836,21348,59971
24837,21349,59970
24838,21350,59980
24839,21351,59983
24840,21352,59985
24841,21353,59988
24842,21354,59992
24843,21355,59995
24844,21356,59996
24845,21357,59997
24846,21358,59999
24847,21359,60001
24848,21360,60003
24849,21361,60006
24850,21362,60010
24851,21362,60012
24852,21363,60013
24853,21364,60014
24854,21365,60015
24855,21366,60018
24856,21367,60022
24857,21368,60020
24858,21369,60023
24859,21370,60024
24860,21371,60026
24861,21372,60027
24862,21373,60032
24863,21374,60033
24864,21375,60034
24865,21376,60036
24866,21376,60035
24867,21377,60035
24868,21378,60040
24869,21379,60039
24870,21379,60040
24871,21380,60043
24872,21381,60047
24873,21381,60046
24874,21382,60053
24875,21382,60051
24876,21383,60055
24877,21384,60056
24878,21385,60058
24879,21386,60061
24880,21387,60065
24881,21388,60064
24882,21389,60073
24883,21390,60078
24884,21391,60076
24885,21392,60080
24886,21393,60082
24887,21394,60083
24888,21395,60090
24889,21396,60091
24890,21397,60092
24891,21398,60094
24892,21399,60095
24893,21399,60093
24894,21400,60101
24895,21401,60102
24896,21402,60107
24897,21403,60110
24898,21404,60109
24899,21405,60111
24900,21406,60116
24901,21407,60115
24902,21408,60122
24903,21409,60124
24904,21410,60130
24905,21411,60134
24906,21412,60136
24907,21413,60143
24908,21413,60142
24909,21414,60152
24910,21415,60151
24911,21416,60153
24912,21416,60154
24913,21417,60156
24914,21418,60160
24915,21419,60159
24916,21420,60165
24917,21420,60164
24918,21421,60164
24919,21421,60165
24920,21422,60166
24921,21423,60174
24922,21423,60172
24923,21424,60171
24924,21425,60175
24925,21426,60179
24926,21427,60183
24927,21428,60185
24928,21429,60186
24929,21430,60190
24930,21430,60189
24931,21431,60191
24932,21432,60194
24933,21433,60201
24934,21434,60199
24935,21435,60209
24936,21436,60210
24937,21437,60213
24938,21438,60220
24939,21439,60222
24940,21440,60228
24941,21440,60227
24942,21441,60227
24943,21442,60232
24944,21443,60235
24945,21444,60240
24946,21445,60241
24947,21446,60242
24948,21447,60254
24949,21448,60255
24950,21449,60257
24951,21450,60263
24952,21451,60262
24953,21452,60266
24954,21453,60267
24955,21454,60272
24956,21454,60274
24957,21455,60277
24958,21456,60276
24959,21457,60280
24960,21458,60279
24961,21459,60282
24962,21460,60286
24963,21461,60287
24964,21462,60288
24965,21463,60293
24966,21464,60300
24967,21465,60299
24968,21466,60302
24969,21467,60311
24970,21468,60314
24971,21469,60315
24972,21470,60316
24973,21470,60317
24974,21471,60321
24975,21472,60324
24976,21473,60322
24977,21474,60326
24978,21475,60329
24979,21475,60330
24980,21476,60330
24981,21476,60329
24982,21477,60332
24983,21478,60337
24984,21479,60339
24985,21480,60343
24986,21481,60344
24987,21482,60355
24988,21483,60357
24989,21484,60363
24990,21485,60362
24991,21486,60367
24992,21487,60368
24993,21488,60370
24994,21488,60371
24995,21489,60372
24996,21489,60373
24997,21490,60376
24998,21491,60377
24999,21492,60378
25000,21493,60380
25001,21494,60381
25002,21495,60382
25003,21495,60381
25004,21496,60383
25005,21496,60384
25006,21497,60389
25007,21498,60391
25008,21498,60394
25009,21499,60398
25010,21499,60396
25011,21500,60401
25012,21501,60404
25013,21502,60405
25014,21503,60410
25015,21504,60412
25016,21504,60413
25017,21505,60414
25018,21506,60415
25019,21507,60419
25020,21507,60420
25021,21508,60427
25022,21508,60426
25023,21509,60426
25024,21510,60429
25025,21511,60431
25026,21512,60430
25027,21512,60432
25028,21513,60433
25029,21514,60438
25030,21515,60440
25031,21516,60441
25032,21517,60444
25033,21518,60442
25034,21518,60443
25035,21519,60452
25036,21520,60459
25037,21521,60457
25038,21522,60467
25039,21523,60469
25040,21524,60471
25041,21524,60470
25042,21525,60470
25043,21525,60471
25044,21526,60473
25045,21526,60474
25046,21527,60474
25047,21528,60478
25048,21529,60477
25049,21530,60484
25050,21531,60489
25051,21532,60488
25052,21533,60492
25053,21534,60496
25054,21535,60507
25055,21536,60511
25056,21537,60522
25057,21538,60525
25058,21538,60526
25059,21539,60526
25060,21540,60529
25061,21541,60533
25062,21541,60531
25063,21542,60532
25064,21543,60536
25065,21543,60535
25066,21544,60534
25067,21544,60535
25068,21545,60540
25069,21546,60546
25070,21547,60545
25071,21548,60547
25072,21549,60552
25073,21550,60551
25074,21551,60556
25075,21552,60554
25076,21553,60557
25077,21554,60562
25078,21555,60565
25079,21556,60566
25080,21557,60569
25081,21558,60571
25082,21559,60576
25083,21559,60574
25084,21560,60578
25085,21560,60577
25086,21561,60577
25087,21562,60587
25088,21563,60588
25089,21564,60589
25090,21565,60590
25091,21565,60589
25092,21566,60592
25093,21567,60594
25094,21568,60597
25095,21569,60601
25096,21570,60598
25097,21571,60604
25098,21572,60606
25099,21573,60607
25100,21574,60610
25101,21575,60611
25102,21576,60614
25103,21577,60612
25104,21578,60616
25105,21579,60620
25106,21579,60617
25107,21580,60621
25108,21581,60623
25109,21582,60624
25110,21583,60625
25111,21584,60627
25112,21585,60637
25113,21586,60635
25114,21587,60639
25115,21588,60643
25116,21588,60641
25117,21589,60645
25118,21589,60646
25119,21590,60649
25120,21591,60648
25121,21592,60651
25122,21592,60650
25123,21593,60650
25124,21594,60652
25125,21595,60653
25126,21596,60659
25127,21597,60662
25128,21597,60661
25129,21598,60666
25130,21599,60669
25131,21600,60674
25132,21601,60682
25133,21602,60680
25134,21603,60694
25135,21604,60700
25136,21605,60702
25137,21606,60704
25138,21607,60708
25139,21608,60709
25140,21609,60710
25141,21610,60715
25142,21611,60717
25143,21612,60721
25144,21613,60722
25145,21614,60725
25146,21615,60729
25147,21615,60730
25148,21616,60730
25149,21617,60743
25150,21618,60746
25151,21619,60749
25152,21620,60750
25153,21621,60751
25154,21622,60759
25155,21622,60758
25156,21623,60762
25157,21624,60763
25158,21625,60771
25159,21626,60772
25160,21627,60773
25161,21627,60774
25162,21628,60774
25163,21629,60776
25164,21630,60778
25165,21631,60780
25166,21632,60782
25167,21632,60780
25168,21633,60783
25169,21634,60789
25170,21635,60788
25171,21636,60792
25172,21637,60791
25173,21638,60794
25174,21639,60798
25175,21640,60803
25176,21641,60802
25177,21641,60801
25178,21642,60804
25179,21643,60805
25180,21643,60804
25181,21644,60806
25182,21645,60807
25183,21645,60808
25184,21646,60811
25185,21647,60820
25186,21648,60825
25187,21649,60832
25188,21650,60830
25189,21651,60839
25190,21652,60844
25191,21653,60846
25192,21654,60853
25193,21654,60854
25194,21655,60855
25195,21656,60858
25196,21657,60859
25197,21658,60861
25198,21659,60870
25199,21660,60868
25200,21661,60872
25201,21662,60871
25202,21663,60873
25203,21664,60874
25204,21665,60876
25205,21666,60875
25206,21667,60878
25207,21668,60877
25208,21669,60884
25209,21670,60887
25210,21671,60888
25211,21672,60894
25212,21673,60893
25213,21674,60900
25214,21675,60901
25215,21676,60908
25216,21676,60907
25217,21677,60909
25218,21678,60910
25219,21679,60912
25220,21680,60913
25221,21681,60914
25222,21682,60918
25223,21683,60916
25224,21684,60921
25225,21685,60923
25226,21686,60924
25227,21687,60936
25228,21688,60937
25229,21688,60939
25230,21689,60942
25231,21690,60941
25232,21691,60943
25233,21692,60945
25234,21693,60946
25235,21694,60960
25236,21695,60964
25237,21695,60963
25238,21696,60965
25239,21697,60967
25240,21698,60970
25241,21699,60973
25242,21700,60979
25243,21700,60980
25244,21701,60981
25245,21702,60987
25246,21703,60988
25247,21704,60990
25248,21705,60996
25249,21705,60998
25250,21706,60997
25251,21707,60999
25252,21707,61000
25253,21708,61000
25254,21709,61003
25255,21710,61006
25256,21710,61007
25257,21711,61007
25258,21711,61006
25259,21712,61008
25260,21713,61017
25261,21714,61016
25262,21714,61015
25263,21715,61021
25264,21716,61023
25265,21717,61024
25266,21717,61025
25267,21718,61025
25268,21719,61030
25269,21720,61031
25270,21721,61032
25271,21721,61033
25272,21722,61034
25273,21723,61035
25274,21724,61038
25275,21724,61037
25276,21725,61040
25277,21726,61041
25278,21727,61044
25279,21728,61049
25280,21729,61046
25281,21730,61050
25282,21731,61051
25283,21731,61050
25284,21732,61054
25285,21732,61053
25286,21733,61060
25287,21734,61062
25288,21735,61061
25289,21735,61062
25290,21736,61065
25291,21737,61066
25292,21738,61068
25293,21739,61067
25294,21739,61068
25295,21740,61069
25296,21740,61070
25297,21741,61070
25298,21742,61075
25299,21743,61074
25300,21744,61080
25301,21745,61082
25302,21745,61083
25303,21746,61092
25304,21747,61094
25305,21748,61098
25306,21749,61105
25307,21750,61107
25308,21751,61114
25309,21752,61120
25310,21753,61124
25311,21754,61128
25312,21755,61133
25313,21756,61135
25314,21757,61134
25315,21758,61139
25316,21758,61141
25317,21759,61147
25318,21760,61149
25319,21761,61155
25320,21762,61156
25321,21763,61159
25322,21764,61157
25323,21765,61160
25324,21766,61161
25325,21767,61163
25326,21768,61165
25327,21768,61164
25328,21769,61168
25329,21770,61172
25330,21771,61175
25331,21772,61174
25332,21773,61178
25333,21774,61183
25334,21774,61181
25335,21775,61189
25336,21776,61190
25337,21777,61191
25338,21778,61195
25339,21779,61199
25340,21780,61201
25341,21781,61202
25342,21782,61203
25343,21783,61207
25344,21784,61208
25345,21785,61214
25346,21786,61219
25347,21787,61220
25348,21788,61223
25349,21789,61224
25350,21790,61234
25351,21791,61235
25352,21792,61237
25353,21793,61239
25354,21794,61240
25355,21795,61241
25356,21795,61240
25357,21796,61242
25358,21797,61246
25359,21798,61247
25360,21798,61246
25361,21799,61251
25362,21799,61250
25363,21800,61250
25364,21801,61253
25365,21802,61252
25366,21802,61253
25367,21803,61257
25368,21804,61266
25369,21805,61265
25370,21805,61264
25371,21806,61268
25372,21807,61267
25373,21808,61277
25374,21809,61280
25375,21810,61285
25376,21811,61286
25377,21812,61288
25378,21812,61287
25379,21813,61287
25380,21814,61292
25381,21814,61290
25382,21815,61294
25383,21815,61295
25384,21816,61297
25385,21817,61301
25386,21818,61299
25387,21819,61304
25388,21820,61303
25389,21821,61308
25390,21822,61307
25391,21822,61308
25392,21823,61315
25393,21824,61333
25394,21825,61335
25395,21826,61336
25396,21827,61337
25397,21828,61338
25398,21829,61342
25399,21830,61343
25400,21831,61344
25401,21832,61345
25402,21833,61346
25403,21834,61348
25404,21835,61356
25405,21836,61357
25406,21837,61369
25407,21838,61371
25408,21839,61372
25409,21840,61374
25410,21840,61373
25411,21841,61375
25412,21841,61376
25413,21842,61376
25414,21843,61377
25415,21844,61380
25416,21845,61388
25417,21846,61389
25418,21847,61394
25419,21848,61397
25420,21849,61399
25421,21850,61407
25422,21851,61408
25423,21852,61411
25424,21853,61413
25425,21854,61416
25426,21855,61418
25427,21856,61419
25428,21857,61420
25429,21858,61421
25430,21859,61428
25431,21860,61433
25432,21861,61434
25433,21862,61441
25434,21863,61440
25435,21863,61439
25436,21864,61442
25437,21865,61445
25438,21865,61443
25439,21866,61443
25440,21867,61447
25441,21867,61448
25442,21868,61449
25443,21869,61458
25444,21870,61457
25445,21871,61462
25446,21872,61461
25447,21872,61463
25448,21873,61465
25449,21874,61472
25450,21875,61478
25451,21876,61483
25452,21876,61482
25453,21877,61481
25454,21878,61485
25455,21879,61488
25456,21880,61489
25457,21881,61493
25458,21882,61490
25459,21883,61494
25460,21884,61499
25461,21885,61500
25462,21886,61506
25463,21887,61507
25464,21888,61509
25465,21889,61513
25466,21890,61514
25467,21890,61515
25468,21891,61515
25469,21892,61518
25470,21893,61516
25471,21894,61523
25472,21894,61526
25473,21895,61527
25474,21896,61529
25475,21897,61532
25476,21897,61533
25477,21898,61531
25478,21899,61534
25479,21900,61537
25480,21900,61535
25481,21901,61538
25482,21901,61539
25483,21902,61539
25484,21903,61542
25485,21904,61541
25486,21905,61544
25487,21906,61545
25488,21907,61547
25489,21908,61548
25490,21909,61551
25491,21910,61553
25492,21911,61556
25493,21912,61559
25494,21913,61561
25495,21913,61559
25496,21914,61562
25497,21915,61565
25498,21915,61566
25499,21916,61571
25500,21917,61572
25501,21918,61577
25502,21918,61576
25503,21919,61576
25504,21920,61586
25505,21921,61584
25506,21922,61587
25507,21923,61588
25508,21924,61591
25509,21924,61593
25510,21925,61596
25511,21926,61594
25512,21927,61597
25513,21928,61600
25514,21929,61604
25515,21930,61603
25516,21931,61612
25517,21932,61620
25518,21933,61622
25519,21934,61624
25520,21935,61629
25521,21935,61631
25522,21936,61634
25523,21937,61635
25524,21938,61636
25525,21939,61637
25526,21940,61642
25527,21941,61644
25528,21942,61646
25529,21943,61647
25530,21944,61648
25531,21945,61651
25532,21946,61653
25533,21946,61655
25534,21947,61657
25535,21948,61660
25536,21949,61659
25537,21950,61665
25538,21950,61664
25539,21951,61663
25540,21952,61675
25541,21953,61679
25542,21953,61678
25543,21954,61686
25544,21955,61687
25545,21956,61696
25546,21956,61694
25547,21957,61694
25548,21958,61701
25549,21959,61704
25550,21960,61705
25551,21961,61707
25552,21962,61709
25553,21963,61710
25554,21964,61713
25555,21965,61714
25556,21966,61715
25557,21967,61716
25558,21968,61718
25559,21969,61719
25560,21970,61724
25561,21970,61722
25562,21971,61722
25563,21971,61723
25564,21972,61726
25565,21972,61725
25566,21973,61729
25567,21974,61730
25568,21975,61732
25569,21976,61734
25570,21977,61743
25571,21978,61747
25572,21979,61751
25573,21980,61753
25574,21981,61758
25575,21982,61763
25576,21983,61773
25577,21984,61779
25578,21984,61777
25579,21985,61777
25580,21986,61782
25581,21987,61793
25582,21988,61797
25583,21988,61796
25584,21989,61799
25585,21990,61802
25586,21991,61811
25587,21992,61814
25588,21993,61813
25589,21994,61821
25590,21995,61820
25591,21996,61825
25592,21997,61824
25593,21997,61825
25594,21998,61827
25595,21998,61830
25596,21999,61833
25597,22000,61835
25598,22001,61840
25599,22002,61841
25600,22003,61844
25601,22003,61842
25602,22004,61842
25603,22005,61851
25604,22006,61852
25605,22007,61854
25606,22008,61856
25607,22009,61861
25608,22010,61863
25609,22010,61861
25610,22011,61864
25611,22012,61865
25612,22013,61867
25613,22014,61873
25614,22015,61886
25615,22015,61885
25616,22016,61884
25617,22017,61889
25618,22018,61888
25619,22019,61890
25620,22020,61892
25621,22021,61916
25622,22022,61919
25623,22023,61920
25624,22024,61929
25625,22025,61932
25626,22026,61935
25627,22027,61934
25628,22027,61935
25629,22028,61939
25630,22029,61942
25631,22030,61944
25632,22031,61946
25633,22032,61949
25634,22033,61952
25635,22033,61951
25636,22034,61950
25637,22035,61960
25638,22036,61959
25639,22037,61964
25640,22038,61966
25641,22039,61967
25642,22039,61966
25643,22040,61969
25644,22041,61970
25645,22042,61973
25646,22043,61974
25647,22044,61977
25648,22045,61980
25649,22046,61981
25650,22047,61984
25651,22048,61983
25652,22049,61986
25653,22049,61985
25654,22050,61987
25655,22051,61988
25656,22052,61994
25657,22052,61992
25658,22053,61995
25659,22053,61994
25660,22054,62005
25661,22055,62014
25662,22055,62013
25663,22056,62018
25664,22057,62017
25665,22058,62020
25666,22059,62021
25667,22060,62025
25668,22061,62027
25669,22061,62026
25670,22062,62032
25671,22063,62033
25672,22064,62035
25673,22065,62037
25674,22066,62050
25675,22067,62049
25676,22068,62052
25677,22069,62056
25678,22070,62057
25679,22071,62060
25680,22072,62062
25681,22072,62060
25682,22073,62066
25683,22074,62064
25684,22075,62067
25685,22076,62076
25686,22077,62081
25687,22077,62080
25688,22078,62079
25689,22078,62081
25690,22079,62082
25691,22080,62085
25692,22080,62083
25693,22081,62086
25694,22082,62087
25695,22083,62088
25696,22083,62087
25697,22084,62090
25698,22084,62089
25699,22085,62093
25700,22086,62102
25701,22087,62110
25702,22088,62108
25703,22089,62111
25704,22090,62116
25705,22091,62122
25706,22092,62123
25707,22093,62129
25708,22094,62130
25709,22095,62137
25710,22096,62136
25711,22097,62139
25712,22098,62145
25713,22099,62146
25714,22099,62145
25715,22100,62149
25716,22101,62154
25717,22102,62162
25718,22103,62163
25719,22104,62171
25720,22104,62169
25721,22105,62174
25722,22106,62175
25723,22107,62181
25724,22108,62182
25725,22109,62185
25726,22110,62186
25727,22111,62190
25728,22112,62189
25729,22113,62200
25730,22114,62203
25731,22115,62208
25732,22116,62212
25733,22117,62213
25734,22118,62218
25735,22119,62222
25736,22119,62221
25737,22120,62224
25738,22121,62225
25739,22122,62230
25740,22123,62236
25741,22124,62243
25742,22124,62244
25743,22125,62246
25744,22126,62248
25745,22126,62249
25746,22127,62247
25747,22128,62252
25748,22129,62256
25749,22130,62260
25750,22131,62262
25751,22132,62263
25752,22132,62264
25753,22133,62264
25754,22134,62277
25755,22135,62288
25756,22135,62287
25757,22136,62291
25758,22137,62290
25759,22138,62295
25760,22139,62294
25761,22140,62301
25762,22141,62300
25763,22142,62307
25764,22143,62317
25765,22143,62318
25766,22144,62323
25767,22145,62322
25768,22146,62325
25769,22147,62329
25770,22148,62333
25771,22148,62332
25772,22149,62332
25773,22150,62334
25774,22151,62335
25775,22152,62340
25776,22153,62342
25777,22154,62343
25778,22155,62348
25779,22156,62349
25780,22157,62353
25781,22158,62355
25782,22159,62357
25783,22160,62359
25784,22160,62360
25785,22161,62358
25786,22162,62362
25787,22163,62364
25788,22164,62367
25789,22165,62368
25790,22166,62369
25791,22167,62374
25792,22168,62375
25793,22169,62395
25794,22170,62394
25795,22171,62399
25796,22172,62398
25797,22173,62401
25798,22174,62406
25799,22175,62407
25800,22176,62410
25801,22177,62416
25802,22178,62421
25803,22179,62423
25804,22180,62429
25805,22181,62434
25806,22182,62435
25807,22183,62438
25808,22184,62443
25809,22185,62446
25810,22186,62447
25811,22187,62448
25812,22188,62456
25813,22189,62462
25814,22190,62461
25815,22191,62464
25816,22192,62466
25817,22192,62467
25818,22193,62467
25819,22194,62473
25820,22194,62472
25821,22195,62471
25822,22195,62474
25823,22196,62475
25824,22197,62478
25825,22198,62482
25826,22199,62480
25827,22200,62484
25828,22201,62483
25829,22202,62488
25830,22203,62492
25831,22204,62493
25832,22205,62503
25833,22206,62506
25834,22207,62507
25835,22208,62510
25836,22209,62514
25837,22210,62515
25838,22211,62516
25839,22211,62517
25840,22212,62518
25841,22213,62521
25842,22214,62522
25843,22214,62521
25844,22215,62524
25845,22215,62525
25846,22216,62527
25847,22217,62530
25848,22217,62528
25849,22218,62535
25850,22219,62536
25851,22220,62540
25852,22221,62541
25853,22222,62542
25854,22223,62543
25855,22224,62545
25856,22224,62544
25857,22225,62548
25858,22226,62549
25859,22227,62558
25860,22228,62557
25861,22229,62559
25862,22230,62567
25863,22231,62575
25864,22232,62576
25865,22233,62579
25866,22234,62581
25867,22234,62582
25868,22235,62580
25869,22236,62587
25870,22237,62588
25871,22238,62589
25872,22239,62590
25873,22240,62592
25874,22241,62593
25875,22241,62594
25876,22242,62596
25877,22243,62607
25878,22244,62609
25879,22245,62610
25880,22245,62609
25881,22246,62611
25882,22247,62615
25883,22248,62617
25884,22249,62622
25885,22249,62621
25886,22250,62621
25887,22251,62623
25888,22252,62624
25889,22253,62629
25890,22254,62631
25891,22254,62629
25892,22255,62632
25893,22256,62633
25894,22257,62637
25895,22258,62636
25896,22259,62638
25897,22260,62639
25898,22261,62640
25899,22262,62642
25900,22263,62653
25901,22264,62658
25902,22265,62659
25903,22266,62662
25904,22267,62661
25905,22268,62663
25906,22269,62666
25907,22270,62667
25908,22271,62668
25909,22272,62670
25910,22273,62681
25911,22274,62687
25912,22275,62690
25913,22276,62692
25914,22276,62693
25915,22277,62694
25916,22278,62696
25917,22279,62701
25918,22280,62705
25919,22281,62711
25920,22282,62712
25921,22282,62710
25922,22283,62716
25923,22283,62714
25924,22284,62713
25925,22285,62717
25926,22286,62719
25927,22287,62722
25928,22288,62720
25929,22289,62723
25930,22290,62725
25931,22291,62726
25932,22292,62727
25933,22292,62726
25934,22293,62731
25935,22294,62735
25936,22295,62736
25937,22296,62743
25938,22297,62745
25939,22298,62749
25940,22299,62747
25941,22300,62750
25942,22301,62754
25943,22302,62756
25944,22303,62760
25945,22304,62762
25946,22305,62772
25947,22306,62774
25948,22307,62775
25949,22308,62779
25950,22309,62780
25951,22310,62783
25952,22310,62784
25953,22311,62782
25954,22312,62786
25955,22313,62789
25956,22314,62787
25957,22314,62788
25958,22315,62794
25959,22316,62795
25960,22317,62796
25961,22317,62798
25962,22318,62801
25963,22319,62804
25964,22319,62805
25965,22320,62811
25966,22321,62814
25967,22322,62815
25968,22323,62816
25969,22324,62827
25970,22325,62830
25971,22326,62834
25972,22326,62832
25973,22327,62838
25974,22327,62839
25975,22328,62837
25976,22329,62852
25977,22330,62850
25978,22331,62854
25979,22332,62858
25980,22333,62859
25981,22334,62864
25982,22335,62862
25983,22336,62869
25984,22337,62874
25985,22338,62877
25986,22339,62878
25987,22339,62880
25988,22340,62880
25989,22341,62882
25990,22342,62884
25991,22343,62886
25992,22343,62889
25993,22344,62892
25994,22345,62891
25995,22345,62890
25996,22346,62896
25997,22347,62897
25998,22348,62898
25999,22349,62899
26000,22350,62902
26001,22351,62904
26002,22352,62906
26003,22353,62907
26004,22354,62909
26005,22355,62910
26006,22356,62911
26007,22357,62913
26008,22357,62914
26009,22358,62912
26010,22359,62915
26011,22360,62918
26012,22361,62920
26013,22362,62919
26014,22362,62921
26015,22363,62923
26016,22364,62922
26017,22365,62925
26018,22366,62934
26019,22366,62933
26020,22367,62937
26021,22368,62936
26022,22369,62940
26023,22369,62941
26024,22370,62944
26025,22371,62950
26026,22372,62955
26027,22373,62969
26028,22374,62971
26029,22375,62973
26030,22376,62979
26031,22377,62980
26032,22378,62982
26033,22378,62983
26034,22379,62989
26035,22380,62992
26036,22380,62993
26037,22381,62994
26038,22382,62998
26039,22383,62999
26040,22384,63007
26041,22385,63008
26042,22386,63010
26043,22387,63011
26044,22388,63012
26045,22389,63016
26046,22390,63029
26047,22390,63028
26048,22391,63038
26049,22392,63047
26050,22393,63048
26051,22394,63050
26052,22395,63049
26053,22396,63051
26054,22397,63052
26055,22398,63056
26056,22399,63066
26057,22400,63069
26058,22401,63077
26059,22402,63079
26060,22403,63080
26061,22403,63081
26062,22404,63085
26063,22404,63086
26064,22405,63091
26065,22406,63090
26066,22407,63094
26067,22408,63093
26068,22409,63095
26069,22410,63097
26070,22411,63099
26071,22412,63100
26072,22413,63104
26073,22413,63103
26074,22414,63110
26075,22415,63109
26076,22416,63115
26077,22417,63116
26078,22418,63124
26079,22418,63125
26080,22419,63125
26081,22420,63130
26082,22421,63133
26083,22422,63132
26084,22422,63133
26085,22423,63134
26086,22424,63137
26087,22425,63135
26088,22426,63139
26089,22427,63141
26090,22428,63143
26091,22429,63146
26092,22430,63148
26093,22431,63154
26094,22432,63158
26095,22433,63164
26096,22434,63165
26097,22434,63164
26098,22435,63173
26099,22436,63174
26100,22437,63175
26101,22438,63176
26102,22439,63177
26103,22439,63178
26104,22440,63179
26105,22441,63186
26106,22441,63188
26107,22442,63192
26108,22443,63200
26109,22444,63203
26110,22445,63205
26111,22446,63213
26112,22446,63216
26113,22447,63216
26114,22448,63217
26115,22449,63218
26116,22450,63223
26117,22450,63224
26118,22451,63224
26119,22452,63225
26120,22453,63226
26121,22453,63225
26122,22454,63229
26123,22454,63228
26124,22455,63228
26125,22456,63230
26126,22457,63235
26127,22458,63236
26128,22459,63238
26129,22460,63242
26130,22460,63241
26131,22461,63240
26132,22462,63243
26133,22463,63248
26134,22463,63247
26135,22464,63247
26136,22465,63261
26137,22466,63262
26138,22467,63263
26139,22468,63271
26140,22468,63272
26141,22469,63276
26142,22470,63278
26143,22470,63279
26144,22471,63279
26145,22472,63286
26146,22472,63287
26147,22473,63292
26148,22474,63295
26149,22475,63297
26150,22476,63301
26151,22477,63298
26152,22477,63301
26153,22478,63302
26154,22479,63303
26155,22480,63307
26156,22481,63310
26157,22482,63321
26158,22483,63322
26159,22484,63324
26160,22485,63326
26161,22486,63330
26162,22487,63333
26163,22488,63342
26164,22489,63341
26165,22490,63349
26166,22491,63350
26167,22492,63352
26168,22493,63351
26169,22494,63354
26170,22495,63362
26171,22496,63366
26172,22497,63372
26173,22498,63373
26174,22499,63374
26175,22500,63387
26176,22501,63391
26177,22502,63390
26178,22503,63396
26179,22504,63394
26180,22505,63400
26181,22506,63403
26182,22507,63407
26183,22508,63408
26184,22509,63409
26185,22509,63411
26186,22510,63414
26187,22511,63416
26188,22512,63417
26189,22513,63420
26190,22514,63423
26191,22515,63427
26192,22516,63432
26193,22516,63431
26194,22517,63431
26195,22518,63433
26196,22518,63435
26197,22519,63434
26198,22520,63436
26199,22521,63440
26200,22522,63439
26201,22523,63443
26202,22524,63441
26203,22525,63449
26204,22526,63448
26205,22527,63453
26206,22528,63456
26207,22529,63464
26208,22529,63463
26209,22530,63465
26210,22531,63466
26211,22532,63470
26212,22532,63469
26213,22533,63472
26214,22534,63471
26215,22535,63473
26216,22535,63474
26217,22536,63474
26218,22537,63479
26219,22538,63477
26220,22539,63482
26221,22540,63484
26222,22540,63483
26223,22541,63488
26224,22542,63489
26225,22543,63490
26226,22544,63491
26227,22545,63494
26228,22545,63493
26229,22546,63492
26230,22547,63496
26231,22547,63497
26232,22548,63497
26233,22549,63499
26234,22549,63498
26235,22550,63498
26236,22551,63500
26237,22552,63501
26238,22553,63505
26239,22554,63506
26240,22555,63509
26241,22556,63512
26242,22556,63511
26243,22557,63513
26244,22558,63518
26245,22559,63519
26246,22560,63525
26247,22561,63528
26248,22562,63530
26249,22563,63532
26250,22564,63545
26251,22565,63548
26252,22566,63551
26253,22567,63555
26254,22568,63561
26255,22569,63565
26256,22570,63571
26257,22571,63574
26258,22572,63581
26259,22573,63579
26260,22574,63586
26261,22575,63590
26262,22576,63596
26263,22577,63597
26264,22578,63610
26265,22579,63613
26266,22580,63611
26267,22581,63620
26268,22582,63621
26269,22583,63624
26270,22584,63623
26271,22585,63628
26272,22586,63629
26273,22586,63630
26274,22587,63637
26275,22588,63639
26276,22589,63643
26277,22590,63642
26278,22591,63644
26279,22592,63648
26280,22593,63647
26281,22594,63652
26282,22595,63653
26283,22596,63656
26284,22597,63657
26285,22598,63661
26286,22599,63659
26287,22600,63665
26288,22601,63662
26289,22602,63666
26290,22603,63670
26291,22604,63671
26292,22605,63678
26293,22606,63676
26294,22607,63680
26295,22608,63681
26296,22609,63682
26297,22610,63689
26298,22611,63688
26299,22612,63696
26300,22613,63699
26301,22614,63704
26302,22615,63701
26303,22615,63704
26304,22616,63706
26305,22617,63705
26306,22617,63706
26307,22618,63708
26308,22619,63707
26309,22620,63709
26310,22621,63711
26311,22622,63716
26312,22622,63717
26313,22623,63722
26314,22624,63728
26315,22625,63730
26316,22626,63732
26317,22627,63733
26318,22627,63732
26319,22628,63734
26320,22629,63735
26321,22629,63734
26322,22630,63739
26323,22631,63745
26324,22632,63748
26325,22633,63755
26326,22634,63753
26327,22635,63757
26328,22636,63756
26329,22637,63758
26330,22638,63768
26331,22638,63767
26332,22639,63767
26333,22640,63771
26334,22640,63770
26335,22641,63773
26336,22642,63774
26337,22642,63773
26338,22643,63776
26339,22644,63777
26340,22644,63775
26341,22645,63784
26342,22646,63781
26343,22647,63785
26344,22648,63791
26345,22649,63792
26346,22650,63793
26347,22650,63792
26348,22651,63796
26349,22652,63798
26350,22653,63799
26351,22654,63802
26352,22655,63800
26353,22655,63801
26354,22656,63803
26355,22657,63804
26356,22658,63808
26357,22659,63807
26358,22660,63810
26359,22661,63813
26360,22662,63814
26361,22662,63815
26362,22663,63816
26363,22664,63817
26364,22664,63818
26365,22665,63819
26366,22666,63820
26367,22666,63821
26368,22667,63828
26369,22668,63830
26370,22669,63837
26371,22670,63844
26372,22670,63845
26373,22671,63843
26374,22671,63844
26375,22672,63851
26376,22673,63849
26377,22673,63852
26378,22674,63853
26379,22675,63856
26380,22676,63854
26381,22677,63859
26382,22678,63860
26383,22679,63861
26384,22680,63869
26385,22681,63872
26386,22682,63870
26387,22683,63873
26388,22684,63875
26389,22685,63878
26390,22686,63882
26391,22687,63883
26392,22688,63889
26393,22689,63888
26394,22690,63890
26395,22691,63892
26396,22692,63900
26397,22692,63901
26398,22693,63903
26399,22694,63906
26400,22695,63905
26401,22695,63906
26402,22696,63911
26403,22697,63916
26404,22697,63914
26405,22698,63923
26406,22699,63926
26407,22700,63932
26408,22701,63931
26409,22702,63934
26410,22703,63942
26411,22704,63941
26412,22705,63944
26413,22706,63945
26414,22707,63946
26415,22708,63956
26416,22709,63959
26417,22710,63961
26418,22711,63964
26419,22712,63965
26420,22713,63966
26421,22713,63968
26422,22714,63974
26423,22715,63976
26424,22716,63978
26425,22717,63985
26426,22718,63991
26427,22719,63995
26428,22720,63997
26429,22720,63999
26430,22721,63998
26431,22722,64001
26432,22723,64002
26433,22724,64008
26434,22725,64010
26435,22726,64017
26436,22727,64015
26437,22728,64020
26438,22728,64019
26439,22729,64022
26440,22730,64021
26441,22731,64026
26442,22732,64030
26443,22733,64032
26444,22734,64037
26445,22735,64041
26446,22736,64040
26447,22736,64041
26448,22737,64049
26449,22738,64050
26450,22739,64051
26451,22739,64052
26452,22740,64053
26453,22741,64058
26454,22742,64056
26455,22743,64065
26456,22743,64064
26457,22744,64066
26458,22745,64070
26459,22745,64071
26460,22746,64074
26461,22747,64075
26462,22748,64077
26463,22749,64084
26464,22750,64085
26465,22751,64086
26466,22752,64087
26467,22752,64088
26468,22753,64088
26469,22754,64094
26470,22755,64101
26471,22756,64104
26472,22757,64105
26473,22757,64106
26474,22758,64108
26475,22759,64107
26476,22760,64109
26477,22760,64110
26478,22761,64110
26479,22761,64109
26480,22762,64115
26481,22763,64116
26482,22763,64118
26483,22764,64123
26484,22765,64125
26485,22766,64127
26486,22766,64126
26487,22767,64126
26488,22768,64128
26489,22768,64129
26490,22769,64130
26491,22770,64131
26492,22771,64135
26493,22772,64136
26494,22773,64140
26495,22774,64144
26496,22775,64143
26497,22776,64146
26498,22777,64148
26499,22778,64150
26500,22779,64151
26501,22780,64158
26502,22781,64156
26503,22782,64160
26504,22783,64161
26505,22784,64169
26506,22784,64170
26507,22785,64173
26508,22786,64175
26509,22787,64179
26510,22788,64180
26511,22789,64187
26512,22790,64188
26513,22791,64189
26514,22792,64190
26515,22793,64195
26516,22794,64198
26517,22795,64201
26518,22795,64200
26519,22796,64199
26520,22797,64206
26521,22797,64205
26522,22798,64204
26523,22799,64208
26524,22799,64207
26525,22800,64210
26526,22801,64213
26527,22802,64217
26528,22803,64216
26529,22804,64218
26530,22805,64219
26531,22806,64220
26532,22807,64221
26533,22808,64224
26534,22809,64222
26535,22810,64229
26536,22811,64230
26537,22811,64229
26538,22812,64234
26539,22813,64237
26540,22814,64235
26541,22815,64239
26542,22816,64238
26543,22816,64239
26544,22817,64240
26545,22818,64242
26546,22818,64244
26547,22819,64241
26548,22820,64250
26549,22820,64249
26550,22821,64252
26551,22822,64254
26552,22822,64255
26553,22823,64258
26554,22824,64261
26555,22825,64262
26556,22825,64264
26557,22826,64264
26558,22826,64262
26559,22827,64265
26560,22828,64266
26561,22829,64267
26562,22830,64268
26563,22831,64269
26564,22832,64273
26565,22833,64274
26566,22834,64278
26567,22835,64279
26568,22836,64280
26569,22836,64279
26570,22837,64288
26571,22838,64291
26572,22838,64292
26573,22839,64296
26574,22840,64298
26575,22841,64301
26576,22842,64300
26577,22843,64307
26578,22844,64311
26579,22845,64313
26580,22846,64314
26581,22847,64319
26582,22848,64322
26583,22849,64323
26584,22850,64327
26585,22851,64336
26586,22852,64339
26587,22853,64341
26588,22854,64342
26589,22855,64343
26590,22856,64347
26591,22857,64348
26592,22858,64349
26593,22858,64348
26594,22859,64351
26595,22859,64350
26596,22860,64352
26597,22861,64354
26598,22862,64366
26599,22862,64367
26600,22863,64367
26601,22864,64372
26602,22865,64375
26603,22866,64376
26604,22866,64375
26605,22867,64377
26606,22868,64378
26607,22869,64379
26608,22870,64384
26609,22871,64386
26610,22872,64385
26611,22872,64387
26612,22873,64389
26613,22873,64391
26614,22874,64390
26615,22875,64394
26616,22876,64392
26617,22877,64396
26618,22877,64395
26619,22878,64397
26620,22878,64395
26621,22879,64402
26622,22880,64403
26623,22881,64405
26624,22882,64407
26625,22883,64414
26626,22883,64413
26627,22884,64415
26628,22885,64424
26629,22886,64425
26630,22887,64429
26631,22888,64431
26632,22889,64433
26633,22890,64434
26634,22891,64436
26635,22892,64437
26636,22893,64438
26637,22893,64437
26638,22894,64445
26639,22895,64444
26640,22896,64449
26641,22897,64450
26642,22898,64454
26643,22899,64461
26644,22900,64462
26645,22901,64469
26646,22902,64468
26647,22903,64473
26648,22904,64476
26649,22905,64481
26650,22905,64482
26651,22906,64482
26652,22906,64481
26653,22907,64484
26654,22908,64483
26655,22909,64486
26656,22910,64493
26657,22911,64499
26658,22912,64500
26659,22913,64504
26660,22914,64518
26661,22914,64517
26662,22915,64517
26663,22916,64520
26664,22917,64528
26665,22918,64529
26666,22919,64532
26667,22920,64536
26668,22921,64543
26669,22922,64548
26670,22923,64547
26671,22923,64548
26672,22924,64551
26673,22925,64550
26674,22926,64556
26675,22927,64554
26676,22928,64564
26677,22928,64563
26678,22929,64563
26679,22930,64567
26680,22931,64571
26681,22932,64570
26682,22933,64577
26683,22934,64578
26684,22935,64582
26685,22936,64580
26686,22937,64588
26687,22938,64593
26688,22939,64605
26689,22939,64604
26690,22940,64603
26691,22940,64605
26692,22941,64623
26693,22942,64625
26694,22943,64624
26695,22944,64627
26696,22945,64628
26697,22946,64642
26698,22947,64643
26699,22947,64642
26700,22948,64647
26701,22949,64646
26702,22950,64649
26703,22951,64651
26704,22951,64652
26705,22952,64657
26706,22953,64660
26707,22954,64659
26708,22954,64660
26709,22955,64661
26710,22956,64662
26711,22957,64663
26712,22958,64665
26713,22959,64671
26714,22960,64672
26715,22960,64671
26716,22961,64676
26717,22962,64678
26718,22962,64679
26719,22963,64681
26720,22964,64684
26721,22965,64685
26722,22966,64688
26723,22967,64692
26724,22968,64696
26725,22968,64695
26726,22969,64694
26727,22970,64697
26728,22971,64698
26729,22972,64699
26730,22973,64701
26731,22974,64700
26732,22975,64703
26733,22976,64704
26734,22976,64702
26735,22977,64707
26736,22978,64706
26737,22979,64712
26738,22980,64713
26739,22981,64716
26740,22982,64715
26741,22983,64720
26742,22983,64718
26743,22984,64724
26744,22985,64723
26745,22986,64729
26746,22987,64735
26747,22987,64734
26748,22988,64734
26749,22989,64736
26750,22990,64740
26751,22991,64741
26752,22992,64749
26753,22993,64755
26754,22993,64754
26755,22994,64756
26756,22994,64758
26757,22995,64762
26758,22996,64764
26759,22996,64763
26760,22997,64774
26761,22997,64775
26762,22998,64775
26763,22999,64778
26764,23000,64777
26765,23001,64787
26766,23002,64789
26767,23003,64798
26768,23004,64799
26769,23005,64801
26770,23005,64802
26771,23006,64806
26772,23007,64807
26773,23008,64809
26774,23009,64811
26775,23010,64812
26776,23010,64814
26777,23011,64814
26778,23012,64822
26779,23013,64825
26780,23014,64826
26781,23015,64834
26782,23016,64838
26783,23017,64839
26784,23018,64840
26785,23019,64846
26786,23020,64848
26787,23021,64858
26788,23021,64857
26789,23022,64861
26790,23023,64862
26791,23023,64860
26792,23024,64863
26793,23025,64876
26794,23026,64883
26795,23027,64881
26796,23028,64889
26797,23029,64895
26798,23030,64898
26799,23031,64907
26800,23032,64911
26801,23033,64922
26802,23034,64927
26803,23035,64926
26804,23036,64929
26805,23037,64940
26806,23038,64942
26807,23039,64944
26808,23039,64943
26809,23040,64943
26810,23041,64947
26811,23042,64950
26812,23043,64951
26813,23044,64952
26814,23045,64957
26815,23046,64958
26816,23046,64957
26817,23047,64959
26818,23048,64960
26819,23049,64961
26820,23050,64977
26821,23050,64976
26822,23051,64975
26823,23052,64979
26824,23052,64980
26825,23053,64981
26826,23053,64982
26827,23054,64983
26828,23054,64982
26829,23055,64984
26830,23056,64986
26831,23057,64987
26832,23058,64994
26833,23059,64999
26834,23060,65000
26835,23061,65001
26836,23062,65005
26837,23063,65004
26838,23064,65008
26839,23065,65010
26840,23066,65011
26841,23067,65012
26842,23068,65013
26843,23069,65016
26844,23070,65017
26845,23071,65021
26846,23072,65023
26847,23073,65026
26848,23074,65040
26849,23075,65041
26850,23076,65042
26851,23077,65043
26852,23078,65052
26853,23079,65053
26854,23080,65056
26855,23080,65053
26856,23081,65059
26857,23081,65058
26858,23082,65061
26859,23083,65063
26860,23084,65065
26861,23085,65068
26862,23086,65066
26863,23087,65071
26864,23087,65070
26865,23088,65070
26866,23089,65072
26867,23090,65077
26868,23091,65081
26869,23091,65080
26870,23092,65089
26871,23093,65094
26872,23094,65098
26873,23095,65099
26874,23095,65100
26875,23096,65101
26876,23097,65102
26877,23098,65108
26878,23099,65111
26879,23100,65112
26880,23101,65114
26881,23102,65118
26882,23103,65120
26883,23104,65119
26884,23105,65121
26885,23106,65122
26886,23107,65126
26887,23107,65125
26888,23108,65129
26889,23109,65130
26890,23110,65131
26891,23111,65138
26892,23112,65142
26893,23113,65150
26894,23114,65151
26895,23115,65158
26896,23116,65162
26897,23117,65164
26898,23118,65165
26899,23119,65174
26900,23119,65172
26901,23120,65172
26902,23120,65173
26903,23121,65177
26904,23122,65179
26905,23123,65180
26906,23124,65189
26907,23124,65190
26908,23125,65194
26909,23126,65192
26910,23127,65195
26911,23128,65196
26912,23129,65201
26913,23130,65205
26914,23131,65206
26915,23131,65204
26916,23132,65209
26917,23133,65208
26918,23134,65214
26919,23135,65215
26920,23136,65216
26921,23137,65218
26922,23138,65220
26923,23139,65225
26924,23140,65234
26925,23140,65233
26926,23141,65239
26927,23142,65240
26928,23142,65242
26929,23143,65244
26930,23144,65250
26931,23144,65249
26932,23145,65261
26933,23146,65264
26934,23147,65265
26935,23148,65270
26936,23149,65278
26937,23150,65281
26938,23151,65283
26939,23151,65282
26940,23152,65285
26941,23152,65287
26942,23153,65289
26943,23154,65290
26944,23155,65291
26945,23156,65292
26946,23157,65296
26947,23158,65294
26948,23159,65298
26949,23160,65300
26950,23160,65301
26951,23161,65306
26952,23162,65313
26953,23163,65311
26954,23163,65312
26955,23164,65318
26956,23164,65316
26957,23165,65316
26958,23165,65318
26959,23166,65319
26960,23167,65321
26961,23168,65320
26962,23169,65329
26963,23170,65327
26964,23171,65334
26965,23172,65332
26966,23173,65335
26967,23174,65339
26968,23175,65340
26969,23176,65345
26970,23177,65346
26971,23178,65349
26972,23178,65350
26973,23179,65348
26974,23180,65351
26975,23181,65354
26976,23182,65353
26977,23183,65356
26978,23183,65355
26979,23184,65358
26980,23185,65360
26981,23185,65359
26982,23186,65363
26983,23187,65372
26984,23188,65374
26985,23189,65377
26986,23190,65375
26987,23191,65381
26988,23191,65380
26989,23192,65378
26990,23193,65382
26991,23194,65384
26992,23194,65385
26993,23195,65385
26994,23196,65391
26995,23197,65390
26996,23198,65393
26997,23199,65400
26998,23200,65403
26999,23201,65404
27000,23202,65408
27001,23203,65412
27002,23203,65411
27003,23204,65416
27004,23205,65419
27005,23206,65420
27006,23207,65424
27007,23208,65423
27008,23209,65431
27009,23210,65436
27010,23211,65441
27011,23212,65442
27012,23213,65447
27013,23214,65448
27014,23214,65447
27015,23215,65450
27016,23216,65449
27017,23217,65451
27018,23218,65453
27019,23219,65454
27020,23220,65458
27021,23221,65471
27022,23222,65468
27023,23223,65473
27024,23223,65475
27025,23224,65475
27026,23224,65473
27027,23225,65476
27028,23226,65477
27029,23227,65479
27030,23227,65478
27031,23228,65483
27032,23229,65482
27033,23230,65486
27034,23231,65487
27035,23231,65486
27036,23232,65490
27037,23233,65491
27038,23234,65494
27039,23235,65496
27040,23236,65495
27041,23237,65497
27042,23238,65500
27043,23238,65499
27044,23239,65499
27045,23239,65500
27046,23240,65501
27047,23241,65504
27048,23242,65505
27049,23243,65507
27050,23244,65511
27051,23245,65514
27052,23246,65515
27053,23246,65516
27054,23247,65519
27055,23248,65524
27056,23249,65527
27057,23250,65542
27058,23250,65541
27059,23251,65545
27060,23252,65546
27061,23253,65547
27062,23254,65548
27063,23255,65551
27064,23256,65552
27065,23257,65553
27066,23257,65552
27067,23258,65554
27068,23259,65555
27069,23259,65554
27070,23260,65557
27071,23261,65562
27072,23262,65564
27073,23262,65565
27074,23263,65565
27075,23264,65566
27076,23265,65567
27077,23266,65568
27078,23266,65567
27079,23267,65572
27080,23268,65571
27081,23269,65574
27082,23270,65578
27083,23271,65579
27084,23272,65581
27085,23273,65584
27086,23274,65590
27087,23275,65589
27088,23276,65593
27089,23277,65594
27090,23278,65598
27091,23279,65599
27092,23280,65602
27093,23281,65606
27094,23281,65603
27095,23282,65603
27096,23283,65608
27097,23284,65619
27098,23285,65618
27099,23286,65622
27100,23287,65639
27101,23288,65638
27102,23289,65641
27103,23290,65644
27104,23291,65646
27105,23292,65647
27106,23293,65651
27107,23293,65652
27108,23294,65653
27109,23295,65654
27110,23296,65658
27111,23297,65661
27112,23298,65667
27113,23299,65669
27114,23299,65668
27115,23300,65668
27116,23301,65672
27117,23302,65673
27118,23303,65679
27119,23304,65678
27120,23305,65680
27121,23306,65681
27122,23307,65683
27123,23308,65692
27124,23308,65693
27125,23309,65693
27126,23310,65695
27127,23311,65707
27128,23312,65714
27129,23313,65715
27130,23314,65716
27131,23315,65720
27132,23316,65721
27133,23317,65723
27134,23318,65728
27135,23318,65730
27136,23319,65732
27137,23320,65731
27138,23321,65735
27139,23322,65736
27140,23323,65740
27141,23324,65742
27142,23325,65745
27143,23326,65743
27144,23327,65747
27145,23328,65749
27146,23329,65752
27147,23330,65756
27148,23331,65757
27149,23332,65763
27150,23333,65762
27151,23334,65764
27152,23334,65765
27153,23335,65767
27154,23336,65774
27155,23337,65775
27156,23338,65779
27157,23339,65784
27158,23340,65786
27159,23341,65785
27160,23342,65791
27161,23343,65796
27162,23344,65797
27163,23345,65798
27164,23345,65800
27165,23346,65804
27166,23347,65808
27167,23347,65806
27168,23348,65807
27169,23349,65811
27170,23350,65813
27171,23351,65815
27172,23351,65816
27173,23352,65819
27174,23353,65824
27175,23354,65826
27176,23355,65827
27177,23356,65828
27178,23357,65829
27179,23357,65828
27180,23358,65830
27181,23359,65833
27182,23360,65832
27183,23361,65837
27184,23362,65838
27185,23363,65839
27186,23364,65840
27187,23365,65843
27188,23366,65846
27189,23367,65849
27190,23368,65848
27191,23369,65854
27192,23370,65856
27193,23371,65859
27194,23372,65860
27195,23373,65861
27196,23374,65862
27197,23375,65863
27198,23376,65865
27199,23377,65866
27200,23378,65867
27201,23378,65869
27202,23379,65872
27203,23380,65882
27204,23380,65880
27205,23381,65884
27206,23382,65886
27207,23383,65887
27208,23384,65891
27209,23385,65892
27210,23386,65894
27211,23387,65895
27212,23388,65898
27213,23388,65896
27214,23389,65901
27215,23390,65900
27216,23391,65903
27217,23392,65902
27218,23393,65905
27219,23394,65906
27220,23395,65907
27221,23396,65909
27222,23397,65908
27223,23398,65917
27224,23399,65916
27225,23399,65915
27226,23400,65920
27227,23400,65919
27228,23401,65923
27229,23402,65924
27230,23403,65927
27231,23403,65928
27232,23404,65928
27233,23404,65927
27234,23405,65930
27235,23406,65933
27236,23407,65934
27237,23408,65937
27238,23409,65938
27239,23410,65939
27240,23411,65941
27241,23412,65951
27242,23413,65952
27243,23414,65954
27244,23414,65952
27245,23415,65955
27246,23415,65956
27247,23416,65956
27248,23417,65957
27249,23418,65962
27250,23419,65967
27251,23420,65970
27252,23421,65971
27253,23422,65974
27254,23422,65973
27255,23423,65980
27256,23424,65979
27257,23425,65981
27258,23426,65983
27259,23427,65990
27260,23428,65996
27261,23429,65998
27262,23429,65999
27263,23430,66000
27264,23431,66001
27265,23431,66002
27266,23432,66006
27267,23433,66007
27268,23434,66008
27269,23435,66016
27270,23436,66017
27271,23437,66023
27272,23438,66024
27273,23439,66028
27274,23440,66030
27275,23441,66031
27276,23442,66037
27277,23443,66036
27278,23444,66040
27279,23445,66048
27280,23446,66045
27281,23446,66048
27282,23447,66049
27283,23448,66052
27284,23449,66056
27285,23450,66054
27286,23451,66061
27287,23451,66060
27288,23452,66064
27289,23452,66063
27290,23453,66065
27291,23454,66070
27292,23455,66071
27293,23456,66073
27294,23457,66078
27295,23458,66079
27296,23459,66083
27297,23460,66084
27298,23460,66083
27299,23461,66088
27300,23462,66089
27301,23463,66090
27302,23464,66091
27303,23465,66093
27304,23466,66094
27305,23466,66093
27306,23467,66095
27307,23468,66097
27308,23469,66105
27309,23470,66109
27310,23471,66111
27311,23472,66112
27312,23473,66113
27313,23474,66116
27314,23475,66119
27315,23476,66123
27316,23477,66128
27317,23478,66130
27318,23479,66134
27319,23480,66133
27320,23481,66135
27321,23482,66136
27322,23482,66137
27323,23483,66137
27324,23484,66140
27325,23485,66139
27326,23486,66147
27327,23487,66146
27328,23488,66149
27329,23489,66148
27330,23489,66150
27331,23490,66153
27332,23491,66158
27333,23492,66159
27334,23493,66161
27335,23494,66173
27336,23495,66176
27337,23496,66178
27338,23497,66180
27339,23498,66179
27340,23499,66182
27341,23500,66183
27342,23500,66182
27343,23501,66185
27344,23502,66184
27345,23502,66185
27346,23503,66188
27347,23503,66189
27348,23504,66193
27349,23505,66208
27350,23506,66217
27351,23507,66221
27352,23508,66223
27353,23509,66222
27354,23509,66223
27355,23510,66224
27356,23511,66226
27357,23512,66232
27358,23513,66237
27359,23514,66240
27360,23515,66241
27361,23516,66248
27362,23517,66253
27363,23518,66254
27364,23519,66270
27365,23520,66271
27366,23521,66284
27367,23522,66287
27368,23523,66289
27369,23524,66291
27370,23525,66292
27371,23526,66294
27372,23527,66293
27373,23528,66296
27374,23529,66297
27375,23530,66310
27376,23531,66312
27377,23532,66311
27378,23532,66312
27379,23533,66313
27380,23534,66319
27381,23535,66322
27382,23536,66323
27383,23536,66320
27384,23537,66325
27385,23538,66326
27386,23539,66329
27387,23540,66331
27388,23541,66335
27389,23541,66333
27390,23542,66337
27391,23543,66341
27392,23544,66344
27393,23545,66345
27394,23546,66348
27395,23547,66347
27396,23548,66350
27397,23549,66351
27398,23550,66363
27399,23551,66369
27400,23552,66372
27401,23552,66373
27402,23553,66374
27403,23554,66376
27404,23554,66375
27405,23555,66375
27406,23556,66380
27407,23557,66381
27408,23558,66403
27409,23559,66407
27410,23560,66405
27411,23561,66413
27412,23562,66415
27413,23562,66416
27414,23563,66421
27415,23564,66426
27416,23564,66425
27417,23565,66429
27418,23566,66434
27419,23567,66433
27420,23568,66436
27421,23569,66437
27422,23570,66439
27423,23570,66441
27424,23571,66440
27425,23571,66441
27426,23572,66442
27427,23573,66444
27428,23574,66445
27429,23575,66446
27430,23576,66451
27431,23576,66450
27432,23577,66455
27433,23578,66453
27434,23579,66459
27435,23580,66464
27436,23581,66466
27437,23582,66467
27438,23583,66469
27439,23583,66468
27440,23584,66472
27441,23585,66477
27442,23585,66476
27443,23586,66476
27444,23586,66477
27445,23587,66479
27446,23587,66478
27447,23588,66478
27448,23589,66481
27449,23590,66480
27450,23591,66485
27451,23592,66486
27452,23593,66489
27453,23594,66490
27454,23595,66492
27455,23596,66499
27456,23597,66504
27457,23597,66501
27458,23598,66503
27459,23599,66509
27460,23600,66515
27461,23601,66514
27462,23602,66516
27463,23602,66517
27464,23603,66517
27465,23603,66516
27466,23604,66518
27467,23605,66519
27468,23606,66521
27469,23607,66527
27470,23608,66539
27471,23609,66540
27472,23610,66542
27473,23611,66545
27474,23612,66546
27475,23613,66549
27476,23613,66548
27477,23614,66548
27478,23614,66549
27479,23615,66556
27480,23616,66563
27481,23617,66566
27482,23618,66567
27483,23619,66569
27484,23620,66571
27485,23620,66569
27486,23621,66573
27487,23622,66577
27488,23623,66588
27489,23624,66589
27490,23625,66592
27491,23626,66593
27492,23627,66601
27493,23628,66602
27494,23629,66607
27495,23630,66608
27496,23631,66620
27497,23632,66621
27498,23632,66620
27499,23633,66622
27500,23634,66624
27501,23635,66625
27502,23636,66626
27503,23637,66627
27504,23638,66628
27505,23638,66629
27506,23639,66630
27507,23640,66632
27508,23641,66635
27509,23642,66636
27510,23643,66648
27511,23644,66647
27512,23645,66651
27513,23645,66652
27514,23646,66652
27515,23647,66653
27516,23648,66658
27517,23649,66657
27518,23650,66660
27519,23651,66664
27520,23652,66665
27521,23653,66671
27522,23654,66673
27523,23655,66676
27524,23656,66674
27525,23657,66681
27526,23658,66682
27527,23659,66688
27528,23659,66690
27529,23660,66693
27530,23661,66699
27531,23661,66700
27532,23662,66700
27533,23662,66699
27534,23663,66702
27535,23663,66703
27536,23664,66703
27537,23665,66707
27538,23666,66706
27539,23667,66711
27540,23668,66712
27541,23669,66715
27542,23669,66716
27543,23670,66716
27544,23671,66723
27545,23672,66721
27546,23673,66726
27547,23674,66730
27548,23675,66732
27549,23676,66735
27550,23677,66739
27551,23678,66740
27552,23679,66750
27553,23679,66752
27554,23680,66761
27555,23681,66760
27556,23682,66763
27557,23683,66765
27558,23684,66771
27559,23684,66769
27560,23685,66770
27561,23686,66772
27562,23687,66774
27563,23688,66777
27564,23689,66778
27565,23690,66779
27566,23690,66778
27567,23691,66785
27568,23691,66786
27569,23692,66787
27570,23693,66788
27571,23694,66794
27572,23695,66798
27573,23696,66802
27574,23697,66804
27575,23697,66805
27576,23698,66809
27577,23698,66810
27578,23699,66812
27579,23700,66813
27580,23700,66814
27581,23701,66814
27582,23702,66816
27583,23703,66818
27584,23703,66816
27585,23704,66822
27586,23704,66823
27587,23705,66826
27588,23705,66825
27589,23706,66827
27590,23707,66829
27591,23708,66834
27592,23709,66837
27593,23710,66838
27594,23711,66839
27595,23712,66842
27596,23713,66844
27597,23714,66849
27598,23715,66853
27599,23716,66854
27600,23717,66862
27601,23718,66863
27602,23718,66862
27603,23719,66867
27604,23720,66870
27605,23721,66872
27606,23722,66875
27607,23723,66874
27608,23724,66882
27609,23724,66885
27610,23725,66883
27611,23726,66888
27612,23727,66890
27613,23727,66891
27614,23728,66889
27615,23729,66897
27616,23730,66903
27617,23731,66912
27618,23732,66914
27619,23733,66915
27620,23734,66921
27621,23735,66918
27622,23736,66929
27623,23737,66926
27624,23738,66936
27625,23739,66935
27626,23740,66943
27627,23741,66947
27628,23742,66951
27629,23743,66955
27630,23744,66953
27631,23745,66956
27632,23746,66957
27633,23746,66960
27634,23747,66963
27635,23747,66962
27636,23748,66965
27637,23749,66967
27638,23749,66966
27639,23750,66966
27640,23750,66967
27641,23751,66971
27642,23751,66969
27643,23752,66972
27644,23753,66974
27645,23754,66976
27646,23755,66975
27647,23756,66981
27648,23757,66985
27649,23758,66983
27650,23759,66992
27651,23760,66991
27652,23761,66996
27653,23761,66997
27654,23762,67001
27655,23763,66999
27656,23764,67006
27657,23765,67005
27658,23766,67016
27659,23766,67018
27660,23767,67019
27661,23767,67017
27662,23768,67022
27663,23768,67021
27664,23769,67024
27665,23770,67025
27666,23771,67026
27667,23772,67027
27668,23773,67032
27669,23774,67034
27670,23775,67037
27671,23775,67035
27672,23776,67035
27673,23777,67046
27674,23778,67047
27675,23779,67048
27676,23780,67051
27677,23781,67060
27678,23781,67059
27679,23782,67059
27680,23783,67063
27681,23783,67061
27682,23784,67061
27683,23785,67066
27684,23786,67067
27685,23787,67068
27686,23788,67070
27687,23789,67071
27688,23790,67072
27689,23791,67077
27690,23792,67075
27691,23793,67078
27692,23794,67081
27693,23795,67085
27694,23795,67086
27695,23796,67086
27696,23797,67087
27697,23798,67090
27698,23799,67094
27699,23800,67092
27700,23801,67095
27701,23802,67100
27702,23803,67099
27703,23803,67100
27704,23804,67101
27705,23804,67102
27706,23805,67103
27707,23806,67110
27708,23807,67109
27709,23808,67116
27710,23809,67118
27711,23809,67119
27712,23810,67123
27713,23811,67127
27714,23812,67125
27715,23813,67135
27716,23814,67140
27717,23815,67141
27718,23816,67142
27719,23817,67145
27720,23818,67147
27721,23819,67152
27722,23820,67154
27723,23821,67155
27724,23822,67156
27725,23823,67157
27726,23824,67161
27727,23825,67163
27728,23826,67164
27729,23827,67169
27730,23828,67174
27731,23829,67182
27732,23830,67191
27733,23831,67196
27734,23832,67195
27735,23833,67198
27736,23834,67199
27737,23835,67208
27738,23836,67213
27739,23837,67218
27740,23838,67224
27741,23839,67226
27742,23840,67230
27743,23841,67234
27744,23842,67237
27745,23843,67239
27746,23844,67240
27747,23845,67242
27748,23846,67243
27749,23847,67252
27750,23848,67251
27751,23849,67265
27752,23850,67269
27753,23851,67272
27754,23852,67274
27755,23852,67277
27756,23853,67275
27757,23854,67279
27758,23855,67285
27759,23856,67283
27760,23857,67287
27761,23858,67290
27762,23859,67291
27763,23860,67294
27764,23860,67295
27765,23861,67295
27766,23862,67303
27767,23862,67306
27768,23863,67307
27769,23864,67308
27770,23865,67309
27771,23866,67313
27772,23867,67311
27773,23867,67312
27774,23868,67314
27775,23869,67320
27776,23870,67321
27777,23871,67322
27778,23871,67323
27779,23872,67335
27780,23873,67334
27781,23874,67338
27782,23875,67348
27783,23876,67349
27784,23877,67351
27785,23878,67355
27786,23878,67354
27787,23879,67354
27788,23879,67355
27789,23880,67357
27790,23881,67358
27791,23882,67361
27792,23883,67359
27793,23883,67361
27794,23884,67369
27795,23885,67367
27796,23886,67372
27797,23887,67378
27798,23888,67379
27799,23889,67384
27800,23890,67386
27801,23891,67385
27802,23892,67387
27803,23893,67389
27804,23894,67388
27805,23895,67391
27806,23896,67390
27807,23897,67395
27808,23898,67393
27809,23899,67396
27810,23900,67398
27811,23901,67397
27812,23901,67398
27813,23902,67401
27814,23903,67404
27815,23904,67403
27816,23905,67406
27817,23906,67410
27818,23907,67411
27819,23908,67413
27820,23909,67412
27821,23910,67414
27822,23911,67418
27823,23912,67416
27824,23913,67422
27825,23914,67423
27826,23915,67426
27827,23916,67429
27828,23917,67430
27829,23918,67432
27830,23919,67435
27831,23920,67437
27832,23921,67438
27833,23921,67437
27834,23922,67439
27835,23923,67440
27836,23924,67444
27837,23925,67442
27838,23926,67446
27839,23927,67447
27840,23927,67448
27841,23928,67448
27842,23929,67450
27843,23930,67452
27844,23931,67455
27845,23932,67473
27846,23932,67476
27847,23933,67479
27848,23934,67483
27849,23935,67487
27850,23935,67485
27851,23936,67492
27852,23937,67491
27853,23938,67497
27854,23939,67499
27855,23940,67500
27856,23941,67502
27857,23942,67501
27858,23943,67507
27859,23944,67512
27860,23945,67513
27861,23946,67517
27862,23946,67518
27863,23947,67519
27864,23948,67525
27865,23948,67523
27866,23949,67527
27867,23950,67530
27868,23951,67531
27869,23952,67533
27870,23953,67532
27871,23954,67535
27872,23955,67538
27873,23956,67542
27874,23957,67543
27875,23958,67544
27876,23959,67545
27877,23959,67544
27878,23960,67549
27879,23961,67551
27880,23961,67550
27881,23962,67550
27882,23962,67551
27883,23963,67552
27884,23964,67558
27885,23965,67556
27886,23966,67560
27887,23967,67571
27888,23968,67572
27889,23969,67573
27890,23969,67572
27891,23970,67576
27892,23971,67575
27893,23972,67577
27894,23973,67581
27895,23974,67582
27896,23975,67584
27897,23976,67583
27898,23977,67590
27899,23978,67593
27900,23978,67595
27901,23979,67594
27902,23980,67601
27903,23981,67600
27904,23982,67613
27905,23983,67612
27906,23984,67618
27907,23985,67623
27908,23985,67624
27909,23986,67625
27910,23986,67624
27911,23987,67626
27912,23988,67630
27913,23988,67631
27914,23989,67633
27915,23990,67634
27916,23991,67644
27917,23992,67645
27918,23993,67646
27919,23994,67649
27920,23995,67650
27921,23996,67651
27922,23996,67650
27923,23997,67652
27924,23998,67653
27925,23999,67656
27926,24000,67657
27927,24001,67660
27928,24001,67658
27929,24002,67658
27930,24003,67661
27931,24004,67662
27932,24005,67666
27933,24006,67667
27934,24006,67665
27935,24007,67678
27936,24008,67675
27937,24009,67681
27938,24010,67680
27939,24010,67681
27940,24011,67683
27941,24012,67687
27942,24013,67690
27943,24014,67692
27944,24015,67694
27945,24016,67701
27946,24016,67698
27947,24017,67702
27948,24018,67703
27949,24019,67707
27950,24020,67706
27951,24021,67709
27952,24022,67708
27953,24023,67712
27954,24024,67710
27955,24025,67713
27956,24026,67718
27957,24026,67721
27958,24027,67719
27959,24028,67728
27960,24029,67733
27961,24029,67734
27962,24030,67739
27963,24030,67740
27964,24031,67740
27965,24032,67742
27966,24033,67741
27967,24034,67743
27968,24035,67744
27969,24036,67753
27970,24036,67755
27971,24037,67754
27972,24038,67756
27973,24039,67757
27974,24040,67758
27975,24041,67761
27976,24042,67764
27977,24043,67765
27978,24043,67764
27979,24044,67767
27980,24045,67768
27981,24046,67769
27982,24047,67770
27983,24047,67772
27984,24048,67774
27985,24049,67776
27986,24050,67779
27987,24051,67781
27988,24052,67784
27989,24053,67785
27990,24054,67786
27991,24055,67791
27992,24056,67799
27993,24056,67798
27994,24057,67797
27995,24058,67800
27996,24059,67806
27997,24060,67807
27998,24061,67808
27999,24062,67810
28000,24063,67811
28001,24064,67814
28002,24065,67813
28003,24066,67821
28004,24067,67825
28005,24068,67826
28006,24069,67831
28007,24070,67829
28008,24071,67834
28009,24072,67837
28010,24073,67841
28011,24074,67839
28012,24075,67842
28013,24076,67843
28014,24077,67844
28015,24078,67845
28016,24079,67848
28017,24080,67849
28018,24081,67850
28019,24082,67853
28020,24083,67857
28021,24083,67858
28022,24084,67859
28023,24085,67862
28024,24086,67861
28025,24087,67870
28026,24088,67885
28027,24089,67887
28028,24090,67894
28029,24091,67897
28030,24092,67902
28031,24093,67906
28032,24094,67917
28033,24095,67918
28034,24096,67920
28035,24097,67925
28036,24098,67926
28037,24099,67931
28038,24099,67930
28039,24100,67932
28040,24101,67933
28041,24102,67935
28042,24103,67936
28043,24104,67946
28044,24104,67945
28045,24105,67952
28046,24106,67956
28047,24107,67953
28048,24108,67959
28049,24109,67964
28050,24110,67965
28051,24111,67966
28052,24112,67971
28053,24113,67974
28054,24114,67977
28055,24114,67976
28056,24115,67979
28057,24115,67978
28058,24116,67981
28059,24116,67980
28060,24117,67983
28061,24118,67987
28062,24118,67986
28063,24119,67984
28064,24120,67989
28065,24121,67990
28066,24122,67994
28067,24123,67996
28068,24124,67998
28069,24125,68006
28070,24125,68007
28071,24126,68009
28072,24127,68010
28073,24128,68012
28074,24129,68013
28075,24130,68016
28076,24131,68017
28077,24132,68018
28078,24133,68019
28079,24134,68023
28080,24135,68025
28081,24136,68027
28082,24137,68028
28083,24137,68029
28084,24138,68030
28085,24139,68033
28086,24140,68041
28087,24141,68042
28088,24142,68043
28089,24143,68046
28090,24144,68051
28091,24145,68055
28092,24146,68060
28093,24147,68062
28094,24148,68065
28095,24149,68064
28096,24150,68067
28097,24151,68070
28098,24151,68069
28099,24152,68080
28100,24153,68083
28101,24154,68082
28102,24155,68094
28103,24155,68092
28104,24156,68092
28105,24157,68096
28106,24158,68099
28107,24159,68102
28108,24160,68109
28109,24161,68112
28110,24162,68111
28111,24163,68114
28112,24164,68115
28113,24165,68121
28114,24166,68132
28115,24167,68139
28116,24168,68137
28117,24169,68140
28118,24170,68143
28119,24171,68144
28120,24172,68145
28121,24173,68150
28122,24174,68160
28123,24175,68163
28124,24176,68164
28125,24177,68166
28126,24178,68167
28127,24179,68169
28128,24180,68170
28129,24181,68174
28130,24182,68175
28131,24183,68178
28132,24184,68182
28133,24184,68179
28134,24185,68188
28135,24186,68191
28136,24187,68193
28137,24188,68197
28138,24189,68198
28139,24190,68199
28140,24190,68201
28141,24191,68203
28142,24192,68207
28143,24192,68205
28144,24193,68206
28145,24194,68209
28146,24195,68214
28147,24196,68218
28148,24197,68219
28149,24198,68220
28150,24199,68222
28151,24200,68225
28152,24201,68226
28153,24202,68228
28154,24202,68226
28155,24203,68235
28156,24204,68234
28157,24205,68236
28158,24206,68238
28159,24207,68240
28160,24208,68241
28161,24209,68250
28162,24210,68251
28163,24211,68253
28164,24212,68256
28165,24213,68262
28166,24214,68264
28167,24215,68269
28168,24216,68273
28169,24217,68274
28170,24218,68275
28171,24218,68277
28172,24219,68279
28173,24220,68287
28174,24221,68286
28175,24221,68285
28176,24222,68288
28177,24223,68295
28178,24224,68302
28179,24225,68300
28180,24226,68304
28181,24227,68303
28182,24228,68306
28183,24229,68311
28184,24230,68310
28185,24231,68314
28186,24232,68316
28187,24233,68319
28188,24234,68318
28189,24235,68322
28190,24236,68328
28191,24237,68329
28192,24238,68331
28193,24239,68335
28194,24240,68336
28195,24241,68340
28196,24242,68337
28197,24243,68341
28198,24244,68343
28199,24245,68345
28200,24246,68344
28201,24246,68345
28202,24247,68346
28203,24248,68348
28204,24249,68350
28205,24250,68356
28206,24251,68361
28207,24252,68360
28208,24253,68363
28209,24254,68367
28210,24255,68368
28211,24255,68367
28212,24256,68372
28213,24257,68374
28214,24257,68373
28215,24258,68379
28216,24259,68382
28217,24260,68387
28218,24261,68389
28219,24262,68390
28220,24263,68392
28221,24264,68394
28222,24265,68395
28223,24266,68405
28224,24267,68404
28225,24267,68405
28226,24268,68407
28227,24268,68406
28228,24269,68406
28229,24270,68410
28230,24271,68416
28231,24272,68420
28232,24273,68419
28233,24273,68420
28234,24274,68427
28235,24274,68430
28236,24275,68429
28237,24276,68431
28238,24277,68434
28239,24278,68436
28240,24279,68441
28241,24280,68444
28242,24281,68443
28243,24282,68447
28244,24283,68448
28245,24284,68450
28246,24285,68451
28247,24286,68454
28248,24286,68453
28249,24287,68453
28250,24288,68456
28251,24289,68457
28252,24290,68469
28253,24291,68470
28254,24292,68471
28255,24293,68475
28256,24294,68478
28257,24295,68477
28258,24296,68480
28259,24297,68481
28260,24298,68482
28261,24299,68483
28262,24299,68485
28263,24300,68487
28264,24301,68486
28265,24302,68498
28266,24303,68501
28267,24303,68503
28268,24304,68502
28269,24305,68506
28270,24306,68504
28271,24306,68506
28272,24307,68507
28273,24308,68508
28274,24309,68509
28275,24310,68512
28276,24310,68511
28277,24311,68510
28278,24312,68518
28279,24313,68524
28280,24314,68529
28281,24314,68528
28282,24315,68531
28283,24316,68532
28284,24317,68538
28285,24318,68544
28286,24319,68555
28287,24320,68560
28288,24320,68563
28289,24321,68563
28290,24322,68571
28291,24323,68582
28292,24324,68583
28293,24325,68584
28294,24326,68591
28295,24327,68594
28296,24328,68595
28297,24329,68596
28298,24330,68600
28299,24330,68599
28300,24331,68599
28301,24331,68597
28302,24332,68601
28303,24333,68602
28304,24334,68603
28305,24335,68605
28306,24336,68614
28307,24337,68619
28308,24338,68620
28309,24339,68627
28310,24340,68626
28311,24340,68625
28312,24341,68633
28313,24341,68632
28314,24342,68630
28315,24343,68634
28316,24344,68640
28317,24345,68641
28318,24346,68646
28319,24347,68649
28320,24348,68654
28321,24349,68656
28322,24350,68663
28323,24351,68664
28324,24352,68671
28325,24353,68669
28326,24354,68677
28327,24355,68685
28328,24356,68686
28329,24357,68688
28330,24358,68690
28331,24359,68695
28332,24360,68699
28333,24360,68698
28334,24361,68697
28335,24362,68701
28336,24362,68700
28337,24363,68700
28338,24363,68701
28339,24364,68704
28340,24365,68712
28341,24366,68715
28342,24366,68713
28343,24367,68713
28344,24368,68716
28345,24369,68719
28346,24370,68723
28347,24370,68721
28348,24371,68722
28349,24372,68725
28350,24373,68728
28351,24374,68729
28352,24375,68739
28353,24376,68740
28354,24377,68741
28355,24378,68742
28356,24379,68744
28357,24380,68743
28358,24381,68745
28359,24382,68756
28360,24382,68757
28361,24383,68762
28362,24384,68761
28363,24385,68763
28364,24386,68767
28365,24387,68765
28366,24388,68768
28367,24389,68774
28368,24390,68776
28369,24390,68775
28370,24391,68775
28371,24392,68777
28372,24393,68782
28373,24394,68791
28374,24395,68792
28375,24396,68797
28376,24397,68801
28377,24398,68803
28378,24399,68804
28379,24400,68810
28380,24401,68809
28381,24402,68815
28382,24403,68816
28383,24404,68819
28384,24405,68817
28385,24406,68822
28386,24407,68823
28387,24408,68824
28388,24409,68825
28389,24409,68824
28390,24410,68829
28391,24411,68834
28392,24412,68839
28393,24413,68838
28394,24414,68842
28395,24415,68847
28396,24416,68849
28397,24417,68853
28398,24418,68854
28399,24419,68858
28400,24420,68866
28401,24420,68865
28402,24421,68869
28403,24421,68868
28404,24422,68878
28405,24422,68876
28406,24423,68881
28407,24423,68882
28408,24424,68879
28409,24425,68884
28410,24426,68886
28411,24426,68885
28412,24427,68885
28413,24428,68888
28414,24428,68890
28415,24429,68894
28416,24430,68895
28417,24430,68898
28418,24431,68896
28419,24432,68899
28420,24433,68900
28421,24434,68904
28422,24435,68906
28423,24436,68907
28424,24436,68905
28425,24437,68909
28426,24438,68908
28427,24438,68909
28428,24439,68912
28429,24439,68911
28430,24440,68914
28431,24441,68913
28432,24442,68922
28433,24443,68924
28434,24444,68928
28435,24445,68926
28436,24446,68938
28437,24447,68937
28438,24448,68941
28439,24449,68939
28440,24450,68943
28441,24451,68948
28442,24452,68954
28443,24453,68953
28444,24454,68971
28445,24455,68972
28446,24455,68974
28447,24456,68975
28448,24457,68977
28449,24458,68981
28450,24459,68986
28451,24460,68985
28452,24461,68998
28453,24462,68997
28454,24463,68999
28455,24464,69001
28456,24465,69000
28457,24466,69004
28458,24467,69002
28459,24468,69005
28460,24469,69012
28461,24470,69011
28462,24471,69015
28463,24472,69017
28464,24473,69018
28465,24474,69022
28466,24475,69021
28467,24476,69026
28468,24477,69029
28469,24478,69032
28470,24479,69039
28471,24480,69038
28472,24481,69040
28473,24482,69041
28474,24483,69045
28475,24484,69046
28476,24485,69049
28477,24486,69050
28478,24487,69056
28479,24488,69057
28480,24489,69058
28481,24490,69063
28482,24491,69065
28483,24492,69069
28484,24493,69067
28485,24494,69070
28486,24495,69074
28487,24496,69079
28488,24497,69091
28489,24497,69092
28490,24498,69089
28491,24499,69096
28492,24500,69098
28493,24501,69100
28494,24501,69099
28495,24502,69107
28496,24503,69113
28497,24504,69116
28498,24505,69124
28499,24506,69126
28500,24507,69127
28501,24507,69128
28502,24508,69128
28503,24509,69129
28504,24510,69130
28505,24511,69131
28506,24512,69134
28507,24513,69137
28508,24514,69138
28509,24515,69139
28510,24516,69142
28511,24517,69144
28512,24518,69147
28513,24519,69146
28514,24520,69149
28515,24521,69151
28516,24522,69152
28517,24523,69153
28518,24524,69159
28519,24525,69165
28520,24526,69166
28521,24527,69167
28522,24528,69175
28523,24529,69178
28524,24529,69176
28525,24530,69176
28526,24531,69185
28527,24532,69186
28528,24533,69187
28529,24534,69188
28530,24535,69193
28531,24536,69196
28532,24537,69199
28533,24538,69200
28534,24538,69199
28535,24539,69201
28536,24540,69202
28537,24541,69207
28538,24542,69208
28539,24543,69209
28540,24544,69210
28541,24544,69211
28542,24545,69211
28543,24546,69212
28544,24547,69215
28545,24548,69220
28546,24549,69225
28547,24550,69226
28548,24551,69228
28549,24552,69231
28550,24553,69230
28551,24554,69233
28552,24555,69237
28553,24556,69236
28554,24557,69243
28555,24558,69244
28556,24559,69251
28557,24560,69252
28558,24561,69253
28559,24562,69255
28560,24563,69256
28561,24564,69261
28562,24565,69259
28563,24565,69258
28564,24566,69265
28565,24567,69266
28566,24568,69271
28567,24569,69272
28568,24569,69271
28569,24570,69273
28570,24571,69281
28571,24572,69282
28572,24573,69286
28573,24574,69287
28574,24574,69288
28575,24575,69288
28576,24576,69290
28577,24577,69291
28578,24578,69292
28579,24579,69295
28580,24580,69296
28581,24581,69299
28582,24581,69300
28583,24582,69302
28584,24583,69305
28585,24583,69304
28586,24584,69308
28587,24585,69309
28588,24586,69312
28589,24587,69316
28590,24588,69317
28591,24589,69318
28592,24590,69321
28593,24591,69324
28594,24592,69323
28595,24592,69324
28596,24593,69329
28597,24594,69332
28598,24595,69338
28599,24596,69343
28600,24597,69346
28601,24598,69345
28602,24599,69348
28603,24600,69350
28604,24600,69349
28605,24601,69362
28606,24601,69361
28607,24602,69361
28608,24602,69362
28609,24603,69366
28610,24604,69365
28611,24604,69366
28612,24605,69371
28613,24606,69372
28614,24607,69375
28615,24608,69380
28616,24608,69378
28617,24609,69381
28618,24609,69379
28619,24610,69384
28620,24611,69386
28621,24611,69389
28622,24612,69388
28623,24613,69398
28624,24614,69403
28625,24615,69409
28626,24616,69412
28627,24616,69415
28628,24617,69417
28629,24618,69416
28630,24619,69420
28631,24620,69422
28632,24621,69424
28633,24622,69429
28634,24623,69430
28635,24624,69433
28636,24625,69436
28637,24626,69438
28638,24626,69441
28639,24627,69440
28640,24628,69442
28641,24629,69446
28642,24630,69453
28643,24631,69454
28644,24632,69457
28645,24632,69456
28646,24633,69456
28647,24634,69459
28648,24635,69473
28649,24636,69475
28650,24637,69488
28651,24638,69491
28652,24639,69489
28653,24640,69496
28654,24640,69497
28655,24641,69502
28656,24642,69504
28657,24642,69503
28658,24643,69503
28659,24644,69508
28660,24645,69510
28661,24646,69511
28662,24647,69515
28663,24648,69517
28664,24648,69518
28665,24649,69519
28666,24650,69520
28667,24651,69522
28668,24652,69523
28669,24653,69526
28670,24653,69524
28671,24654,69531
28672,24655,69533
28673,24656,69534
28674,24657,69535
28675,24658,69536
28676,24659,69541
28677,24660,69545
28678,24661,69546
28679,24662,69552
28680,24663,69554
28681,24663,69553
28682,24664,69556
28683,24665,69561
28684,24666,69563
28685,24667,69569
28686,24668,69575
28687,24669,69573
28688,24670,69576
28689,24670,69579
28690,24671,69584
28691,24672,69587
28692,24673,69588
28693,24673,69590
28694,24674,69591
28695,24674,69593
28696,24675,69594
28697,24676,69597
28698,24677,69601
28699,24678,69611
28700,24679,69618
28701,24680,69617
28702,24680,69620
28703,24681,69624
28704,24682,69625
28705,24683,69626
28706,24683,69627
28707,24684,69628
28708,24685,69636
28709,24686,69637
28710,24686,69639
28711,24687,69641
28712,24688,69640
28713,24688,69641
28714,24689,69646
28715,24690,69647
28716,24690,69648
28717,24691,69648
28718,24692,69649
28719,24693,69651
28720,24694,69652
28721,24695,69656
28722,24696,69657
28723,24697,69659
28724,24698,69661
28725,24699,69664
28726,24699,69663
28727,24700,69666
28728,24700,69665
28729,24701,69669
28730,24702,69667
28731,24703,69671
28732,24704,69673
28733,24705,69674
28734,24706,69675
28735,24707,69677
28736,24708,69678
28737,24709,69680
28738,24709,69681
28739,24710,69682
28740,24711,69690
28741,24712,69691
28742,24713,69696
28743,24714,69698
28744,24715,69703
28745,24715,69705
28746,24716,69707
28747,24717,69708
28748,24718,69709
28749,24719,69712
28750,24720,69713
28751,24721,69725
28752,24722,69726
28753,24723,69727
28754,24724,69729
28755,24725,69731
28756,24725,69732
28757,24726,69732
28758,24727,69734
28759,24728,69738
28760,24729,69736
28761,24730,69739
28762,24731,69744
28763,24732,69751
28764,24733,69752
28765,24734,69755
28766,24735,69756
28767,24735,69755
28768,24736,69757
28769,24737,69761
28770,24738,69764
28771,24738,69763
28772,24739,69767
28773,24739,69765
28774,24740,69765
28775,24741,69770
28776,24742,69773
28777,24743,69774
28778,24744,69776
28779,24745,69775
28780,24745,69776
28781,24746,69780
28782,24747,69781
28783,24748,69784
28784,24748,69783
28785,24749,69797
28786,24750,69799
28787,24751,69804
28788,24751,69803
28789,24752,69806
28790,24753,69805
28791,24754,69809
28792,24755,69812
28793,24756,69810
28794,24757,69815
28795,24758,69816
28796,24759,69820
28797,24760,69818
28798,24761,69824
28799,24762,69826
28800,24763,69831
28801,24764,69834
28802,24764,69832
28803,24765,69835
28804,24765,69834
28805,24766,69841
28806,24767,69845
28807,24768,69855
28808,24768,69854
28809,24769,69859
28810,24770,69865
28811,24770,69863
28812,24771,69866
28813,24771,69867
28814,24772,69868
28815,24773,69869
28816,24774,69876
28817,24775,69879
28818,24776,69877
28819,24777,69881
28820,24778,69880
28821,24779,69883
28822,24780,69885
28823,24781,69887
28824,24782,69888
28825,24783,69889
28826,24784,69891
28827,24785,69898
28828,24786,69903
28829,24787,69905
28830,24788,69912
28831,24789,69913
28832,24790,69914
28833,24791,69915
28834,24792,69917
28835,24792,69918
28836,24793,69920
28837,24794,69922
28838,24795,69924
28839,24796,69923
28840,24797,69933
28841,24797,69934
28842,24798,69937
28843,24799,69941
28844,24800,69942
28845,24801,69948
28846,24802,69947
28847,24803,69953
28848,24804,69954
28849,24805,69956
28850,24806,69959
28851,24807,69966
28852,24808,69967
28853,24809,69969
28854,24810,69978
28855,24811,69982
28856,24812,69983
28857,24813,69986
28858,24814,69989
28859,24815,69990
28860,24816,69992
28861,24817,69997
28862,24818,69996
28863,24819,70002
28864,24820,70008
28865,24821,70016
28866,24822,70017
28867,24823,70021
28868,24824,70020
28869,24824,70019
28870,24825,70022
28871,24826,70024
28872,24827,70026
28873,24828,70025
28874,24829,70028
28875,24830,70031
28876,24830,70029
28877,24831,70035
28878,24832,70037
28879,24833,70039
28880,24834,70042
28881,24835,70043
28882,24836,70047
28883,24837,70046
28884,24838,70053
28885,24838,70055
28886,24839,70063
28887,24840,70064
28888,24841,70065
28889,24842,70067
28890,24843,70070
28891,24844,70074
28892,24845,70077
28893,24846,70079
28894,24847,70083
28895,24848,70085
28896,24849,70089
28897,24849,70087
28898,24850,70090
28899,24851,70091
28900,24852,70092
28901,24853,70095
28902,24854,70097
28903,24854,70096
28904,24855,70096
28905,24856,70103
28906,24857,70102
28907,24857,70103
28908,24858,70109
28909,24859,70114
28910,24860,70118
28911,24861,70116
28912,24862,70119
28913,24863,70122
28914,24864,70124
28915,24865,70123
28916,24865,70124
28917,24866,70127
28918,24866,70126
28919,24867,70126
28920,24867,70125
28921,24868,70130
28922,24869,70129
28923,24870,70134
28924,24871,70135
28925,24871,70138
28926,24872,70139
28927,24873,70141
28928,24874,70140
28929,24875,70145
28930,24876,70144
28931,24877,70146
28932,24878,70150
28933,24879,70151
28934,24880,70157
28935,24881,70163
28936,24882,70171
28937,24883,70172
28938,24883,70173
28939,24884,70178
28940,24885,70181
28941,24886,70182
28942,24887,70184
28943,24888,70185
28944,24889,70187
28945,24889,70185
28946,24890,70189
28947,24891,70200
28948,24892,70199
28949,24893,70201
28950,24894,70204
28951,24895,70205
28952,24895,70204
28953,24896,70208
28954,24897,70209
28955,24898,70215
28956,24899,70217
28957,24900,70219
28958,24901,70221
28959,24902,70222
28960,24903,70223
28961,24904,70226
28962,24904,70227
28963,24905,70227
28964,24906,70229
28965,24907,70230
28966,24908,70243
28967,24909,70244
28968,24910,70247
28969,24911,70248
28970,24912,70253
28971,24912,70254
28972,24913,70252
28973,24913,70251
28974,24914,70256
28975,24915,70263
28976,24916,70266
28977,24917,70269
28978,24918,70270
28979,24918,70268
28980,24919,70272
28981,24920,70271
28982,24920,70272
28983,24921,70275
28984,24922,70281
28985,24923,70287
28986,24924,70286
28987,24925,70289
28988,24926,70291
28989,24926,70290
28990,24927,70293
28991,24928,70295
28992,24929,70300
28993,24930,70301
28994,24931,70304
28995,24932,70308
28996,24932,70309
28997,24933,70310
28998,24934,70313
28999,24935,70317
29000,24936,70318
29001,24936,70319
29002,24937,70320
29003,24938,70323
29004,24938,70325
29005,24939,70327
29006,24940,70328
29007,24941,70338
29008,24942,70344
29009,24943,70343
29010,24943,70344
29011,24944,70349
29012,24945,70352
29013,24946,70353
29014,24947,70356
29015,24948,70360
29016,24949,70366
29017,24949,70365
29018,24950,70367
29019,24950,70365
29020,24951,70368
29021,24952,70369
29022,24953,70370
29023,24954,70374
29024,24955,70376
29025,24956,70377
29026,24957,70381
29027,24957,70378
29028,24958,70380
29029,24959,70384
29030,24960,70382
29031,24961,70386
29032,24962,70387
29033,24963,70397
29034,24964,70399
29035,24964,70400
29036,24965,70403
29037,24966,70408
29038,24966,70409
29039,24967,70411
29040,24968,70412
29041,24969,70413
29042,24970,70416
29043,24970,70414
29044,24971,70415
29045,24972,70417
29046,24973,70421
29047,24974,70426
29048,24975,70428
29049,24976,70431
29050,24977,70430
29051,24978,70432
29052,24979,70435
29053,24980,70437
29054,24981,70436
29055,24982,70439
29056,24983,70441
29057,24984,70444
29058,24985,70448
29059,24985,70446
29060,24986,70451
29061,24987,70453
29062,24988,70452
29063,24989,70457
29064,24990,70470
29065,24991,70472
29066,24991,70471
29067,24992,70481
29068,24992,70480
29069,24993,70480
29070,24994,70482
29071,24995,70484
29072,24995,70483
29073,24996,70483
29074,24997,70487
29075,24998,70488
29076,24999,70489
29077,25000,70490
29078,25001,70493
29079,25001,70492
29080,25002,70492
29081,25003,70498
29082,25004,70499
29083,25005,70500
29084,25006,70501
29085,25007,70510
29086,25008,70513
29087,25008,70515
29088,25009,70517
29089,25010,70516
29090,25011,70522
29091,25012,70521
29092,25013,70523
29093,25014,70526
29094,25014,70525
29095,25015,70525
29096,25016,70531
29097,25017,70534
29098,25018,70535
29099,25019,70536
29100,25020,70544
29101,25021,70546
29102,25022,70547
29103,25022,70546
29104,25023,70548
29105,25024,70553
29106,25025,70552
29107,25025,70551
29108,25026,70554
29109,25027,70557
29110,25028,70560
29111,25029,70562
29112,25030,70563
29113,25031,70568
29114,25032,70570
29115,25033,70574
29116,25034,70575
29117,25035,70576
29118,25036,70580
29119,25037,70582
29120,25038,70583
29121,25039,70584
29122,25040,70585
29123,25041,70586
29124,25042,70587
29125,25043,70601
29126,25044,70600
29127,25045,70602
29128,25045,70603
29129,25046,70611
29130,25046,70608
29131,25047,70614
29132,25048,70612
29133,25049,70620
29134,25050,70621
29135,25051,70623
29136,25051,70622
29137,25052,70625
29138,25052,70623
29139,25053,70626
29140,25054,70628
29141,25055,70629
29142,25056,70633
29143,25057,70638
29144,25058,70647
29145,25059,70659
29146,25059,70658
29147,25060,70661
29148,25060,70662
29149,25061,70666
29150,25061,70664
29151,25062,70669
29152,25063,70676
29153,25064,70681
29154,25065,70683
29155,25066,70685
29156,25066,70686
29157,25067,70687
29158,25068,70688
29159,25069,70689
29160,25070,70692
29161,25071,70694
29162,25071,70696
29163,25072,70698
29164,25073,70699
29165,25074,70700
29166,25075,70704
29167,25076,70710
29168,25077,70711
29169,25078,70720
29170,25078,70719
29171,25079,70719
29172,25079,70720
29173,25080,70721
29174,25081,70724
29175,25082,70727
29176,25083,70729
29177,25084,70732
29178,25085,70742
29179,25086,70743
29180,25087,70744
29181,25088,70751
29182,25088,70748
29183,25089,70749
29184,25090,70757
29185,25091,70759
29186,25092,70761
29187,25093,70762
29188,25094,70764
29189,25095,70766
29190,25096,70767
29191,25097,70772
29192,25098,70771
29193,25099,70775
29194,25100,70780
29195,25101,70783
29196,25102,70788
29197,25103,70792
29198,25104,70801
29199,25105,70804
29200,25106,70805
29201,25107,70808
29202,25108,70811
29203,25109,70810
29204,25110,70813
29205,25111,70812
29206,25112,70817
29207,25113,70820
29208,25114,70821
29209,25115,70822
29210,25116,70823
29211,25117,70825
29212,25118,70827
29213,25118,70825
29214,25119,70831
29215,25120,70833
29216,25121,70836
29217,25122,70834
29218,25123,70845
29219,25124,70844
29220,25125,70846
29221,25126,70847
29222,25126,70849
29223,25127,70851
29224,25128,70858
29225,25129,70859
29226,25130,70866
29227,25130,70864
29228,25131,70870
29229,25132,70873
29230,25133,70872
29231,25133,70873
29232,25134,70875
29233,25135,70874
29234,25136,70876
29235,25137,70878
29236,25138,70879
29237,25139,70880
29238,25140,70882
29239,25141,70899
29240,25142,70901
29241,25143,70907
29242,25144,70908
29243,25145,70909
29244,25146,70910
29245,25147,70911
29246,25148,70912
29247,25148,70913
29248,25149,70921
29249,25150,70918
29250,25151,70928
29251,25151,70926
29252,25152,70925
29253,25153,70929
29254,25153,70932
29255,25154,70935
29256,25155,70937
29257,25156,70940
29258,25157,70941
29259,25158,70942
29260,25159,70948
29261,25160,70958
29262,25160,70955
29263,25161,70955
29264,25161,70957
29265,25162,70959
29266,25163,70966
29267,25164,70971
29268,25165,70972
29269,25166,70982
29270,25167,70983
29271,25168,70984
29272,25169,70989
29273,25170,70993
29274,25171,70995
29275,25172,71005
29276,25173,71004
29277,25174,71009
29278,25174,71007
29279,25175,71007
29280,25176,71010
29281,25177,71011
29282,25178,71013
29283,25179,71019
29284,25180,71020
29285,25181,71021
29286,25182,71023
29287,25183,71026
29288,25184,71029
29289,25185,71030
29290,25186,71033
29291,25187,71034
29292,25188,71038
29293,25189,71037
29294,25189,71038
29295,25190,71040
29296,25191,71042
29297,25192,71043
29298,25192,71042
29299,25193,71050
29300,25194,71053
29301,25194,71052
29302,25195,71052
29303,25196,71055
29304,25197,71070
29305,25198,71069
29306,25199,71073
29307,25200,71074
29308,25200,71075
29309,25201,71077
29310,25202,71079
29311,25202,71080
29312,25203,71081
29313,25204,71086
29314,25205,71087
29315,25206,71088
29316,25207,71089
29317,25208,71091
29318,25209,71092
29319,25210,71097
29320,25211,71100
29321,25211,71099
29322,25212,71099
29323,25213,71104
29324,25213,71103
29325,25214,71107
29326,25214,71108
29327,25215,71105
29328,25216,71109
29329,25217,71110
29330,25217,71112
29331,25218,71112
29332,25219,71113
29333,25220,71118
29334,25221,71121
29335,25222,71123
29336,25222,71122
29337,25223,71126
29338,25224,71125
29339,25225,71132
29340,25225,71130
29341,25226,71131
29342,25227,71134
29343,25228,71135
29344,25228,71134
29345,25229,71136
29346,25230,71137
29347,25230,71136
29348,25231,71141
29349,25232,71144
29350,25233,71147
29351,25234,71146
29352,25234,71145
29353,25235,71148
29354,25236,71161
29355,25237,71162
29356,25238,71172
29357,25239,71175
29358,25240,71180
29359,25241,71179
29360,25242,71181
29361,25243,71182
29362,25244,71183
29363,25245,71185
29364,25246,71189
29365,25247,71188
29366,25247,71187
29367,25248,71193
29368,25249,71194
29369,25250,71203
29370,25251,71204
29371,25252,71205
29372,25253,71206
29373,25254,71207
29374,25255,71210
29375,25256,71211
29376,25256,71209
29377,25257,71213
29378,25258,71212
29379,25259,71216
29380,25260,71215
29381,25261,71218
29382,25262,71221
29383,25263,71222
29384,25264,71225
29385,25265,71224
29386,25266,71226
29387,25267,71227
29388,25268,71229
29389,25268,71228
29390,25269,71228
29391,25269,71229
29392,25270,71236
29393,25271,71237
29394,25272,71238
29395,25272,71237
29396,25273,71240
29397,25273,71239
29398,25274,71249
29399,25275,71258
29400,25276,71257
29401,25277,71263
29402,25278,71268
29403,25279,71267
29404,25280,71269
29405,25281,71273
29406,25282,71274
29407,25283,71277
29408,25284,71278
29409,25284,71279
29410,25285,71280
29411,25286,71281
29412,25287,71282
29413,25287,71283
29414,25288,71283
29415,25289,71291
29416,25290,71292
29417,25291,71293
29418,25292,71294
29419,25293,71297
29420,25294,71296
29421,25295,71309
29422,25296,71310
29423,25297,71319
29424,25298,71318
29425,25299,71324
29426,25300,71325
29427,25301,71326
29428,25302,71327
29429,25303,71329
29430,25304,71328
29431,25305,71339
29432,25306,71346
29433,25307,71352
29434,25308,71356
29435,25309,71357
29436,25310,71359
29437,25311,71360
29438,25311,71361
29439,25312,71361
29440,25313,71366
29441,25314,71368
29442,25315,71369
29443,25316,71374
29444,25316,71373
29445,25317,71375
29446,25318,71376
29447,25318,71379
29448,25319,71378
29449,25320,71380
29450,25321,71382
29451,25322,71384
29452,25323,71385
29453,25324,71386
29454,25325,71388
29455,25326,71398
29456,25327,71405
29457,25328,71404
29458,25329,71406
29459,25330,71407
29460,25330,71408
29461,25331,71413
29462,25331,71412
29463,25332,71414
29464,25333,71415
29465,25334,71418
29466,25335,71419
29467,25336,71420
29468,25337,71423
29469,25337,71422
29470,25338,71425
29471,25338,71423
29472,25339,71426
29473,25340,71433
29474,25341,71432
29475,25342,71436
29476,25343,71437
29477,25344,71439
29478,25345,71440
29479,25346,71444
29480,25347,71446
29481,25348,71448
29482,25348,71446
29483,25349,71450
29484,25350,71449
29485,25351,71456
29486,25352,71463
29487,25353,71462
29488,25353,71463
29489,25354,71464
29490,25355,71465
29491,25356,71466
29492,25357,71471
29493,25357,71470
29494,25358,71472
29495,25359,71473
29496,25360,71478
29497,25361,71476
29498,25362,71480
29499,25362,71481
29500,25363,71485
29501,25364,71488
29502,25364,71487
29503,25365,71486
29504,25365,71488
29505,25366,71489
29506,25367,71492
29507,25367,71491
29508,25368,71494
29509,25369,71497
29510,25370,71500
29511,25370,71503
29512,25371,71504
29513,25372,71509
29514,25373,71510
29515,25374,71513
29516,25375,71515
29517,25375,71516
29518,25376,71516
29519,25377,71518
29520,25378,71527
29521,25379,71530
29522,25380,71532
29523,25381,71531
29524,25382,71534
29525,25383,71533
29526,25383,71534
29527,25384,71536
29528,25385,71539
29529,25386,71540
29530,25387,71545
29531,25388,71543
29532,25389,71546
29533,25390,71548
29534,25391,71556
29535,25392,71557
29536,25393,71558
29537,25394,71562
29538,25395,71563
29539,25396,71564
29540,25397,71565
29541,25398,71568
29542,25399,71567
29543,25400,71573
29544,25401,71580
29545,25402,71578
29546,25403,71584
29547,25404,71586
29548,25405,71589
29549,25406,71594
29550,25407,71595
29551,25408,71597
29552,25409,71603
29553,25409,71602
29554,25410,71602
29555,25411,71606
29556,25412,71609
29557,25413,71612
29558,25414,71628
29559,25415,71630
29560,25416,71635
29561,25417,71645
29562,25418,71648
29563,25419,71649
29564,25420,71650
29565,25420,71653
29566,25421,71654
29567,25422,71657
29568,25423,71663
29569,25424,71665
29570,25424,71666
29571,25425,71666
29572,25426,71668
29573,25427,71667
29574,25427,71668
29575,25428,71673
29576,25429,71676
29577,25430,71681
29578,25431,71682
29579,25432,71684
29580,25433,71687
29581,25434,71688
29582,25435,71690
29583,25436,71691
29584,25437,71700
29585,25438,71701
29586,25439,71706
29587,25440,71707
29588,25441,71710
29589,25441,71709
29590,25442,71713
29591,25443,71712
29592,25444,71716
29593,25445,71717
29594,25446,71718
29595,25446,71717
29596,25447,71723
29597,25448,71725
29598,25449,71729
29599,25449,71728
29600,25450,71730
29601,25451,71731
29602,25452,71732
29603,25453,71737
29604,25454,71735
29605,25454,71736
29606,25455,71746
29607,25456,71747
29608,25457,71748
29609,25458,71752
29610,25458,71751
29611,25459,71761
29612,25460,71762
29613,25460,71761
29614,25461,71763
29615,25462,71764
29616,25463,71765
29617,25464,71767
29618,25465,71768
29619,25466,71771
29620,25467,71772
29621,25467,71773
29622,25468,71773
29623,25468,71775
29624,25469,71776
29625,25470,71782
29626,25471,71781
29627,25472,71786
29628,25473,71788
29629,25474,71791
29630,25474,71790
29631,25475,71792
29632,25476,71798
29633,25477,71801
29634,25477,71800
29635,25478,71799
29636,25479,71804
29637,25479,71805
29638,25480,71806
29639,25481,71808
29640,25482,71814
29641,25483,71821
29642,25484,71823
29643,25484,71822
29644,25485,71825
29645,25485,71826
29646,25486,71828
29647,25486,71827
29648,25487,71834
29649,25488,71835
29650,25489,71842
29651,25490,71841
29652,25491,71844
29653,25492,71847
29654,25493,71848
29655,25494,71849
29656,25495,71852
29657,25496,71854
29658,25497,71853
29659,25498,71855
29660,25499,71856
29661,25500,71860
29662,25501,71863
29663,25502,71867
29664,25503,71871
29665,25504,71873
29666,25504,71872
29667,25505,71872
29668,25506,71875
29669,25507,71883
29670,25508,71885
29671,25509,71890
29672,25510,71888
29673,25510,71890
29674,25511,71895
29675,25512,71897
29676,25513,71896
29677,25514,71899
29678,25515,71900
29679,25516,71901
29680,25517,71904
29681,25518,71903
29682,25519,71912
29683,25520,71919
29684,25521,71928
29685,25521,71927
29686,25522,71930
29687,25523,71929
29688,25524,71931
29689,25525,71933
29690,25525,71932
29691,25526,71935
29692,25526,71934
29693,25527,71937
29694,25528,71939
29695,25529,71941
29696,25530,71942
29697,25531,71944
29698,25531,71946
29699,25532,71945
29700,25533,71947
29701,25534,71952
29702,25535,71956
29703,25536,71957
29704,25537,71958
29705,25538,71960
29706,25538,71959
29707,25539,71961
29708,25540,71964
29709,25541,71974
29710,25542,71972
29711,25543,71980
29712,25544,71984
29713,25545,71987
29714,25546,71985
29715,25547,71989
29716,25548,71997
29717,25549,72003
29718,25550,72002
29719,25550,72003
29720,25551,72011
29721,25552,72012
29722,25553,72016
29723,25554,72018
29724,25555,72023
29725,25556,72027
29726,25557,72029
29727,25558,72031
29728,25559,72032
29729,25560,72033
29730,25561,72037
29731,25562,72035
29732,25563,72043
29733,25564,72044
29734,25565,72052
29735,25566,72051
29736,25567,72054
29737,25568,72057
29738,25569,72062
29739,25569,72060
29740,25570,72064
29741,25570,72063
29742,25571,72063
29743,25572,72066
29744,25573,72065
29745,25574,72068
29746,25575,72074
29747,25576,72075
29748,25577,72079
29749,25578,72078
29750,25579,72080
29751,25580,72081
29752,25580,72080
29753,25581,72087
29754,25582,72085
29755,25583,72089
29756,25584,72090
29757,25585,72091
29758,25586,72093
29759,25587,72098
29760,25588,72100
29761,25589,72102
29762,25590,72104
29763,25591,72105
29764,25592,72107
29765,25593,72111
29766,25594,72117
29767,25595,72115
29768,25596,72118
29769,25597,72120
29770,25597,72121
29771,25598,72125
29772,25599,72130
29773,25600,72128
29774,25601,72131
29775,25602,72133
29776,25602,72131
29777,25603,72136
29778,25604,72141
29779,25604,72142
29780,25605,72140
29781,25606,72145
29782,25607,72146
29783,25607,72147
29784,25608,72149
29785,25609,72156
29786,25609,72157
29787,25610,72162
29788,25611,72167
29789,25612,72169
29790,25613,72168
29791,25614,72171
29792,25615,72174
29793,25616,72176
29794,25617,72178
29795,25618,72187
29796,25619,72192
29797,25620,72194
29798,25621,72196
29799,25622,72195
29800,25623,72199
29801,25624,72206
29802,25625,72212
29803,25626,72213
29804,25627,72214
29805,25628,72218
29806,25629,72221
29807,25630,72224
29808,25631,72228
29809,25632,72230
29810,25633,72232
29811,25634,72235
29812,25635,72239
29813,25635,72238
29814,25636,72238
29815,25637,72242
29816,25638,72244
29817,25639,72245
29818,25640,72246
29819,25640,72245
29820,25641,72250
29821,25642,72254
29822,25643,72256
29823,25644,72255
29824,25645,72257
29825,25646,72262
29826,25647,72264
29827,25648,72263
29828,25649,72269
29829,25650,72270
29830,25651,72275
29831,25652,72277
29832,25653,72281
29833,25654,72282
29834,25655,72285
29835,25656,72291
29836,25656,72290
29837,25657,72289
29838,25657,72292
29839,25658,72295
29840,25659,72298
29841,25660,72299
29842,25661,72301
29843,25662,72305
29844,25663,72311
29845,25664,72312
29846,25665,72315
29847,25666,72319
29848,25667,72327
29849,25668,72330
29850,25668,72331
29851,25669,72333
29852,25670,72336
29853,25671,72337
29854,25672,72338
29855,25673,72340
29856,25674,72343
29857,25674,72344
29858,25675,72345
29859,25676,72346
29860,25676,72345
29861,25677,72351
29862,25677,72352
29863,25678,72354
29864,25679,72361
29865,25680,72360
29866,25681,72365
29867,25681,72366
29868,25682,72368
29869,25682,72367
29870,25683,72369
29871,25684,72371
29872,25685,72380
29873,25686,72381
29874,25687,72382
29875,25687,72384
29876,25688,72385
29877,25688,72387
29878,25689,72386
29879,25690,72401
29880,25691,72400
29881,25692,72405
29882,25693,72403
29883,25693,72402
29884,25694,72412
29885,25695,72416
29886,25695,72413
29887,25696,72414
29888,25697,72418
29889,25698,72420
29890,25699,72419
29891,25700,72422
29892,25701,72423
29893,25702,72424
29894,25703,72439
29895,25704,72442
29896,25705,72449
29897,25706,72456
29898,25707,72454
29899,25708,72458
29900,25709,72466
29901,25710,72467
29902,25710,72466
29903,25711,72470
29904,25712,72474
29905,25713,72482
29906,25714,72480
29907,25715,72484
29908,25715,72483
29909,25716,72483
29910,25717,72485
29911,25718,72486
29912,25719,72490
29913,25719,72489
29914,25720,72489
29915,25721,72494
29916,25722,72495
29917,25723,72498
29918,25724,72512
29919,25725,72521
29920,25725,72522
29921,25726,72523
29922,25727,72524
29923,25728,72529
29924,25729,72528
29925,25730,72531
29926,25731,72532
29927,25732,72534
29928,25733,72536
29929,25733,72535
29930,25734,72540
29931,25734,72539
29932,25735,72539
29933,25736,72541
29934,25737,72545
29935,25737,72544
29936,25738,72544
29937,25738,72545
29938,25739,72547
29939,25739,72548
29940,25740,72551
29941,25740,72550
29942,25741,72553
29943,25742,72554
29944,25742,72553
29945,25743,72556
29946,25743,72555
29947,25744,72555
29948,25745,72558
29949,25746,72560
29950,25747,72561
29951,25747,72562
29952,25748,72562
29953,25749,72564
29954,25750,72566
29955,25750,72567
29956,25751,72571
29957,25752,72578
29958,25753,72579
29959,25754,72584
29960,25755,72590
29961,25755,72588
29962,25756,72596
29963,25757,72597
29964,25758,72601
29965,25759,72606
29966,25760,72613
29967,25761,72614
29968,25762,72618
29969,25763,72616
29970,25763,72617
29971,25764,72619
29972,25765,72624
29973,25765,72626
29974,25766,72631
29975,25767,72633
29976,25767,72634
29977,25768,72637
29978,25768,72636
29979,25769,72646
29980,25770,72645
29981,25771,72648
29982,25772,72647
29983,25773,72651
29984,25774,72654
29985,25775,72657
29986,25776,72658
29987,25776,72657
29988,25777,72663
29989,25777,72662
29990,25778,72667
29991,25779,72668
29992,25780,72669
29993,25781,72673
29994,25782,72677
29995,25783,72678
29996,25784,72682
29997,25785,72686
29998,25786,72690
29999,25787,72696
30000,25788,72694
30001,25789,72697
30002,25790,72700
30003,25791,72703
30004,25792,72702
30005,25793,72705
30006,25794,72708
30007,25795,72714
30008,25796,72715
30009,25797,72717
30010,25797,72716
30011,25798,72716
30012,25799,72725
30013,25800,72728
30014,25801,72736
30015,25802,72739
30016,25803,72740
30017,25804,72741
30018,25805,72743
30019,25806,72753
30020,25807,72755
30021,25808,72754
30022,25809,72760
30023,25810,72764
30024,25811,72765
30025,25812,72770
30026,25813,72767
30027,25813,72768
30028,25814,72771
30029,25815,72772
30030,25816,72773
30031,25817,72775
30032,25818,72781
30033,25819,72780
30034,25820,72782
30035,25821,72783
30036,25822,72788
30037,25823,72790
30038,25824,72795
30039,25825,72799
30040,25826,72801
30041,25827,72804
30042,25828,72813
30043,25829,72814
30044,25830,72818
30045,25831,72820
30046,25832,72819
30047,25832,72820
30048,25833,72821
30049,25834,72822
30050,25835,72824
30051,25836,72823
30052,25837,72830
30053,25837,72829
30054,25838,72838
30055,25839,72839
30056,25840,72844
30057,25841,72843
30058,25842,72846
30059,25843,72847
30060,25843,72845
30061,25844,72851
30062,25845,72848
30063,25846,72852
30064,25847,72853
30065,25847,72852
30066,25848,72862
30067,25849,72865
30068,25850,72868
30069,25851,72867
30070,25852,72871
30071,25853,72872
30072,25854,72875
30073,25855,72879
30074,25856,72881
30075,25857,72886
30076,25858,72890
30077,25859,72895
30078,25859,72894
30079,25860,72896
30080,25861,72897
30081,25862,72898
30082,25863,72900
30083,25863,72898
30084,25864,72904
30085,25865,72903
30086,25866,72907
30087,25867,72906
30088,25868,72908
30089,25869,72910
30090,25870,72912
30091,25871,72918
30092,25872,72917
30093,25873,72922
30094,25874,72923
30095,25875,72924
30096,25876,72925
30097,25877,72928
30098,25878,72929
30099,25879,72932
30100,25880,72936
30101,25881,72937
30102,25882,72938
30103,25883,72946
30104,25883,72949
30105,25884,72948
30106,25885,72953
30107,25885,72951
30108,25886,72955
30109,25887,72957
30110,25888,72958
30111,25889,72970
30112,25890,72969
30113,25891,72972
30114,25891,72971
30115,25892,72975
30116,25893,72979
30117,25893,72978
30118,25894,72987
30119,25894,72986
30120,25895,72985
30121,25896,72988
30122,25897,72990
30123,25897,72991
30124,25898,72989
30125,25899,72994
30126,25900,72996
30127,25900,72997
30128,25901,72997
30129,25902,72999
30130,25903,73001
30131,25904,73002
30132,25905,73005
30133,25906,73007
30134,25907,73010
30135,25908,73012
30136,25909,73013
30137,25910,73016
30138,25911,73015
30139,25912,73020
30140,25913,73018
30141,25913,73017
30142,25914,73023
30143,25915,73025
30144,25916,73027
30145,25916,73025
30146,25917,73029
30147,25917,73028
30148,25918,73032
30149,25919,73035
30150,25920,73040
30151,25920,73039
30152,25921,73037
30153,25922,73044
30154,25923,73045
30155,25923,73046
30156,25924,73047
30157,25925,73049
30158,25926,73052
30159,25926,73050
30160,25927,73051
30161,25928,73061
30162,25929,73058
30163,25930,73064
30164,25931,73065
30165,25932,73069
30166,25933,73071
30167,25934,73072
30168,25935,73073
30169,25936,73076
30170,25937,73075
30171,25938,73078
30172,25939,73079
30173,25940,73084
30174,25941,73082
30175,25942,73088
30176,25943,73093
30177,25944,73094
30178,25944,73093
30179,25945,73099
30180,25946,73100
30181,25947,73101
30182,25948,73114
30183,25949,73118
30184,25949,73117
30185,25950,73126
30186,25951,73124
30187,25952,73130
30188,25953,73129
30189,25954,73136
30190,25955,73135
30191,25955,73138
30192,25956,73142
30193,25957,73147
30194,25958,73150
30195,25959,73149
30196,25960,73155
30197,25961,73162
30198,25961,73161
30199,25962,73164
30200,25963,73165
30201,25964,73168
30202,25965,73167
30203,25965,73168
30204,25966,73169
30205,25967,73170
30206,25968,73173
30207,25969,73174
30208,25970,73177
30209,25971,73182
30210,25972,73183
30211,25973,73192
30212,25973,73191
30213,25974,73194
30214,25975,73201
30215,25976,73200
30216,25977,73202
30217,25978,73203
30218,25978,73205
30219,25979,73210
30220,25980,73211
30221,25981,73214
30222,25982,73213
30223,25982,73214
30224,25983,73222
30225,25984,73228
30226,25985,73231
30227,25986,73235
30228,25987,73236
30229,25988,73238
30230,25989,73237
30231,25990,73241
30232,25991,73242
30233,25992,73247
30234,25993,73249
30235,25993,73248
30236,25994,73251
30237,25995,73252
30238,25996,73253
30239,25997,73255
30240,25998,73259
30241,25999,73265
30242,26000,73272
30243,26000,73271
30244,26001,73271
30245,26001,73272
30246,26002,73284
30247,26002,73283
30248,26003,73283
30249,26004,73289
30250,26005,73290
30251,26006,73294
30252,26007,73298
30253,26008,73303
30254,26009,73305
30255,26010,73306
30256,26011,73312
30257,26011,73311
30258,26012,73316
30259,26013,73315
30260,26014,73321
30261,26015,73323
30262,26016,73325
30263,26017,73331
30264,26018,73339
30265,26019,73340
30266,26020,73342
30267,26021,73343
30268,26022,73345
30269,26023,73344
30270,26024,73352
30271,26025,73353
30272,26026,73354
30273,26026,73355
30274,26027,73356
30275,26028,73360
30276,26029,73364
30277,26030,73366
30278,26031,73367
30279,26032,73368
30280,26033,73371
30281,26034,73373
30282,26035,73378
30283,26036,73380
30284,26037,73382
30285,26038,73388
30286,26039,73387
30287,26040,73390
30288,26041,73393
30289,26042,73399
30290,26043,73402
30291,26044,73405
30292,26045,73408
30293,26046,73409
30294,26047,73411
30295,26048,73413
30296,26048,73412
30297,26049,73415
30298,26050,73417
30299,26050,73416
30300,26051,73418
30301,26052,73428
30302,26053,73427
30303,26054,73432
30304,26055,73431
30305,26056,73438
30306,26057,73440
30307,26058,73444
30308,26059,73443
30309,26060,73446
30310,26061,73447
30311,26062,73448
30312,26063,73453
30313,26063,73454
30314,26064,73455
30315,26065,73456
30316,26065,73455
30317,26066,73460
30318,26067,73461
30319,26068,73471
30320,26069,73469
30321,26070,73474
30322,26070,73473
30323,26071,73476
30324,26072,73481
30325,26073,73480
30326,26073,73482
30327,26074,73487
30328,26075,73488
30329,26076,73491
30330,26077,73494
30331,26078,73498
30332,26079,73500
30333,26080,73499
30334,26080,73501
30335,26081,73510
30336,26082,73516
30337,26083,73518
30338,26084,73521
30339,26084,73522
30340,26085,73520
30341,26086,73524
30342,26087,73525
30343,26088,73527
30344,26089,73533
30345,26090,73536
30346,26091,73538
30347,26092,73539
30348,26093,73541
30349,26094,73544
30350,26095,73545
30351,26095,73543
30352,26096,73547
30353,26097,73548
30354,26098,73549
30355,26099,73550
30356,26100,73554
30357,26100,73551
30358,26101,73551
30359,26102,73557
30360,26103,73555
30361,26104,73562
30362,26105,73565
30363,26106,73567
30364,26106,73566
30365,26107,73568
30366,26108,73575
30367,26108,73576
30368,26109,73577
30369,26109,73575
30370,26110,73580
30371,26111,73581
30372,26111,73583
30373,26112,73584
30374,26113,73585
30375,26114,73586
30376,26115,73593
30377,26116,73591
30378,26117,73596
30379,26117,73597
30380,26118,73598
30381,26119,73605
30382,26120,73609
30383,26120,73606
30384,26121,73606
30385,26122,73610
30386,26123,73617
30387,26123,73618
30388,26124,73623
30389,26125,73622
30390,26126,73627
30391,26127,73633
30392,26127,73630
30393,26128,73630
30394,26128,73632
30395,26129,73637
30396,26130,73641
30397,26131,73649
30398,26132,73650
30399,26132,73651
30400,26133,73653
30401,26134,73654
30402,26135,73657
30403,26136,73658
30404,26137,73672
30405,26138,73677
30406,26139,73678
30407,26140,73687
30408,26141,73688
30409,26142,73691
30410,26143,73693
30411,26144,73694
30412,26145,73697
30413,26146,73702
30414,26147,73701
30415,26148,73710
30416,26149,73711
30417,26150,73712
30418,26150,73713
30419,26151,73713
30420,26152,73715
30421,26153,73714
30422,26154,73720
30423,26155,73723
30424,26156,73728
30425,26157,73727
30426,26158,73730
30427,26159,73731
30428,26159,73732
30429,26160,73741
30430,26161,73744
30431,26162,73746
30432,26163,73747
30433,26163,73748
30434,26164,73749
30435,26165,73753
30436,26166,73756
30437,26167,73757
30438,26167,73754
30439,26168,73765
30440,26169,73769
30441,26170,73767
30442,26171,73771
30443,26171,73770
30444,26172,73770
30445,26173,73774
30446,26174,73781
30447,26174,73780
30448,26175,73782
30449,26176,73783
30450,26177,73784
30451,26177,73783
30452,26178,73788
30453,26179,73794
30454,26179,73793
30455,26180,73796
30456,26181,73799
30457,26182,73803
30458,26183,73810
30459,26184,73808
30460,26184,73810
30461,26185,73814
30462,26186,73816
30463,26186,73813
30464,26187,73824
30465,26188,73826
30466,26189,73829
30467,26190,73830
30468,26191,73832
30469,26192,73845
30470,26193,73843
30471,26194,73848
30472,26195,73854
30473,26196,73863
30474,26197,73865
30475,26198,73871
30476,26199,73879
30477,26200,73885
30478,26201,73886
30479,26202,73892
30480,26202,73893
30481,26203,73899
30482,26204,73902
30483,26205,73903
30484,26206,73905
30485,26206,73904
30486,26207,73906
30487,26208,73907
30488,26209,73910
30489,26210,73913
30490,26211,73911
30491,26211,73914
30492,26212,73920
30493,26213,73921
30494,26214,73924
30495,26215,73926
30496,26216,73929
30497,26217,73928
30498,26217,73927
30499,26218,73931
30500,26219,73934
30501,26219,73933
30502,26220,73932
30503,26221,73943
30504,26222,73949
30505,26222,73948
30506,26223,73951
30507,26224,73957
30508,26224,73955
30509,26225,73963
30510,26226,73971
30511,26226,73970
30512,26227,73974
30513,26228,73983
30514,26229,73984
30515,26230,73985
30516,26231,73986
30517,26232,73990
30518,26233,73991
30519,26234,73992
30520,26235,73994
30521,26236,73993
30522,26236,73994
30523,26237,73995
30524,26238,73997
30525,26239,73996
30526,26239,73998
30527,26240,74002
30528,26241,74003
30529,26242,74006
30530,26243,74011
30531,26244,74015
30532,26244,74016
30533,26245,74016
30534,26246,74023
30535,26247,74025
30536,26248,74026
30537,26249,74029
30538,26250,74031
30539,26250,74030
30540,26251,74034
30541,26252,74035
30542,26253,74039
30543,26254,74038
30544,26254,74037
30545,26255,74040
30546,26255,74041
30547,26256,74041
30548,26257,74049
30549,26258,74054
30550,26259,74055
30551,26260,74058
30552,26261,74061
30553,26262,74062
30554,26263,74065
30555,26264,74076
30556,26265,74075
30557,26266,74077
30558,26267,74082
30559,26268,74085
30560,26269,74084
30561,26269,74085
30562,26270,74088
30563,26271,74091
30564,26272,74089
30565,26273,74097
30566,26273,74098
30567,26274,74095
30568,26275,74109
30569,26276,74110
30570,26276,74109
30571,26277,74111
30572,26278,74112
30573,26279,74113
30574,26280,74115
30575,26280,74116
30576,26281,74116
30577,26281,74117
30578,26282,74118
30579,26283,74119
30580,26284,74123
30581,26285,74125
30582,26286,74128
30583,26287,74127
30584,26288,74137
30585,26289,74136
30586,26290,74139
30587,26291,74147
30588,26292,74146
30589,26293,74149
30590,26294,74150
30591,26294,74148
30592,26295,74152
30593,26296,74155
30594,26296,74154
30595,26297,74160
30596,26298,74163
30597,26299,74166
30598,26300,74167
30599,26301,74168
30600,26302,74169
30601,26302,74168
30602,26303,74173
30603,26304,74174
30604,26305,74175
30605,26306,74176
30606,26307,74187
30607,26307,74188
30608,26308,74190
30609,26309,74193
30610,26310,74195
30611,26311,74198
30612,26312,74199
30613,26313,74201
30614,26314,74208
30615,26314,74207
30616,26315,74212
30617,26316,74213
30618,26317,74215
30619,26318,74216
30620,26318,74215
30621,26319,74218
30622,26320,74219
30623,26321,74223
30624,26322,74224
30625,26322,74226
30626,26323,74227
30627,26324,74231
30628,26325,74232
30629,26326,74236
30630,26327,74234
30631,26328,74242
30632,26329,74243
30633,26330,74249
30634,26331,74250
30635,26332,74252
30636,26333,74253
30637,26334,74255
30638,26335,74254
30639,26336,74258
30640,26337,74262
30641,26338,74263
30642,26339,74266
30643,26340,74272
30644,26341,74270
30645,26342,74273
30646,26343,74274
30647,26344,74276
30648,26344,74277
30649,26345,74275
30650,26346,74279
30651,26347,74280
30652,26348,74282
30653,26349,74283
30654,26350,74285
30655,26350,74286
30656,26351,74286
30657,26352,74288
30658,26353,74289
30659,26354,74293
30660,26355,74294
30661,26356,74296
30662,26357,74295
30663,26358,74297
30664,26359,74298
30665,26360,74300
30666,26361,74306
30667,26362,74309
30668,26363,74315
30669,26364,74316
30670,26365,74317
30671,26366,74318
30672,26366,74320
30673,26367,74321
30674,26368,74324
30675,26368,74325
30676,26369,74325
30677,26370,74326
30678,26371,74333
30679,26371,74334
30680,26372,74334
30681,26373,74340
30682,26373,74341
30683,26374,74341
30684,26374,74340
30685,26375,74342
30686,26376,74343
30687,26377,74344
30688,26378,74348
30689,26379,74347
30690,26380,74353
30691,26381,74355
30692,26382,74362
30693,26383,74364
30694,26384,74366
30695,26384,74368
30696,26385,74381
30697,26386,74389
30698,26386,74388
30699,26387,74388
30700,26388,74398
30701,26389,74399
30702,26390,74403
30703,26391,74401
30704,26392,74405
30705,26393,74404
30706,26394,74407
30707,26395,74414
30708,26396,74416
30709,26397,74415
30710,26398,74417
30711,26399,74418
30712,26400,74425
30713,26400,74426
30714,26401,74428
30715,26402,74431
30716,26403,74429
30717,26404,74432
30718,26405,74433
30719,26406,74436
30720,26406,74435
30721,26407,74442
30722,26407,74443
30723,26408,74444
30724,26408,74445
30725,26409,74450
30726,26410,74456
30727,26411,74455
30728,26412,74457
30729,26413,74458
30730,26413,74457
30731,26414,74469
30732,26415,74470
30733,26416,74475
30734,26417,74478
30735,26418,74481
30736,26419,74483
30737,26420,74484
30738,26421,74486
30739,26422,74485
30740,26422,74486
30741,26423,74489
30742,26424,74492
30743,26425,74495
30744,26426,74496
30745,26427,74497
30746,26427,74498
30747,26428,74504
30748,26428,74503
30749,26429,74505
30750,26429,74503
30751,26430,74508
30752,26431,74506
30753,26432,74509
30754,26433,74510
30755,26434,74515
30756,26434,74516
30757,26435,74523
30758,26435,74522
30759,26436,74526
30760,26437,74532
30761,26438,74541
30762,26439,74540
30763,26440,74545
30764,26441,74546
30765,26442,74550
30766,26443,74551
30767,26444,74554
30768,26445,74556
30769,26446,74555
30770,26447,74563
30771,26448,74565
30772,26449,74566
30773,26450,74568
30774,26451,74570
30775,26452,74571
30776,26453,74574
30777,26454,74573
30778,26455,74578
30779,26456,74575
30780,26457,74581
30781,26458,74583
30782,26459,74587
30783,26460,74584
30784,26460,74586
30785,26461,74588
30786,26462,74591
30787,26462,74589
30788,26463,74589
30789,26463,74592
30790,26464,74596
30791,26465,74598
30792,26466,74607
30793,26467,74612
30794,26468,74615
30795,26469,74631
30796,26470,74632
30797,26471,74635
30798,26471,74634
30799,26472,74638
30800,26473,74642
30801,26474,74644
30802,26475,74645
30803,26476,74648
30804,26477,74649
30805,26478,74651
30806,26479,74652
30807,26480,74655
30808,26480,74657
30809,26481,74657
30810,26482,74658
30811,26483,74659
30812,26484,74660
30813,26485,74661
30814,26486,74662
30815,26487,74667
30816,26488,74666
30817,26489,74672
30818,26490,74673
30819,26491,74677
30820,26492,74676
30821,26492,74677
30822,26493,74679
30823,26494,74678
30824,26494,74679
30825,26495,74688
30826,26496,74694
30827,26496,74695
30828,26497,74697
30829,26498,74699
30830,26498,74698
30831,26499,74700
30832,26500,74707
30833,26500,74706
30834,26501,74708
30835,26502,74712
30836,26503,74713
30837,26504,74714
30838,26505,74718
30839,26506,74724
30840,26507,74726
30841,26508,74729
30842,26509,74730
30843,26510,74732
30844,26510,74731
30845,26511,74738
30846,26512,74737
30847,26513,74739
30848,26514,74740
30849,26515,74743
30850,26515,74744
30851,26516,74741
30852,26517,74747
30853,26518,74750
30854,26519,74756
30855,26520,74760
30856,26521,74763
30857,26522,74768
30858,26523,74770
30859,26524,74771
30860,26524,74769
30861,26525,74773
30862,26526,74777
30863,26526,74774
30864,26527,74776
30865,26528,74778
30866,26529,74779
30867,26530,74784
30868,26531,74782
30869,26532,74788
30870,26533,74789
30871,26534,74792
30872,26534,74793
30873,26535,74797
30874,26536,74802
30875,26537,74801
30876,26538,74810
30877,26538,74808
30878,26539,74811
30879,26539,74812
30880,26540,74813
30881,26541,74814
30882,26542,74817
30883,26543,74818
30884,26544,74822
30885,26545,74823
30886,26545,74822
30887,26546,74825
30888,26546,74826
30889,26547,74826
30890,26548,74827
30891,26549,74830
30892,26550,74835
30893,26551,74840
30894,26551,74837
30895,26552,74837
30896,26552,74839
30897,26553,74844
30898,26554,74845
30899,26555,74853
30900,26556,74850
30901,26556,74853
30902,26557,74854
30903,26558,74855
30904,26559,74856
30905,26560,74857
30906,26561,74862
30907,26562,74860
30908,26563,74863
30909,26564,74870
30910,26565,74871
30911,26566,74872
30912,26567,74873
30913,26568,74876
30914,26568,74877
30915,26569,74878
30916,26570,74880
30917,26571,74885
30918,26572,74884
30919,26573,74890
30920,26574,74893
30921,26575,74894
30922,26576,74899
30923,26577,74903
30924,26578,74904
30925,26578,74903
30926,26579,74908
30927,26580,74910
30928,26581,74914
30929,26582,74923
30930,26583,74924
30931,26584,74928
30932,26585,74930
30933,26585,74929
30934,26586,74933
30935,26587,74940
30936,26588,74945
30937,26588,74944
30938,26589,74946
30939,26590,74947
30940,26591,74951
30941,26591,74950
30942,26592,74953
30943,26592,74952
30944,26593,74952
30945,26594,74957
30946,26595,74956
30947,26596,74959
30948,26597,74960
30949,26598,74963
30950,26599,74968
30951,26600,74966
30952,26601,74971
30953,26602,74976
30954,26603,74986
30955,26604,74996
30956,26605,74998
30957,26605,74997
30958,26606,74997
30959,26606,74998
30960,26607,75000
30961,26607,75001
30962,26608,75003
30963,26608,75001
30964,26609,75005
30965,26610,75006
30966,26610,75004
30967,26611,75007
30968,26612,75015
30969,26613,75020
30970,26614,75023
30971,26615,75025
30972,26616,75026
30973,26617,75027
30974,26618,75033
30975,26618,75032
30976,26619,75032
30977,26620,75035
30978,26621,75037
30979,26622,75039
30980,26623,75048
30981,26624,75047
30982,26625,75050
30983,26626,75051
30984,26627,75055
30985,26628,75056
30986,26629,75059
30987,26630,75060
30988,26630,75062
30989,26631,75063
30990,26631,75062
30991,26632,75067
30992,26633,75066
30993,26633,75067
30994,26634,75068
30995,26635,75069
30996,26635,75071
30997,26636,75072
30998,26637,75076
30999,26638,75073
31000,26639,75079
31001,26640,75085
31002,26641,75086
31003,26642,75090
31004,26643,75092
31005,26644,75091
31006,26644,75092
31007,26645,75097
31008,26646,75103
31009,26647,75105
31010,26648,75109
31011,26649,75111
31012,26650,75116
31013,26651,75117
31014,26652,75118
31015,26653,75123
31016,26654,75127
31017,26655,75129
31018,26655,75128
31019,26656,75130
31020,26657,75131
31021,26658,75139
31022,26659,75145
31023,26659,75146
31024,26660,75147
31025,26660,75146
31026,26661,75149
31027,26662,75153
31028,26663,75155
31029,26664,75156
31030,26665,75158
31031,26666,75159
31032,26667,75160
31033,26668,75161
31034,26669,75165
31035,26669,75164
31036,26670,75166
31037,26671,75168
31038,26671,75170
31039,26672,75175
31040,26672,75174
31041,26673,75176
31042,26673,75174
31043,26674,75178
31044,26675,75177
31045,26676,75183
31046,26677,75184
31047,26678,75185
31048,26679,75188
31049,26680,75187
31050,26681,75190
31051,26682,75189
31052,26683,75196
31053,26684,75195
31054,26685,75200
31055,26686,75202
31056,26687,75205
31057,26688,75206
31058,26689,75207
31059,26690,75208
31060,26691,75212
31061,26692,75211
31062,26693,75215
31063,26694,75216
31064,26694,75214
31065,26695,75225
31066,26696,75222
31067,26697,75231
31068,26697,75232
31069,26698,75233
31070,26699,75239
31071,26700,75241
31072,26701,75240
31073,26701,75241
31074,26702,75242
31075,26702,75244
31076,26703,75248
31077,26704,75251
31078,26705,75256
31079,26706,75258
31080,26706,75257
31081,26707,75259
31082,26708,75265
31083,26709,75266
31084,26710,75277
31085,26711,75278
31086,26712,75279
31087,26713,75280
31088,26714,75282
31089,26715,75291
31090,26716,75292
31091,26717,75295
31092,26717,75294
31093,26718,75294
31094,26718,75293
31095,26719,75297
31096,26720,75301
31097,26720,75299
31098,26721,75309
31099,26722,75310
31100,26723,75316
31101,26724,75320
31102,26725,75327
31103,26726,75336
31104,26727,75339
31105,26728,75340
31106,26729,75341
31107,26729,75340
31108,26730,75342
31109,26731,75344
31110,26732,75349
31111,26733,75347
31112,26734,75350
31113,26735,75351
31114,26736,75354
31115,26737,75353
31116,26738,75362
31117,26739,75367
31118,26740,75369
31119,26741,75370
31120,26742,75372
31121,26742,75373
31122,26743,75376
31123,26744,75379
31124,26745,75382
31125,26746,75381
31126,26746,75383
31127,26747,75391
31128,26748,75393
31129,26749,75398
31130,26750,75404
31131,26751,75402
31132,26752,75410
31133,26753,75409
31134,26754,75412
31135,26755,75416
31136,26756,75415
31137,26757,75419
31138,26758,75421
31139,26759,75422
31140,26759,75421
31141,26760,75425
31142,26760,75423
31143,26761,75426
31144,26762,75427
31145,26763,75428
31146,26764,75431
31147,26765,75434
31148,26765,75437
31149,26766,75438
31150,26767,75441
31151,26768,75439
31152,26769,75442
31153,26770,75444
31154,26771,75447
31155,26772,75452
31156,26773,75455
31157,26774,75465
31158,26774,75464
31159,26775,75468
31160,26776,75473
31161,26776,75475
31162,26777,75481
31163,26777,75483
31164,26778,75484
31165,26779,75485
31166,26780,75487
31167,26781,75488
31168,26782,75489
31169,26783,75492
31170,26783,75493
31171,26784,75493
31172,26784,75492
31173,26785,75494
31174,26786,75498
31175,26787,75497
31176,26788,75501
31177,26788,75500
31178,26789,75500
31179,26790,75502
31180,26791,75506
31181,26792,75507
31182,26793,75509
31183,26794,75508
31184,26794,75509
31185,26795,75513
31186,26796,75516
31187,26797,75515
31188,26798,75519
31189,26798,75518
31190,26799,75520
31191,26800,75524
31192,26801,75522
31193,26802,75529
31194,26803,75530
31195,26804,75531
31196,26804,75532
31197,26805,75533
31198,26805,75535
31199,26806,75537
31200,26807,75538
31201,26808,75541
31202,26809,75548
31203,26810,75549
31204,26811,75550
31205,26812,75561
31206,26813,75560
31207,26813,75562
31208,26814,75563
31209,26815,75568
31210,26816,75570
31211,26817,75573
31212,26817,75571
31213,26818,75572
31214,26819,75582
31215,26820,75583
31216,26821,75584
31217,26822,75585
31218,26823,75586
31219,26824,75590
31220,26825,75588
31221,26826,75593
31222,26827,75598
31223,26828,75606
31224,26829,75608
31225,26830,75610
31226,26831,75620
31227,26832,75624
31228,26833,75625
31229,26834,75629
31230,26835,75628
31231,26836,75630
31232,26837,75633
31233,26838,75639
31234,26838,75638
31235,26839,75638
31236,26840,75641
31237,26841,75647
31238,26841,75646
31239,26842,75650
31240,26842,75649
31241,26843,75652
31242,26843,75654
31243,26844,75654
31244,26845,75657
31245,26846,75655
31246,26847,75658
31247,26848,75659
31248,26849,75667
31249,26850,75669
31250,26851,75668
31251,26852,75672
31252,26853,75673
31253,26854,75674
31254,26855,75685
31255,26856,75689
31256,26856,75686
31257,26857,75687
31258,26858,75691
31259,26859,75690
31260,26860,75694
31261,26861,75693
31262,26862,75698
31263,26863,75697
31264,26863,75698
31265,26864,75699
31266,26864,75701
31267,26865,75703
31268,26866,75704
31269,26867,75705
31270,26868,75706
31271,26869,75708
31272,26870,75709
31273,26871,75712
31274,26872,75716
31275,26873,75717
31276,26874,75720
31277,26874,75722
31278,26875,75721
31279,26876,75724
31280,26876,75723
31281,26877,75728
31282,26878,75727
31283,26878,75728
31284,26879,75731
31285,26880,75732
31286,26880,75731
31287,26881,75733
31288,26882,75737
31289,26883,75736
31290,26883,75738
31291,26884,75742
31292,26885,75745
31293,26886,75744
31294,26887,75746
31295,26888,75751
31296,26888,75749
31297,26889,75749
31298,26890,75752
31299,26891,75755
31300,26892,75754
31301,26893,75765
31302,26894,75771
31303,26895,75773
31304,26896,75772
31305,26896,75773
31306,26897,75774
31307,26898,75778
31308,26899,75779
31309,26900,75781
31310,26900,75783
31311,26901,75783
31312,26902,75786
31313,26902,75785
31314,26903,75790
31315,26904,75792
31316,26905,75798
31317,26905,75797
31318,26906,75801
31319,26907,75808
31320,26908,75811
31321,26909,75812
31322,26909,75810
31323,26910,75813
31324,26911,75814
31325,26912,75818
31326,26913,75817
31327,26913,75816
31328,26914,75820
31329,26915,75827
31330,26916,75828
31331,26916,75827
31332,26917,75836
31333,26918,75840
31334,26919,75842
31335,26920,75843
31336,26921,75847
31337,26922,75848
31338,26923,75849
31339,26924,75851
31340,26924,75852
31341,26925,75855
31342,26926,75860
31343,26927,75863
31344,26928,75864
31345,26929,75873
31346,26930,75872
31347,26931,75881
31348,26932,75883
31349,26933,75890
31350,26934,75898
31351,26935,75897
31352,26936,75903
31353,26937,75909
31354,26938,75908
31355,26939,75914
31356,26940,75915
31357,26941,75916
31358,26942,75923
31359,26943,75925
31360,26944,75929
31361,26945,75928
31362,26946,75941
31363,26947,75944
31364,26948,75947
31365,26949,75950
31366,26950,75949
31367,26950,75948
31368,26951,75952
31369,26952,75951
31370,26953,75959
31371,26954,75962
31372,26955,75963
31373,26956,75964
31374,26957,75965
31375,26958,75970
31376,26959,75969
31377,26960,75974
31378,26961,75973
31379,26962,75975
31380,26962,75977
31381,26963,75977
31382,26964,75978
31383,26965,75980
31384,26966,75982
31385,26966,75981
31386,26967,75981
31387,26968,75983
31388,26969,75989
31389,26969,75988
31390,26970,75990
31391,26971,75993
31392,26972,75996
31393,26973,75995
31394,26973,75996
31395,26974,76000
31396,26975,76004
31397,26975,76006
31398,26976,76006
31399,26977,76010
31400,26978,76018
31401,26979,76019
31402,26980,76029
31403,26981,76038
31404,26981,76039
31405,26982,76047
31406,26983,76051
31407,26984,76053
31408,26985,76055
31409,26986,76058
31410,26987,76060
31411,26988,76059
31412,26989,76064
31413,26990,76070
31414,26991,76072
31415,26992,76071
31416,26993,76073
31417,26994,76074
31418,26995,76078
31419,26996,76076
31420,26997,76082
31421,26998,76085
31422,26999,76088
31423,27000,76089
31424,27001,76092
31425,27002,76091
31426,27003,76094
31427,27004,76096
31428,27005,76099
31429,27006,76105
31430,27007,76113
31431,27008,76112
31432,27008,76111
31433,27009,76119
31434,27010,76120
31435,27011,76121
31436,27012,76127
31437,27013,76129
31438,27014,76132
31439,27015,76137
31440,27016,76152
31441,27017,76155
31442,27018,76158
31443,27019,76164
31444,27019,76165
31445,27020,76162
31446,27021,76167
31447,27022,76170
31448,27022,76171
31449,27023,76176
31450,27024,76179
31451,27024,76181
31452,27025,76186
31453,27026,76187
31454,27027,76189
31455,27028,76190
31456,27029,76193
31457,27030,76197
31458,27031,76196
31459,27032,76200
31460,27033,76202
31461,27034,76203
31462,27035,76204
31463,27036,76209
31464,27037,76215
31465,27037,76214
31466,27038,76216
31467,27039,76217
31468,27040,76220
31469,27041,76221
31470,27042,76223
31471,27043,76226
31472,27044,76225
31473,27045,76233
31474,27046,76232
31475,27047,76234
31476,27048,76235
31477,27049,76237
31478,27050,76236
31479,27051,76248
31480,27052,76249
31481,27053,76250
31482,27054,76251
31483,27055,76253
31484,27056,76264
31485,27057,76266
31486,27058,76268
31487,27059,76272
31488,27060,76276
31489,27061,76275
31490,27062,76284
31491,27063,76287
31492,27064,76289
31493,27065,76292
31494,27066,76295
31495,27066,76294
31496,27067,76296
31497,27068,76300
31498,27069,76299
31499,27070,76301
31500,27071,76308
31501,27072,76315
31502,27073,76316
31503,27074,76323
31504,27075,76327
31505,27075,76325
31506,27076,76326
31507,27076,76325
31508,27077,76335
31509,27078,76340
31510,27079,76339
31511,27080,76343
31512,27080,76341
31513,27081,76345
31514,27082,76344
31515,27083,76346
31516,27084,76351
31517,27085,76352
31518,27086,76353
31519,27087,76354
31520,27088,76357
31521,27089,76355
31522,27090,76358
31523,27091,76359
31524,27092,76361
31525,27093,76363
31526,27094,76367
31527,27095,76371
31528,27096,76384
31529,27097,76385
31530,27098,76386
31531,27099,76394
31532,27100,76392
31533,27100,76393
31534,27101,76395
31535,27102,76405
31536,27103,76407
31537,27104,76408
31538,27105,76411
31539,27106,76412
31540,27107,76418
31541,27108,76421
31542,27109,76423
31543,27110,76427
31544,27110,76425
31545,27111,76425
31546,27111,76428
31547,27112,76432
31548,27113,76438
31549,27114,76440
31550,27115,76447
31551,27116,76444
31552,27116,76445
31553,27117,76452
31554,27118,76460
31555,27119,76463
31556,27120,76468
31557,27121,76467
31558,27122,76470
31559,27122,76469
31560,27123,76469
31561,27123,76470
31562,27124,76471
31563,27125,76472
31564,27126,76473
31565,27127,76485
31566,27127,76484
31567,27128,76486
31568,27129,76487
31569,27130,76492
31570,27131,76493
31571,27132,76494
31572,27133,76500
31573,27134,76501
31574,27134,76502
31575,27135,76502
31576,27136,76503
31577,27137,76504
31578,27138,76515
31579,27138,76516
31580,27139,76517
31581,27140,76519
31582,27141,76518
31583,27142,76526
31584,27143,76532
31585,27144,76533
31586,27144,76532
31587,27145,76534
31588,27146,76538
31589,27147,76536
31590,27148,76547
31591,27149,76549
31592,27150,76551
31593,27151,76553
31594,27152,76556
31595,27153,76557
31596,27153,76556
31597,27154,76561
31598,27155,76569
31599,27156,76572
31600,27157,76576
31601,27158,76577
31602,27158,76578
31603,27159,76586
31604,27160,76587
31605,27161,76588
31606,27162,76595
31607,27163,76597
31608,27164,76598
31609,27165,76601
31610,27165,76600
31611,27166,76602
31612,27167,76605
31613,27168,76607
31614,27169,76608
31615,27170,76612
31616,27171,76619
31617,27172,76620
31618,27173,76627
31619,27173,76628
31620,27174,76633
31621,27175,76635
31622,27175,76637
31623,27176,76634
31624,27177,76640
31625,27178,76642
31626,27179,76645
31627,27180,76655
31628,27181,76654
31629,27182,76656
31630,27183,76659
31631,27184,76668
31632,27185,76671
31633,27186,76670
31634,27186,76671
31635,27187,76677
31636,27187,76676
31637,27188,76679
31638,27189,76678
31639,27190,76697
31640,27191,76708
31641,27191,76707
31642,27192,76710
31643,27193,76712
31644,27193,76710
31645,27194,76713
31646,27195,76717
31647,27196,76721
31648,27196,76720
31649,27197,76722
31650,27198,76723
31651,27199,76724
31652,27200,76726
31653,27201,76729
31654,27202,76728
31655,27202,76729
31656,27203,76733
31657,27203,76732
31658,27204,76737
31659,27204,76735
31660,27205,76739
31661,27206,76751
31662,27207,76752
31663,27208,76759
31664,27209,76758
31665,27210,76762
31666,27211,76763
31667,27212,76770
31668,27213,76769
31669,27214,76775
31670,27215,76776
31671,27216,76777
31672,27216,76778
31673,27217,76788
31674,27218,76792
31675,27219,76801
31676,27220,76804
31677,27221,76803
31678,27222,76805
31679,27223,76809
31680,27224,76811
31681,27224,76812
31682,27225,76813
31683,27226,76814
31684,27226,76815
31685,27227,76819
31686,27228,76823
31687,27229,76824
31688,27230,76825
31689,27231,76827
31690,27232,76831
31691,27233,76829
31692,27233,76831
31693,27234,76833
31694,27235,76835
31695,27236,76836
31696,27237,76846
31697,27238,76848
31698,27239,76850
31699,27240,76852
31700,27241,76853
31701,27242,76859
31702,27243,76862
31703,27243,76861
31704,27244,76863
31705,27245,76868
31706,27245,76869
31707,27246,76869
31708,27247,76871
31709,27248,76879
31710,27249,76882
31711,27250,76890
31712,27251,76889
31713,27251,76890
31714,27252,76895
31715,27253,76894
31716,27254,76896
31717,27255,76901
31718,27256,76902
31719,27257,76906
31720,27258,76912
31721,27259,76911
31722,27259,76912
31723,27260,76913
31724,27261,76915
31725,27262,76916
31726,27263,76919
31727,27263,76920
31728,27264,76922
31729,27265,76927
31730,27265,76925
31731,27266,76930
31732,27267,76931
31733,27268,76932
31734,27269,76934
31735,27270,76936
31736,27270,76938
31737,27271,76937
31738,27271,76938
31739,27272,76943
31740,27273,76944
31741,27274,76946
31742,27275,76945
31743,27276,76955
31744,27277,76961
31745,27278,76962
31746,27278,76961
31747,27279,76964
31748,27280,76965
31749,27281,76974
31750,27282,76975
31751,27283,76976
31752,27283,76977
31753,27284,76982
31754,27285,76983
31755,27285,76984
31756,27286,76985
31757,27287,76987
31758,27288,76988
31759,27289,76989
31760,27290,76990
31761,27291,76995
31762,27292,76998
31763,27293,76997
31764,27294,77004
31765,27295,77008
31766,27296,77021
31767,27296,77022
31768,27297,77023
31769,27297,77024
31770,27298,77024
31771,27298,77023
31772,27299,77026
31773,27300,77030
31774,27301,77034
31775,27302,77039
31776,27303,77036
31777,27304,77040
31778,27305,77041
31779,27306,77043
31780,27307,77042
31781,27308,77044
31782,27308,77046
31783,27309,77048
31784,27310,77054
31785,27310,77053
31786,27311,77055
31787,27312,77064
31788,27312,77065
31789,27313,77067
31790,27313,77066
31791,27314,77069
31792,27315,77073
31793,27316,77082
31794,27316,77083
31795,27317,77083
31796,27318,77088
31797,27319,77091
31798,27320,77090
31799,27320,77092
31800,27321,77093
31801,27322,77094
31802,27322,77093
31803,27323,77099
31804,27324,77098
31805,27325,77102
31806,27326,77103
31807,27327,77105
31808,27327,77104
31809,27328,77106
31810,27329,77108
31811,27330,77112
31812,27331,77115
31813,27332,77119
31814,27333,77126
31815,27334,77127
31816,27335,77128
31817,27336,77131
31818,27337,77130
31819,27338,77133
31820,27338,77134
31821,27339,77134
31822,27340,77141
31823,27341,77140
31824,27341,77139
31825,27342,77147
31826,27343,77146
31827,27344,77150
31828,27344,77149
31829,27345,77157
31830,27345,77159
31831,27346,77162
31832,27347,77160
31833,27348,77167
31834,27349,77166
31835,27350,77173
31836,27350,77174
31837,27351,77176
31838,27352,77180
31839,27353,77181
31840,27354,77182
31841,27354,77183
31842,27355,77186
31843,27356,77190
31844,27356,77189
31845,27357,77189
31846,27358,77191
31847,27359,77192
31848,27359,77193
31849,27360,77201
31850,27360,77200
31851,27361,77200
31852,27362,77207
31853,27363,77208
31854,27364,77213
31855,27365,77214
31856,27366,77215
31857,27367,77218
31858,27368,77219
31859,27369,77221
31860,27370,77238
31861,27370,77237
31862,27371,77239
31863,27372,77250
31864,27372,77247
31865,27373,77247
31866,27374,77260
31867,27375,77263
31868,27375,77265
31869,27376,77265
31870,27377,77266
31871,27378,77269
31872,27379,77275
31873,27380,77281
31874,27381,77279
31875,27382,77288
31876,27383,77290
31877,27384,77289
31878,27385,77291
31879,27386,77293
31880,27387,77292
31881,27388,77294
31882,27389,77303
31883,27390,77302
31884,27390,77303
31885,27391,77305
31886,27392,77306
31887,27393,77312
31888,27393,77311
31889,27394,77314
31890,27394,77315
31891,27395,77321
31892,27396,77323
31893,27396,77322
31894,27397,77328
31895,27398,77329
31896,27399,77334
31897,27400,77335
31898,27401,77336
31899,27402,77343
31900,27403,77354
31901,27404,77355
31902,27404,77356
31903,27405,77356
31904,27406,77361
31905,27407,77362
31906,27408,77363
31907,27409,77373
31908,27410,77382
31909,27411,77384
31910,27412,77385
31911,27413,77386
31912,27414,77391
31913,27415,77394
31914,27416,77398
31915,27417,77402
31916,27418,77401
31917,27419,77405
31918,27419,77406
31919,27420,77407
31920,27421,77409
31921,27422,77413
31922,27423,77417
31923,27423,77415
31924,27424,77416
31925,27425,77419
31926,27426,77421
31927,27427,77422
31928,27428,77423
31929,27429,77424
31930,27430,77427
31931,27431,77429
31932,27432,77431
31933,27433,77433
31934,27434,77432
31935,27435,77435
31936,27436,77436
31937,27437,77438
31938,27437,77439
31939,27438,77443
31940,27439,77442
31941,27440,77460
31942,27441,77461
31943,27442,77468
31944,27442,77469
31945,27443,77469
31946,27444,77470
31947,27444,77472
31948,27445,77473
31949,27446,77474
31950,27446,77473
31951,27447,77479
31952,27448,77482
31953,27449,77483
31954,27450,77485
31955,27451,77486
31956,27452,77489
31957,27452,77487
31958,27453,77491
31959,27453,77492
31960,27454,77490
31961,27455,77496
31962,27456,77493
31963,27457,77499
31964,27458,77503
31965,27459,77504
31966,27460,77505
31967,27460,77504
31968,27461,77508
31969,27462,77509
31970,27463,77510
31971,27464,77511
31972,27464,77510
31973,27465,77512
31974,27466,77515
31975,27467,77516
31976,27468,77521
31977,27469,77522
31978,27469,77521
31979,27470,77529
31980,27471,77532
31981,27472,77533
31982,27473,77537
31983,27474,77534
31984,27475,77538
31985,27476,77543
31986,27477,77545
31987,27478,77550
31988,27479,77551
31989,27480,77557
31990,27481,77566
31991,27482,77567
31992,27483,77568
31993,27484,77572
31994,27485,77573
31995,27486,77575
31996,27487,77576
31997,27487,77575
31998,27488,77582
31999,27489,77584
32000,27490,77595
32001,27491,77596
32002,27492,77598
32003,27493,77603
32004,27494,77604
32005,27495,77606
32006,27495,77605
32007,27496,77607
32008,27497,77614
32009,27498,77612
32010,27499,77616
32011,27500,77621
32012,27501,77620
32013,27502,77623
32014,27503,77625
32015,27504,77628
32016,27505,77629
32017,27506,77630
32018,27507,77636
32019,27507,77637
32020,27508,77639
32021,27509,77643
32022,27510,77644
32023,27511,77645
32024,27511,77644
32025,27512,77646
32026,27513,77647
32027,27513,77648
32028,27514,77649
32029,27515,77654
32030,27516,77653
32031,27516,77654
32032,27517,77663
32033,27518,77662
32034,27519,77664
32035,27520,77665
32036,27521,77668
32037,27522,77672
32038,27523,77675
32039,27524,77691
32040,27524,77690
32041,27525,77693
32042,27526,77695
32043,27527,77697
32044,27528,77696
32045,27529,77701
32046,27530,77706
32047,27530,77709
32048,27531,77712
32049,27532,77714
32050,27532,77713
32051,27533,77717
32052,27534,77721
32053,27535,77720
32054,27536,77723
32055,27537,77724
32056,27538,77725
32057,27539,77727
32058,27540,77730
32059,27541,77728
32060,27542,77736
32061,27543,77738
32062,27544,77737
32063,27545,77740
32064,27546,77745
32065,27547,77743
32066,27548,77746
32067,27549,77747
32068,27550,77749
32069,27551,77754
32070,27552,77757
32071,27553,77763
32072,27553,77762
32073,27554,77770
32074,27555,77775
32075,27556,77776
32076,27556,77777
32077,27557,77778
32078,27557,77777
32079,27558,77780
32080,27559,77785
32081,27560,77787
32082,27561,77786
32083,27562,77788
32084,27563,77793
32085,27564,77795
32086,27565,77799
32087,27566,77802
32088,27566,77803
32089,27567,77805
32090,27568,77806
32091,27569,77809
32092,27570,77808
32093,27571,77814
32094,27572,77812
32095,27573,77820
32096,27574,77819
32097,27575,77822
32098,27576,77823
32099,27577,77824
32100,27578,77827
32101,27579,77826
32102,27579,77827
32103,27580,77828
32104,27581,77835
32105,27582,77841
32106,27583,77842
32107,27584,77845
32108,27585,77844
32109,27585,77845
32110,27586,77848
32111,27587,77849
32112,27588,77850
32113,27589,77851
32114,27590,77852
32115,27591,77854
32116,27592,77857
32117,27593,77861
32118,27594,77873
32119,27595,77876
32120,27596,77874
32121,27597,77877
32122,27598,77880
32123,27599,77881
32124,27599,77880
32125,27600,77890
32126,27600,77888
32127,27601,77889
32128,27601,77890
32129,27602,77898
32130,27602,77897
32131,27603,77909
32132,27604,77906
32133,27605,77918
32134,27606,77921
32135,27607,77922
32136,27607,77923
32137,27608,77927
32138,27608,77928
32139,27609,77930
32140,27610,77931
32141,27611,77937
32142,27611,77938
32143,27612,77939
32144,27613,77941
32145,27614,77944
32146,27615,77946
32147,27616,77947
32148,27617,77951
32149,27618,77958
32150,27619,77960
32151,27620,77961
32152,27621,77962
32153,27622,77963
32154,27623,77972
32155,27624,77979
32156,27625,77985
32157,27626,77987
32158,27627,77993
32159,27628,77995
32160,27629,77998
32161,27630,77996
32162,27631,78000
32163,27632,78004
32164,27633,78005
32165,27634,78014
32166,27635,78021
32167,27636,78020
32168,27637,78023
32169,27638,78032
32170,27639,78035
32171,27640,78033
32172,27641,78039
32173,27641,78038
32174,27642,78037
32175,27643,78046
32176,27644,78053
32177,27645,78056
32178,27646,78058
32179,27647,78065
32180,27648,78070
32181,27649,78076
32182,27650,78074
32183,27651,78078
32184,27652,78080
32185,27653,78081
32186,27654,78088
32187,27655,78085
32188,27656,78092
32189,27657,78099
32190,27657,78098
32191,27658,78098
32192,27659,78102
32193,27660,78101
32194,27661,78109
32195,27662,78110
32196,27663,78111
32197,27664,78112
32198,27665,78117
32199,27666,78119
32200,27666,78118
32201,27667,78118
32202,27668,78125
32203,27669,78124
32204,27669,78125
32205,27670,78126
32206,27671,78133
32207,27671,78135
32208,27672,78135
32209,27673,78137
32210,27674,78139
32211,27675,78143
32212,27676,78142
32213,27677,78144
32214,27678,78145
32215,27679,78146
32216,27680,78147
32217,27681,78149
32218,27682,78151
32219,27683,78150
32220,27684,78154
32221,27685,78155
32222,27686,78162
32223,27687,78160
32224,27688,78163
32225,27689,78168
32226,27690,78170
32227,27691,78172
32228,27692,78173
32229,27693,78175
32230,27694,78176
32231,27695,78177
32232,27696,78180
32233,27697,78183
32234,27698,78184
32235,27699,78185
32236,27699,78186
32237,27700,78187
32238,27700,78188
32239,27701,78190
32240,27702,78189
32241,27703,78193
32242,27704,78192
32243,27705,78200
32244,27706,78204
32245,27707,78206
32246,27708,78208
32247,27709,78211
32248,27710,78213
32249,27711,78221
32250,27712,78223
32251,27713,78231
32252,27714,78234
32253,27714,78235
32254,27715,78235
32255,27716,78237
32256,27717,78241
32257,27718,78240
32258,27718,78241
32259,27719,78242
32260,27719,78243
32261,27720,78243
32262,27721,78249
32263,27722,78254
32264,27723,78255
32265,27724,78258
32266,27725,78261
32267,27725,78259
32268,27726,78262
32269,27727,78263
32270,27728,78264
32271,27729,78266
32272,27730,78270
32273,27731,78271
32274,27732,78279
32275,27732,78277
32276,27733,78276
32277,27734,78285
32278,27735,78284
32279,27736,78288
32280,27737,78289
32281,27737,78290
32282,27738,78294
32283,27739,78295
32284,27739,78294
32285,27740,78297
32286,27741,78300
32287,27742,78302
32288,27743,78301
32289,27744,78303
32290,27745,78304
32291,27746,78311
32292,27747,78313
32293,27748,78316
32294,27748,78315
32295,27749,78326
32296,27749,78325
32297,27750,78325
32298,27750,78326
32299,27751,78328
32300,27752,78330
32301,27753,78331
32302,27754,78332
32303,27755,78337
32304,27756,78335
32305,27757,78338
32306,27758,78340
32307,27759,78339
32308,27760,78342
32309,27761,78345
32310,27762,78346
32311,27763,78348
32312,27764,78347
32313,27765,78351
32314,27766,78349
32315,27767,78353
32316,27768,78357
32317,27769,78358
32318,27770,78359
32319,27771,78360
32320,27772,78362
32321,27773,78363
32322,27774,78364
32323,27775,78370
32324,27776,78371
32325,27777,78380
32326,27778,78381
32327,27779,78382
32328,27780,78393
32329,27781,78395
32330,27782,78397
32331,27782,78396
32332,27783,78398
32333,27784,78400
32334,27785,78406
32335,27785,78407
32336,27786,78407
32337,27786,78406
32338,27787,78412
32339,27788,78413
32340,27789,78415
32341,27789,78416
32342,27790,78416
32343,27791,78426
32344,27792,78428
32345,27793,78431
32346,27794,78432
32347,27795,78435
32348,27795,78433
32349,27796,78436
32350,27797,78440
32351,27798,78444
32352,27799,78441
32353,27800,78447
32354,27801,78450
32355,27802,78448
32356,27802,78449
32357,27803,78453
32358,27804,78455
32359,27805,78458
32360,27806,78459
32361,27807,78460
32362,27808,78461
32363,27809,78462
32364,27810,78463
32365,27810,78462
32366,27811,78466
32367,27812,78472
32368,27813,78473
32369,27814,78474
32370,27814,78476
32371,27815,78478
32372,27816,78481
32373,27816,78483
32374,27817,78483
32375,27818,78485
32376,27819,78487
32377,27820,78490
32378,27821,78492
32379,27822,78494
32380,27823,78499
32381,27824,78514
32382,27825,78512
32383,27826,78516
32384,27827,78517
32385,27828,78518
32386,27829,78519
32387,27830,78521
32388,27831,78522
32389,27832,78523
32390,27832,78524
32391,27833,78525
32392,27834,78527
32393,27834,78528
32394,27835,78529
32395,27836,78536
32396,27837,78535
32397,27838,78539
32398,27839,78537
32399,27840,78543
32400,27841,78547
32401,27841,78548
32402,27842,78548
32403,27843,78549
32404,27844,78551
32405,27844,78550
32406,27845,78552
32407,27846,78553
32408,27847,78559
32409,27848,78560
32410,27849,78561
32411,27850,78567
32412,27851,78571
32413,27851,78573
32414,27852,78573
32415,27852,78574
32416,27853,78578
32417,27854,78580
32418,27855,78583
32419,27856,78584
32420,27857,78585
32421,27858,78591
32422,27859,78590
32423,27859,78591
32424,27860,78596
32425,27860,78595
32426,27861,78593
32427,27862,78597
32428,27863,78605
32429,27864,78607
32430,27865,78615
32431,27866,78616
32432,27867,78625
32433,27868,78627
32434,27869,78628
32435,27870,78632
32436,27871,78631
32437,27872,78633
32438,27873,78634
32439,27874,78635
32440,27875,78637
32441,27876,78642
32442,27877,78644
32443,27878,78645
32444,27879,78650
32445,27880,78658
32446,27881,78659
32447,27882,78661
32448,27883,78663
32449,27884,78668
32450,27885,78670
32451,27885,78669
32452,27886,78669
32453,27887,78673
32454,27887,78674
32455,27888,78674
32456,27889,78675
32457,27890,78677
32458,27891,78678
32459,27892,78679
32460,27893,78683
32461,27894,78687
32462,27895,78686
32463,27895,78687
32464,27896,78689
32465,27896,78688
32466,27897,78688
32467,27898,78692
32468,27899,78696
32469,27900,78698
32470,27901,78700
32471,27902,78701
32472,27903,78704
32473,27904,78706
32474,27905,78705
32475,27906,78710
32476,27907,78713
32477,27908,78714
32478,27908,78715
32479,27909,78717
32480,27910,78718
32481,27911,78725
32482,27912,78729
32483,27912,78727
32484,27913,78730
32485,27914,78732
32486,27915,78731
32487,27915,78732
32488,27916,78735
32489,27917,78746
32490,27918,78756
32491,27918,78755
32492,27919,78755
32493,27920,78759
32494,27921,78763
32495,27921,78762
32496,27922,78764
32497,27923,78768
32498,27924,78769
32499,27925,78788
32500,27926,78789
32501,27927,78795
32502,27927,78796
32503,27928,78797
32504,27929,78800
32505,27929,78799
32506,27930,78799
32507,27931,78803
32508,27932,78804
32509,27933,78805
32510,27934,78808
32511,27935,78809
32512,27936,78810
32513,27936,78809
32514,27937,78811
32515,27938,78812
32516,27938,78813
32517,27939,78814
32518,27940,78815
32519,27941,78816
32520,27942,78817
32521,27943,78821
32522,27944,78822
32523,27945,78825
32524,27946,78824
32525,27946,78823
32526,27947,78832
32527,27948,78830
32528,27949,78834
32529,27949,78833
32530,27950,78833
32531,27951,78840
32532,27952,78847
32533,27953,78850
32534,27954,78848
32535,27955,78857
32536,27956,78858
32537,27957,78859
32538,27958,78861
32539,27958,78862
32540,27959,78862
32541,27959,78861
32542,27960,78877
32543,27961,78878
32544,27962,78879
32545,27963,78882
32546,27964,78880
32547,27965,78885
32548,27966,78883
32549,27967,78886
32550,27968,78891
32551,27969,78892
32552,27969,78891
32553,27970,78894
32554,27971,78898
32555,27972,78897
32556,27973,78899
32557,27974,78902
32558,27975,78903
32559,27976,78907
32560,27977,78908
32561,27978,78909
32562,27979,78912
32563,27980,78914
32564,27981,78916
32565,27982,78918
32566,27983,78920
32567,27984,78921
32568,27985,78922
32569,27986,78928
32570,27987,78927
32571,27987,78928
32572,27988,78933
32573,27989,78934
32574,27990,78937
32575,27991,78935
32576,27992,78940
32577,27993,78941
32578,27994,78945
32579,27994,78944
32580,27995,78951
32581,27995,78950
32582,27996,78952
32583,27997,78959
32584,27998,78964
32585,27999,78965
32586,27999,78966
32587,28000,78968
32588,28001,78971
32589,28002,78977
32590,28003,78978
32591,28004,78980
32592,28005,78983
32593,28006,78985
32594,28006,78984
32595,28007,78986
32596,28008,78988
32597,28009,78989
32598,28010,78991
32599,28010,78990
32600,28011,78990
32601,28012,78993
32602,28012,78992
32603,28013,78996
32604,28014,79003
32605,28015,79000
32606,28016,79007
32607,28017,79005
32608,28017,79007
32609,28018,79015
32610,28018,79014
32611,28019,79020
32612,28020,79022
32613,28021,79023
32614,28022,79033
32615,28023,79035
32616,28024,79036
32617,28025,79037
32618,28026,79039
32619,28027,79047
32620,28028,79048
32621,28029,79054
32622,28030,79053
32623,28031,79056
32624,28032,79057
32625,28033,79058
32626,28034,79059
32627,28035,79080
32628,28036,79082
32629,28037,79083
32630,28038,79084
32631,28039,79085
32632,28040,79086
32633,28041,79090
32634,28042,79097
32635,28043,79099
32636,28044,79102
32637,28045,79107
32638,28046,79108
32639,28047,79112
32640,28048,79116
32641,28049,79117
32642,28049,79119
32643,28050,79119
32644,28051,79122
32645,28052,79124
32646,28053,79123
32647,28054,79126
32648,28055,79129
32649,28056,79127
32650,28056,79128
32651,28057,79138
32652,28057,79139
32653,28058,79140
32654,28059,79141
32655,28060,79149
32656,28061,79155
32657,28062,79156
32658,28063,79161
32659,28064,79164
32660,28065,79168
32661,28066,79170
32662,28067,79169
32663,28068,79172
32664,28068,79171
32665,28069,79171
32666,28070,79173
32667,28071,79178
32668,28072,79180
32669,28073,79179
32670,28074,79182
32671,28074,79181
32672,28075,79187
32673,28075,79189
32674,28076,79191
32675,28077,79192
32676,28078,79196
32677,28079,79195
32678,28080,79197
32679,28081,79198
32680,28082,79199
32681,28083,79205
32682,28084,79204
32683,28085,79208
32684,28086,79206
32685,28086,79207
32686,28087,79210
32687,28088,79211
32688,28088,79210
32689,28089,79213
32690,28090,79215
32691,28091,79220
32692,28091,79218
32693,28092,79221
32694,28093,79222
32695,28094,79223
32696,28095,79224
32697,28096,79226
32698,28097,79225
32699,28098,79229
32700,28099,79231
32701,28100,79235
32702,28101,79234
32703,28102,79239
32704,28103,79240
32705,28104,79241
32706,28105,79242
32707,28106,79243
32708,28107,79244
32709,28108,79246
32710,28109,79251
32711,28110,79254
32712,28111,79255
32713,28112,79256
32714,28113,79257
32715,28114,79258
32716,28115,79260
32717,28116,79263
32718,28117,79262
32719,28118,79267
32720,28119,79265
32721,28120,79268
32722,28121,79274
32723,28122,79277
32724,28123,79278
32725,28124,79280
32726,28124,79282
32727,28125,79281
32728,28125,79282
32729,28126,79286
32730,28126,79285
32731,28127,79285
32732,28128,79289
32733,28128,79290
32734,28129,79291
32735,28130,79292
32736,28130,79291
32737,28131,79293
32738,28132,79294
32739,28133,79297
32740,28134,79298
32741,28135,79301
32742,28135,79300
32743,28136,79299
32744,28137,79302
32745,28138,79305
32746,28138,79306
32747,28139,79308
32748,28140,79313
32749,28141,79314
32750,28142,79319
32751,28142,79320
32752,28143,79320
32753,28144,79322
32754,28145,79321
32755,28146,79326
32756,28147,79327
32757,28148,79333
32758,28149,79334
32759,28150,79339
32760,28151,79342
32761,28152,79345
32762,28153,79347
32763,28154,79348
32764,28155,79349
32765,28156,79354
32766,28157,79356
32767,28158,79361
32768,28158,79362
32769,28159,79364
32770,28160,79365
32771,28161,79366
32772,28162,79367
32773,28163,79373
32774,28164,79374
32775,28165,79379
32776,28166,79381
32777,28166,79380
32778,28167,79383
32779,28168,79386
32780,28169,79384
32781,28169,79385
32782,28170,79389
32783,28171,79390
32784,28171,79391
32785,28172,79393
32786,28173,79396
32787,28174,79397
32788,28174,79396
32789,28175,79403
32790,28175,79402
32791,28176,79411
32792,28177,79410
32793,28178,79415
32794,28179,79414
32795,28180,79422
32796,28180,79424
32797,28181,79423
32798,28182,79425
32799,28183,79428
32800,28183,79427
32801,28184,79427
32802,28185,79433
32803,28186,79434
32804,28187,79440
32805,28188,79445
32806,28189,79450
32807,28189,79447
32808,28190,79448
32809,28191,79451
32810,28192,79454
32811,28193,79455
32812,28194,79456
32813,28195,79459
32814,28195,79460
32815,28196,79458
32816,28197,79464
32817,28198,79465
32818,28199,79466
32819,28200,79467
32820,28200,79469
32821,28201,79470
32822,28202,79471
32823,28203,79474
32824,28204,79473
32825,28204,79472
32826,28205,79477
32827,28206,79480
32828,28206,79478
32829,28207,79479
32830,28208,79482
32831,28209,79483
32832,28210,79486
32833,28211,79487
32834,28212,79489
32835,28213,79490
32836,28214,79492
32837,28215,79491
32838,28215,79493
32839,28216,79497
32840,28217,79498
32841,28218,79502
32842,28219,79503
32843,28220,79508
32844,28221,79509
32845,28222,79516
32846,28223,79515
32847,28224,79518
32848,28225,79519
32849,28226,79521
32850,28226,79520
32851,28227,79528
32852,28228,79529
32853,28229,79530
32854,28230,79531
32855,28231,79532
32856,28232,79537
32857,28233,79538
32858,28234,79549
32859,28235,79554
32860,28236,79557
32861,28237,79556
32862,28238,79559
32863,28239,79563
32864,28240,79566
32865,28241,79567
32866,28242,79571
32867,28242,79570
32868,28243,79568
32869,28243,79571
32870,28244,79572
32871,28245,79573
32872,28246,79574
32873,28247,79577
32874,28248,79576
32875,28248,79577
32876,28249,79579
32877,28250,79584
32878,28251,79593
32879,28252,79600
32880,28253,79604
32881,28254,79613
32882,28255,79614
32883,28256,79615
32884,28257,79618
32885,28258,79616
32886,28259,79620
32887,28260,79624
32888,28261,79627
32889,28262,79630
32890,28262,79629
32891,28263,79632
32892,28264,79642
32893,28265,79643
32894,28266,79650
32895,28267,79654
32896,28268,79655
32897,28269,79658
32898,28270,79657
32899,28271,79663
32900,28272,79667
32901,28273,79669
32902,28274,79672
32903,28275,79671
32904,28276,79674
32905,28277,79678
32906,28278,79679
32907,28279,79680
32908,28280,79687
32909,28281,79686
32910,28282,79693
32911,28283,79692
32912,28284,79696
32913,28285,79702
32914,28286,79710
32915,28286,79709
32916,28287,79713
32917,28288,79716
32918,28289,79715
32919,28289,79717
32920,28290,79720
32921,28291,79729
32922,28291,79730
32923,28292,79731
32924,28293,79732
32925,28294,79733
32926,28295,79735
32927,28296,79741
32928,28296,79743
32929,28297,79745
32930,28298,79746
32931,28299,79747
32932,28300,79748
32933,28301,79754
32934,28302,79763
32935,28303,79766
32936,28304,79765
32937,28305,79770
32938,28306,79771
32939,28307,79772
32940,28308,79782
32941,28309,79784
32942,28310,79785
32943,28311,79787
32944,28312,79788
32945,28312,79787
32946,28313,79790
32947,28313,79789
32948,28314,79789
32949,28315,79793
32950,28316,79798
32951,28317,79800
32952,28317,79799
32953,28318,79801
32954,28319,79802
32955,28320,79806
32956,28321,79807
32957,28322,79813
32958,28323,79817
32959,28324,79822
32960,28325,79823
32961,28326,79826
32962,28327,79824
32963,28328,79828
32964,28329,79829
32965,28330,79831
32966,28331,79830
32967,28331,79831
32968,28332,79834
32969,28333,79832
32970,28334,79836
32971,28335,79844
32972,28336,79845
32973,28337,79850
32974,28338,79858
32975,28339,79861
32976,28340,79862
32977,28340,79864
32978,28341,79866
32979,28342,79871
32980,28343,79872
32981,28344,79877
32982,28345,79875
32983,28346,79880
32984,28347,79882
32985,28348,79883
32986,28349,79885
32987,28350,79887
32988,28351,79892
32989,28352,79898
32990,28353,79901
32991,28354,79902
32992,28355,79905
32993,28355,79904
32994,28356,79904
32995,28357,79912
32996,28358,79910
32997,28358,79912
32998,28359,79915
32999,28360,79913
33000,28361,79918
33001,28362,79917
33002,28363,79920
33003,28364,79927
33004,28365,79930
33005,28366,79932
33006,28367,79936
33007,28368,79937
33008,28369,79939
33009,28370,79941
33010,28371,79944
33011,28371,79945
33012,28372,79947
33013,28373,79946
33014,28374,79948
33015,28375,79951
33016,28376,79953
33017,28377,79954
33018,28378,79956
33019,28379,79957
33020,28380,79959
33021,28381,79960
33022,28382,79968
33023,28382,79969
33024,28383,79969
33025,28383,79968
33026,28384,79970
33027,28385,79971
33028,28386,79973
33029,28387,79980
33030,28388,79983
33031,28388,79984
33032,28389,79986
33033,28390,79987
33034,28391,79988
33035,28392,79990
33036,28393,79992
33037,28394,79996
33038,28394,79995
33039,28395,80001
33040,28396,80002
33041,28397,80011
33042,28398,80016
33043,28399,80019
33044,28400,80020
33045,28401,80022
33046,28402,80024
33047,28403,80031
33048,28404,80040
33049,28405,80041
33050,28406,80043
33051,28407,80047
33052,28408,80051
33053,28409,80055
33054,28410,80058
33055,28411,80059
33056,28412,80060
33057,28413,80063
33058,28414,80065
33059,28415,80066
33060,28416,80072
33061,28417,80073
33062,28418,80075
33063,28419,80077
33064,28420,80079
33065,28421,80078
33066,28422,80082
33067,28423,80080
33068,28424,80087
33069,28424,80086
33070,28425,80090
33071,28426,80093
33072,28426,80090
33073,28427,80094
33074,28428,80095
33075,28429,80098
33076,28430,80099
33077,28431,80106
33078,28432,80104
33079,28433,80114
33080,28433,80113
33081,28434,80113
33082,28435,80118
33083,28436,80122
33084,28437,80128
33085,28438,80132
33086,28439,80135
33087,28439,80134
33088,28440,80134
33089,28441,80143
33090,28442,80149
33091,28443,80150
33092,28443,80151
33093,28444,80152
33094,28445,80158
33095,28446,80160
33096,28446,80161
33097,28447,80162
33098,28448,80166
33099,28448,80167
33100,28449,80171
33101,28450,80173
33102,28450,80174
33103,28451,80179
33104,28452,80178
33105,28452,80180
33106,28453,80183
33107,28454,80188
33108,28455,80189
33109,28456,80191
33110,28457,80205
33111,28458,80202
33112,28459,80207
33113,28460,80206
33114,28460,80207
33115,28461,80213
33116,28462,80217
33117,28463,80219
33118,28463,80222
33119,28464,80220
33120,28465,80223
33121,28466,80227
33122,28467,80229
33123,28468,80230
33124,28469,80232
33125,28470,80233
33126,28471,80234
33127,28471,80235
33128,28472,80235
33129,28472,80234
33130,28473,80236
33131,28474,80237
33132,28475,80240
33133,28476,80244
33134,28477,80247
33135,28478,80248
33136,28479,80249
33137,28480,80250
33138,28481,80251
33139,28482,80252
33140,28483,80261
33141,28484,80263
33142,28485,80262
33143,28485,80264
33144,28486,80268
33145,28487,80269
33146,28488,80279
33147,28488,80278
33148,28489,80284
33149,28489,80285
33150,28490,80283
33151,28491,80288
33152,28492,80287
33153,28493,80290
33154,28494,80292
33155,28495,80296
33156,28496,80298
33157,28497,80303
33158,28498,80302
33159,28499,80305
33160,28500,80308
33161,28501,80309
33162,28502,80312
33163,28502,80310
33164,28503,80313
33165,28504,80314
33166,28505,80315
33167,28505,80314
33168,28506,80326
33169,28507,80327
33170,28508,80328
33171,28509,80330
33172,28510,80331
33173,28511,80335
33174,28512,80336
33175,28513,80339
33176,28514,80340
33177,28515,80342
33178,28516,80351
33179,28517,80352
33180,28518,80354
33181,28519,80356
33182,28520,80358
33183,28521,80364
33184,28522,80365
33185,28523,80375
33186,28524,80376
33187,28524,80374
33188,28525,80380
33189,28525,80381
33190,28526,80388
33191,28526,80387
33192,28527,80387
33193,28528,80389
33194,28529,80390
33195,28530,80391
33196,28531,80393
33197,28532,80395
33198,28533,80394
33199,28534,80402
33200,28534,80401
33201,28535,80404
33202,28536,80406
33203,28537,80413
33204,28537,80412
33205,28538,80418
33206,28539,80420
33207,28540,80421
33208,28540,80420
33209,28541,80425
33210,28542,80428
33211,28543,80430
33212,28544,80432
33213,28545,80433
33214,28546,80442
33215,28547,80444
33216,28548,80443
33217,28549,80445
33218,28550,80446
33219,28550,80447
33220,28551,80447
33221,28551,80446
33222,28552,80450
33223,28553,80451
33224,28554,80453
33225,28554,80452
33226,28555,80452
33227,28556,80460
33228,28557,80461
33229,28558,80465
33230,28559,80463
33231,28560,80467
33232,28561,80471
33233,28562,80472
33234,28563,80474
33235,28564,80477
33236,28565,80479
33237,28566,80482
33238,28567,80481
33239,28568,80486
33240,28569,80487
33241,28570,80488
33242,28571,80491
33243,28572,80499
33244,28573,80506
33245,28574,80512
33246,28575,80514
33247,28576,80518
33248,28577,80524
33249,28577,80523
33250,28578,80523
33251,28579,80526
33252,28579,80527
33253,28580,80527
33254,28581,80530
33255,28582,80529
33256,28582,80528
33257,28583,80533
33258,28584,80536
33259,28585,80537
33260,28586,80539
33261,28586,80538
33262,28587,80541
33263,28588,80542
33264,28589,80544
33265,28590,80552
33266,28591,80553
33267,28591,80555
33268,28592,80554
33269,28593,80556
33270,28593,80557
33271,28594,80561
33272,28595,80559
33273,28595,80561
33274,28596,80564
33275,28597,80567
33276,28597,80566
33277,28598,80566
33278,28599,80570
33279,28600,80571
33280,28601,80572
33281,28602,80573
33282,28603,80581
33283,28604,80582
33284,28605,80585
33285,28606,80586
33286,28606,80585
33287,28607,80589
33288,28608,80591
33289,28609,80595
33290,28610,80600
33291,28611,80597
33292,28612,80602
33293,28613,80603
33294,28614,80610
33295,28615,80611
33296,28616,80612
33297,28617,80613
33298,28618,80624
33299,28618,80625
33300,28619,80625
33301,28620,80627
33302,28621,80629
33303,28622,80637
33304,28623,80640
33305,28624,80641
33306,28624,80640
33307,28625,80645
33308,28626,80646
33309,28627,80649
33310,28628,80654
33311,28629,80662
33312,28630,80664
33313,28630,80663
33314,28631,80663
33315,28632,80673
33316,28633,80672
33317,28634,80678
33318,28634,80679
33319,28635,80679
33320,28635,80677
33321,28636,80686
33322,28637,80692
33323,28638,80699
33324,28639,80698
33325,28640,80702
33326,28640,80703
33327,28641,80700
33328,28642,80704
33329,28643,80707
33330,28644,80709
33331,28644,80710
33332,28645,80711
33333,28646,80712
33334,28647,80714
33335,28647,80713
33336,28648,80713
33337,28649,80716
33338,28650,80724
33339,28651,80725
33340,28652,80726
33341,28653,80728
33342,28654,80738
33343,28655,80737
33344,28656,80739
33345,28657,80742
33346,28657,80740
33347,28658,80741
33348,28659,80743
33349,28660,80748
33350,28661,80747
33351,28662,80749
33352,28663,80750
33353,28663,80749
33354,28664,80754
33355,28665,80753
33356,28666,80758
33357,28667,80765
33358,28668,80773
33359,28669,80772
33360,28670,80774
33361,28671,80778
33362,28672,80780
33363,28673,80781
33364,28674,80783
33365,28675,80784
33366,28676,80785
33367,28677,80786
33368,28678,80790
33369,28679,80791
33370,28680,80798
33371,28681,80799
33372,28682,80800
33373,28683,80803
33374,28684,80804
33375,28685,80807
33376,28686,80808
33377,28687,80810
33378,28688,80814
33379,28689,80813
33380,28690,80822
33381,28691,80823
33382,28692,80825
33383,28693,80831
33384,28694,80832
33385,28695,80838
33386,28696,80839
33387,28697,80840
33388,28698,80844
33389,28698,80843
33390,28699,80845
33391,28700,80852
33392,28701,80853
33393,28702,80857
33394,28703,80865
33395,28704,80868
33396,28705,80867
33397,28706,80871
33398,28707,80873
33399,28708,80877
33400,28709,80887
33401,28710,80898
33402,28711,80899
33403,28711,80898
33404,28712,80901
33405,28713,80902
33406,28714,80906
33407,28714,80905
33408,28715,80909
33409,28716,80910
33410,28717,80914
33411,28718,80917
33412,28719,80916
33413,28720,80918
33414,28720,80920
33415,28721,80921
33416,28722,80925
33417,28723,80924
33418,28723,80922
33419,28724,80927
33420,28725,80926
33421,28725,80927
33422,28726,80928
33423,28727,80929
33424,28727,80928
33425,28728,80932
33426,28729,80931
33427,28730,80933
33428,28731,80934
33429,28732,80936
33430,28733,80948
33431,28733,80947
33432,28734,80952
33433,28735,80954
33434,28735,80956
33435,28736,80956
33436,28737,80960
33437,28738,80972
33438,28739,80970
33439,28740,80975
33440,28741,80973
33441,28742,80980
33442,28743,80979
33443,28744,80982
33444,28745,80984
33445,28746,80985
33446,28747,80986
33447,28748,80989
33448,28749,80991
33449,28750,80992
33450,28750,80991
33451,28751,80994
33452,28752,80995
33453,28753,80998
33454,28754,81004
33455,28755,81002
33456,28756,81009
33457,28757,81007
33458,28757,81008
33459,28758,81010
33460,28758,81012
33461,28759,81012
33462,28760,81014
33463,28761,81013
33464,28762,81015
33465,28763,81016
33466,28764,81020
33467,28765,81022
33468,28765,81021
33469,28766,81021
33470,28767,81027
33471,28768,81028
33472,28769,81034
33473,28770,81037
33474,28770,81039
33475,28771,81038
33476,28772,81045
33477,28773,81046
33478,28774,81052
33479,28775,81053
33480,28776,81055
33481,28777,81061
33482,28778,81067
33483,28778,81068
33484,28779,81068
33485,28780,81070
33486,28781,81072
33487,28782,81075
33488,28783,81086
33489,28784,81088
33490,28785,81087
33491,28786,81093
33492,28787,81099
33493,28787,81097
33494,28788,81097
33495,28789,81101
33496,28790,81103
33497,28791,81102
33498,28792,81104
33499,28793,81108
33500,28794,81111
33501,28795,81115
33502,28796,81118
33503,28797,81116
33504,28797,81118
33505,28798,81119
33506,28799,81129
33507,28800,81128
33508,28801,81130
33509,28802,81132
33510,28803,81133
33511,28804,81138
33512,28804,81139
33513,28805,81140
33514,28806,81141
33515,28806,81140
33516,28807,81143
33517,28808,81145
33518,28809,81149
33519,28810,81150
33520,28811,81157
33521,28811,81160
33522,28812,81164
33523,28813,81161
33524,28814,81165
33525,28814,81168
33526,28815,81167
33527,28815,81166
33528,28816,81169
33529,28817,81178
33530,28818,81187
33531,28818,81185
33532,28819,81190
33533,28820,81192
33534,28821,81194
33535,28821,81193
33536,28822,81203
33537,28823,81206
33538,28824,81207
33539,28825,81217
33540,28826,81216
33541,28827,81219
33542,28827,81220
33543,28828,81225
33544,28829,81226
33545,28829,81227
33546,28830,81228
33547,28831,81229
33548,28832,81231
33549,28833,81233
33550,28834,81234
33551,28835,81235
33552,28836,81239
33553,28837,81241
33554,28838,81240
33555,28839,81242
33556,28840,81244
33557,28841,81246
33558,28841,81247
33559,28842,81245
33560,28843,81249
33561,28844,81251
33562,28845,81250
33563,28846,81252
33564,28847,81253
33565,28848,81257
33566,28849,81262
33567,28850,81263
33568,28851,81265
33569,28852,81267
33570,28852,81265
33571,28853,81269
33572,28854,81270
33573,28855,81273
33574,28856,81272
33575,28857,81275
33576,28858,81285
33577,28859,81284
33578,28860,81288
33579,28860,81287
33580,28861,81295
33581,28862,81293
33582,28863,81299
33583,28864,81300
33584,28865,81301
33585,28865,81302
33586,28866,81303
33587,28867,81304
33588,28868,81308
33589,28869,81307
33590,28870,81313
33591,28871,81314
33592,28872,81315
33593,28872,81316
33594,28873,81317
33595,28873,81316
33596,28874,81318
33597,28875,81319
33598,28876,81329
33599,28877,81326
33600,28877,81327
33601,28878,81347
33602,28879,81348
33603,28880,81351
33604,28881,81352
33605,28882,81353
33606,28882,81354
33607,28883,81354
33608,28884,81355
33609,28885,81356
33610,28886,81360
33611,28887,81362
33612,28888,81363
33613,28888,81362
33614,28889,81364
33615,28890,81365
33616,28891,81366
33617,28891,81367
33618,28892,81368
33619,28893,81369
33620,28894,81376
33621,28894,81373
33622,28895,81381
33623,28896,81383
33624,28897,81386
33625,28898,81390
33626,28899,81393
33627,28900,81397
33628,28901,81405
33629,28902,81404
33630,28902,81405
33631,28903,81407
33632,28904,81416
33633,28905,81413
33634,28906,81417
33635,28907,81420
33636,28908,81423
33637,28909,81421
33638,28909,81422
33639,28910,81426
33640,28911,81425
33641,28912,81428
33642,28912,81429
33643,28913,81427
33644,28914,81434
33645,28914,81433
33646,28915,81435
33647,28916,81443
33648,28916,81441
33649,28917,81447
33650,28917,81446
33651,28918,81448
33652,28919,81449
33653,28920,81453
33654,28921,81456
33655,28922,81457
33656,28923,81458
33657,28924,81460
33658,28925,81461
33659,28926,81462
33660,28927,81465
33661,28928,81466
33662,28928,81467
33663,28929,81468
33664,28929,81470
33665,28930,81471
33666,28931,81473
33667,28932,81474
33668,28933,81488
33669,28934,81493
33670,28935,81494
33671,28936,81495
33672,28936,81494
33673,28937,81504
33674,28938,81503
33675,28939,81507
33676,28940,81509
33677,28940,81510
33678,28941,81510
33679,28942,81511
33680,28943,81512
33681,28943,81511
33682,28944,81513
33683,28945,81514
33684,28946,81515
33685,28946,81514
33686,28947,81516
33687,28948,81519
33688,28949,81522
33689,28950,81521
33690,28951,81527
33691,28952,81528
33692,28952,81527
33693,28953,81531
33694,28954,81532
33695,28955,81535
33696,28956,81538
33697,28956,81540
33698,28957,81545
33699,28958,81543
33700,28959,81549
33701,28960,81552
33702,28960,81550
33703,28961,81550
33704,28962,81556
33705,28963,81559
33706,28964,81557
33707,28964,81559
33708,28965,81564
33709,28966,81563
33710,28967,81565
33711,28968,81567
33712,28969,81568
33713,28970,81572
33714,28970,81573
33715,28971,81580
33716,28972,81584
33717,28973,81585
33718,28974,81589
33719,28975,81593
33720,28976,81594
33721,28977,81599
33722,28978,81600
33723,28979,81613
33724,28980,81614
33725,28981,81617
33726,28982,81618
33727,28983,81620
33728,28984,81626
33729,28985,81630
33730,28986,81631
33731,28987,81634
33732,28988,81635
33733,28989,81636
33734,28990,81637
33735,28991,81639
33736,28992,81638
33737,28993,81642
33738,28994,81641
33739,28995,81646
33740,28996,81648
33741,28997,81649
33742,28998,81652
33743,28998,81653
33744,28999,81655
33745,29000,81656
33746,29001,81658
33747,29002,81669
33748,29002,81666
33749,29003,81671
33750,29004,81670
33751,29005,81675
33752,29006,81681
33753,29007,81682
33754,29008,81695
33755,29009,81696
33756,29010,81697
33757,29011,81703
33758,29012,81704
33759,29013,81706
33760,29014,81719
33761,29015,81724
33762,29016,81726
33763,29017,81734
33764,29018,81737
33765,29019,81741
33766,29019,81740
33767,29020,81740
33768,29021,81747
33769,29022,81746
33770,29022,81747
33771,29023,81751
33772,29024,81752
33773,29025,81754
33774,29026,81755
33775,29027,81763
33776,29028,81772
33777,29029,81773
33778,29030,81775
33779,29031,81776
33780,29032,81777
33781,29033,81792
33782,29033,81791
33783,29034,81791
33784,29035,81795
33785,29036,81804
33786,29037,81807
33787,29037,81806
33788,29038,81808
33789,29039,81810
33790,29039,81811
33791,29040,81811
33792,29041,81812
33793,29042,81815
33794,29043,81814
33795,29044,81823
33796,29045,81827
33797,29046,81829
33798,29047,81828
33799,29047,81829
33800,29048,81832
33801,29049,81830
33802,29050,81833
33803,29051,81836
33804,29052,81840
33805,29053,81843
33806,29054,81841
33807,29055,81853
33808,29056,81852
33809,29057,81856
33810,29058,81855
33811,29059,81857
33812,29060,81866
33813,29061,81868
33814,29062,81871
33815,29063,81870
33816,29064,81875
33817,29065,81876
33818,29065,81875
33819,29066,81877
33820,29067,81881
33821,29068,81880
33822,29069,81885
33823,29070,81890
33824,29071,81892
33825,29071,81891
33826,29072,81899
33827,29073,81896
33828,29074,81902
33829,29075,81903
33830,29076,81910
33831,29077,81918
33832,29077,81917
33833,29078,81921
33834,29079,81919
33835,29080,81925
33836,29081,81929
33837,29082,81932
33838,29083,81933
33839,29084,81935
33840,29085,81937
33841,29085,81936
33842,29086,81938
33843,29087,81941
33844,29088,81947
33845,29089,81952
33846,29090,81954
33847,29091,81961
33848,29092,81966
33849,29093,81969
33850,29094,81972
33851,29095,81974
33852,29096,81977
33853,29097,81980
33854,29098,81983
33855,29099,81982
33856,29100,81989
33857,29101,81992
33858,29102,81995
33859,29103,81993
33860,29104,81997
33861,29105,82001
33862,29106,82000
33863,29107,82004
33864,29108,82003
33865,29109,82006
33866,29110,82011
33867,29111,82012
33868,29112,82016
33869,29113,82019
33870,29114,82028
33871,29115,82027
33872,29116,82030
33873,29117,82034
33874,29118,82031
33875,29119,82041
33876,29120,82039
33877,29120,82041
33878,29121,82042
33879,29122,82043
33880,29123,82051
33881,29124,82050
33882,29124,82053
33883,29125,82055
33884,29126,82056
33885,29127,82057
33886,29128,82058
33887,29129,82061
33888,29130,82062
33889,29131,82064
33890,29132,82063
33891,29132,82064
33892,29133,82065
33893,29133,82066
33894,29134,82069
33895,29135,82067
33896,29135,82069
33897,29136,82074
33898,29137,82077
33899,29138,82080
33900,29139,82082
33901,29140,82086
33902,29141,82091
33903,29142,82090
33904,29143,82094
33905,29144,82098
33906,29145,82101
33907,29146,82103
33908,29146,82104
33909,29147,82104
33910,29148,82105
33911,29149,82112
33912,29150,82113
33913,29151,82120
33914,29152,82124
33915,29153,82127
33916,29154,82126
33917,29154,82127
33918,29155,82128
33919,29155,82131
33920,29156,82132
33921,29157,82136
33922,29158,82137
33923,29158,82136
33924,29159,82138
33925,29160,82140
33926,29161,82139
33927,29162,82144
33928,29163,82142
33929,29164,82146
33930,29164,82145
33931,29165,82147
33932,29166,82148
33933,29167,82152
33934,29168,82154
33935,29169,82155
33936,29170,82158
33937,29171,82159
33938,29172,82164
33939,29172,82166
33940,29173,82167
33941,29173,82170
33942,29174,82171
33943,29175,82172
33944,29176,82173
33945,29177,82175
33946,29178,82176
33947,29179,82180
33948,29180,82179
33949,29181,82182
33950,29182,82191
33951,29183,82192
33952,29184,82197
33953,29185,82201
33954,29186,82203
33955,29187,82206
33956,29188,82207
33957,29189,82209
33958,29190,82212
33959,29191,82214
33960,29192,82213
33961,29193,82216
33962,29193,82215
33963,29194,82215
33964,29195,82222
33965,29196,82224
33966,29197,82227
33967,29198,82229
33968,29198,82230
33969,29199,82230
33970,29200,82231
33971,29201,82232
33972,29201,82231
33973,29202,82235
33974,29203,82234
33975,29204,82242
33976,29205,82243
33977,29206,82247
33978,29207,82248
33979,29208,82254
33980,29209,82252
33981,29210,82255
33982,29211,82256
33983,29212,82259
33984,29212,82261
33985,29213,82263
33986,29214,82266
33987,29215,82264
33988,29216,82267
33989,29216,82268
33990,29217,82273
33991,29218,82271
33992,29219,82278
33993,29219,82275
33994,29220,82276
33995,29221,82279
33996,29222,82284
33997,29223,82285
33998,29224,82287
33999,29225,82294
34000,29226,82298
34001,29227,82297
34002,29228,82299
34003,29228,82300
34004,29229,82300
34005,29229,82299
34006,29230,82301
34007,29231,82303
34008,29232,82305
34009,29233,82307
34010,29234,82309
34011,29235,82313
34012,29236,82314
34013,29237,82318
34014,29238,82316
34015,29239,82321
34016,29240,82322
34017,29241,82325
34018,29242,82323
34019,29243,82326
34020,29244,82327
34021,29245,82339
34022,29246,82345
34023,29246,82346
34024,29247,82350
34025,29248,82347
34026,29249,82355
34027,29249,82357
34028,29250,82369
34029,29251,82372
34030,29252,82374
34031,29253,82376
34032,29254,82377
34033,29255,82381
34034,29255,82380
34035,29256,82383
34036,29257,82385
34037,29258,82391
34038,29259,82389
34039,29260,82392
34040,29261,82393
34041,29262,82395
34042,29263,82398
34043,29264,82399
34044,29265,82403
34045,29266,82405
34046,29267,82414
34047,29268,82422
34048,29269,82423
34049,29270,82426
34050,29271,82427
34051,29272,82431
34052,29273,82428
34053,29274,82433
34054,29275,82432
34055,29276,82437
34056,29277,82435
34057,29278,82439
34058,29279,82442
34059,29280,82444
34060,29281,82445
34061,29282,82447
34062,29283,82448
34063,29284,82452
34064,29285,82451
34065,29286,82453
34066,29287,82457
34067,29288,82458
34068,29289,82461
34069,29290,82473
34070,29291,82478
34071,29291,82477
34072,29292,82477
34073,29293,82479
34074,29294,82485
34075,29295,82486
34076,29296,82487
34077,29297,82490
34078,29298,82492
34079,29299,82494
34080,29299,82496
34081,29300,82495
34082,29301,82498
34083,29302,82497
34084,29303,82501
34085,29303,82503
34086,29304,82503
34087,29305,82507
34088,29306,82511
34089,29307,82513
34090,29308,82520
34091,29309,82528
34092,29310,82530
34093,29311,82537
34094,29312,82538
34095,29313,82549
34096,29313,82548
34097,29314,82551
34098,29315,82553
34099,29316,82555
34100,29317,82557
34101,29318,82559
34102,29319,82568
34103,29320,82567
34104,29321,82571
34105,29322,82572
34106,29323,82574
34107,29324,82573
34108,29325,82576
34109,29326,82578
34110,29327,82579
34111,29328,82580
34112,29329,82581
34113,29330,82584
34114,29331,82591
34115,29332,82596
34116,29333,82597
34117,29334,82600
34118,29335,82604
34119,29336,82609
34120,29337,82608
34121,29338,82610
34122,29339,82615
34123,29340,82618
34124,29341,82621
34125,29342,82624
34126,29343,82638
34127,29344,82647
34128,29344,82645
34129,29345,82652
34130,29345,82651
34131,29346,82663
34132,29347,82671
34133,29348,82672
34134,29349,82675
34135,29350,82679
34136,29351,82678
34137,29352,82688
34138,29353,82689
34139,29354,82692
34140,29355,82696
34141,29356,82697
34142,29357,82703
34143,29357,82705
34144,29358,82704
34145,29358,82703
34146,29359,82714
34147,29360,82715
34148,29361,82716
34149,29362,82724
34150,29363,82725
34151,29363,82726
34152,29364,82728
34153,29364,82727
34154,29365,82727
34155,29366,82740
34156,29367,82738
34157,29368,82746
34158,29368,82745
34159,29369,82745
34160,29369,82746
34161,29370,82750
34162,29371,82751
34163,29372,82755
34164,29373,82764
34165,29374,82767
34166,29375,82765
34167,29376,82769
34168,29377,82771
34169,29378,82775
34170,29379,82776
34171,29379,82778
34172,29380,82777
34173,29381,82779
34174,29382,82781
34175,29383,82783
34176,29384,82789
34177,29385,82790
34178,29386,82791
34179,29387,82796
34180,29388,82797
34181,29389,82800
34182,29389,82799
34183,29390,82798
34184,29391,82802
34185,29391,82804
34186,29392,82811
34187,29393,82813
34188,29393,82814
34189,29394,82815
34190,29395,82819
34191,29396,82820
34192,29397,82824
34193,29398,82826
34194,29399,82827
34195,29400,82829
34196,29401,82830
34197,29402,82831
34198,29403,82834
34199,29404,82833
34200,29405,82837
34201,29406,82838
34202,29406,82839
34203,29407,82840
34204,29408,82841
34205,29409,82843
34206,29410,82847
34207,29411,82846
34208,29412,82850
34209,29413,82851
34210,29414,82854
34211,29415,82855
34212,29415,82854
34213,29416,82858
34214,29417,82857
34215,29417,82858
34216,29418,82862
34217,29418,82863
34218,29419,82863
34219,29420,82868
34220,29421,82870
34221,29422,82875
34222,29422,82876
34223,29423,82876
34224,29424,82878
34225,29425,82881
34226,29425,82880
34227,29426,82880
34228,29426,82881
34229,29427,82886
34230,29428,82887
34231,29429,82888
34232,29430,82892
34233,29431,82894
34234,29432,82893
34235,29433,82895
34236,29434,82899
34237,29435,82900
34238,29435,82899
34239,29436,82903
34240,29437,82911
34241,29438,82910
34242,29439,82917
34243,29440,82919
34244,29441,82921
34245,29442,82925
34246,29443,82932
34247,29444,82933
34248,29445,82944
34249,29446,82945
34250,29446,82947
34251,29447,82950
34252,29447,82948
34253,29448,82948
34254,29448,82951
34255,29449,82953
34256,29450,82956
34257,29450,82957
34258,29451,82960
34259,29452,82963
34260,29453,82966
34261,29454,82972
34262,29455,82973
34263,29456,82979
34264,29457,82981
34265,29458,82984
34266,29459,82989
34267,29459,82990
34268,29460,82990
34269,29461,82993
34270,29461,82994
34271,29462,82994
34272,29463,82998
34273,29463,82997
34274,29464,82999
34275,29465,83001
34276,29466,83005
34277,29466,83002
34278,29467,83006
34279,29468,83008
34280,29469,83013
34281,29470,83022
34282,29471,83023
34283,29472,83024
34284,29473,83025
34285,29474,83030
34286,29475,83031
34287,29476,83035
34288,29477,83034
34289,29478,83038
34290,29479,83040
34291,29480,83041
34292,29481,83043
34293,29481,83042
34294,29482,83042
34295,29483,83049
34296,29484,83053
34297,29485,83056
34298,29486,83058
34299,29487,83057
34300,29488,83061
34301,29489,83059
34302,29490,83064
34303,29491,83063
34304,29491,83065
34305,29492,83072
34306,29493,83076
34307,29494,83078
34308,29495,83080
34309,29495,83077
34310,29496,83090
34311,29497,83089
34312,29498,83095
34313,29499,83097
34314,29500,83099
34315,29501,83101
34316,29502,83102
34317,29503,83109
34318,29504,83110
34319,29504,83111
34320,29505,83112
34321,29506,83114
34322,29506,83112
34323,29507,83116
34324,29508,83115
34325,29509,83118
34326,29510,83122
34327,29511,83121
34328,29512,83124
34329,29513,83123
34330,29513,83124
34331,29514,83125
34332,29515,83129
34333,29515,83126
34334,29516,83128
34335,29517,83131
34336,29518,83130
34337,29519,83133
34338,29520,83134
34339,29521,83135
34340,29522,83140
34341,29523,83139
34342,29524,83143
34343,29525,83144
34344,29526,83146
34345,29527,83150
34346,29528,83149
34347,29529,83156
34348,29530,83158
34349,29530,83159
34350,29531,83160
34351,29532,83161
34352,29532,83162
34353,29533,83163
34354,29534,83164
34355,29535,83166
34356,29536,83168
34357,29537,83170
34358,29538,83172
34359,29538,83173
34360,29539,83174
34361,29540,83177
34362,29541,83178
34363,29542,83182
34364,29543,83197
34365,29544,83203
34366,29545,83207
34367,29546,83206
34368,29546,83207
34369,29547,83211
34370,29548,83209
34371,29549,83212
34372,29550,83216
34373,29551,83215
34374,29551,83217
34375,29552,83231
34376,29553,83234
34377,29554,83235
34378,29555,83236
34379,29556,83238
34380,29557,83242
34381,29558,83241
34382,29559,83244
34383,29560,83246
34384,29561,83248
34385,29562,83247
34386,29563,83249
34387,29564,83251
34388,29565,83250
34389,29566,83254
34390,29567,83256
34391,29568,83260
34392,29569,83261
34393,29570,83264
34394,29571,83266
34395,29572,83269
34396,29572,83270
34397,29573,83272
34398,29574,83276
34399,29575,83275
34400,29576,83280
34401,29577,83278
34402,29578,83283
34403,29579,83284
34404,29579,83285
34405,29580,83287
34406,29581,83295
34407,29582,83296
34408,29583,83302
34409,29583,83301
34410,29584,83300
34411,29584,83299
34412,29585,83304
34413,29586,83306
34414,29587,83307
34415,29588,83309
34416,29589,83313
34417,29589,83312
34418,29590,83317
34419,29591,83334
34420,29592,83337
34421,29593,83336
34422,29594,83354
34423,29595,83355
34424,29596,83356
34425,29596,83357
34426,29597,83359
34427,29598,83361
34428,29599,83360
34429,29600,83363
34430,29601,83364
34431,29601,83365
34432,29602,83367
34433,29603,83366
34434,29603,83368
34435,29604,83371
34436,29604,83369
34437,29605,83374
34438,29606,83378
34439,29607,83380
34440,29608,83382
34441,29608,83383
34442,29609,83383
34443,29609,83382
34444,29610,83386
34445,29610,83387
34446,29611,83384
34447,29612,83388
34448,29613,83389
34449,29614,83392
34450,29615,83393
34451,29616,83394
34452,29616,83396
34453,29617,83399
34454,29618,83405
34455,29619,83411
34456,29619,83410
34457,29620,83410
34458,29621,83416
34459,29622,83422
34460,29622,83424
34461,29623,83423
34462,29624,83426
34463,29624,83425
34464,29625,83425
34465,29626,83429
34466,29627,83432
34467,29628,83433
34468,29629,83436
34469,29630,83434
34470,29631,83441
34471,29632,83438
34472,29633,83451
34473,29634,83450
34474,29635,83454
34475,29636,83457
34476,29637,83460
34477,29638,83458
34478,29638,83460
34479,29639,83465
34480,29640,83464
34481,29640,83463
34482,29641,83467
34483,29642,83466
34484,29643,83469
34485,29644,83471
34486,29644,83470
34487,29645,83473
34488,29646,83476
34489,29647,83475
34490,29648,83477
34491,29649,83480
34492,29650,83490
34493,29651,83492
34494,29652,83495
34495,29653,83496
34496,29654,83498
34497,29655,83503
34498,29656,83502
34499,29656,83503
34500,29657,83511
34501,29658,83513
34502,29659,83512
34503,29660,83514
34504,29661,83515
34505,29662,83516
34506,29663,83517
34507,29664,83518
34508,29665,83533
34509,29666,83536
34510,29667,83538
34511,29668,83537
34512,29669,83543
34513,29670,83544
34514,29671,83553
34515,29672,83556
34516,29673,83559
34517,29673,83558
34518,29674,83563
34519,29675,83564
34520,29676,83570
34521,29677,83574
34522,29678,83572
34523,29679,83575
34524,29680,83581
34525,29681,83584
34526,29681,83583
34527,29682,83583
34528,29683,83593
34529,29683,83592
34530,29684,83592
34531,29685,83596
34532,29686,83595
34533,29687,83598
34534,29688,83603
34535,29689,83602
34536,29689,83601
34537,29690,83606
34538,29690,83604
34539,29691,83605
34540,29692,83607
34541,29693,83611
34542,29694,83616
34543,29695,83617
34544,29696,83619
34545,29696,83618
34546,29697,83618
34547,29698,83621
34548,29699,83624
34549,29700,83622
34550,29701,83628
34551,29702,83626
34552,29703,83633
34553,29704,83634
34554,29705,83637
34555,29706,83638
34556,29707,83639
34557,29707,83638
34558,29708,83642
34559,29709,83643
34560,29710,83645
34561,29710,83644
34562,29711,83655
34563,29712,83657
34564,29713,83658
34565,29713,83657
34566,29714,83659
34567,29715,83660
34568,29716,83661
34569,29716,83663
34570,29717,83662
34571,29717,83661
34572,29718,83664
34573,29719,83674
34574,29720,83678
34575,29721,83679
34576,29722,83687
34577,29723,83691
34578,29724,83688
34579,29725,83694
34580,29726,83699
34581,29727,83706
34582,29728,83708
34583,29729,83710
34584,29730,83709
34585,29731,83714
34586,29732,83712
34587,29733,83722
34588,29734,83723
34589,29735,83724
34590,29736,83727
34591,29736,83725
34592,29737,83735
34593,29738,83734
34594,29738,83735
34595,29739,83744
34596,29740,83747
34597,29741,83748
34598,29742,83751
34599,29743,83754
34600,29744,83755
34601,29745,83756
34602,29746,83763
34603,29747,83769
34604,29748,83775
34605,29749,83776
34606,29750,83779
34607,29751,83781
34608,29752,83782
34609,29753,83787
34610,29754,83788
34611,29754,83787
34612,29755,83789
34613,29756,83790
34614,29757,83797
34615,29758,83798
34616,29759,83803
34617,29759,83802
34618,29760,83804
34619,29761,83805
34620,29761,83804
34621,29762,83808
34622,29763,83807
34623,29764,83811
34624,29765,83813
34625,29766,83815
34626,29767,83817
34627,29768,83819
34628,29769,83818
34629,29770,83821
34630,29771,83820
34631,29771,83821
34632,29772,83822
34633,29773,83824
34634,29774,83825
34635,29774,83824
34636,29775,83831
34637,29776,83830
34638,29776,83832
34639,29777,83835
34640,29778,83837
34641,29779,83839
34642,29780,83840
34643,29781,83842
34644,29781,83843
34645,29782,83843
34646,29782,83842
34647,29783,83847
34648,29784,83851
34649,29785,83855
34650,29786,83861
34651,29787,83865
34652,29787,83864
34653,29788,83869
34654,29789,83873
34655,29790,83872
34656,29790,83873
34657,29791,83877
34658,29792,83874
34659,29793,83878
34660,29794,83879
34661,29795,83884
34662,29796,83883
34663,29797,83893
34664,29798,83894
34665,29799,83897
34666,29800,83895
34667,29801,83902
34668,29802,83904
34669,29803,83908
34670,29804,83906
34671,29805,83914
34672,29805,83913
34673,29806,83917
34674,29807,83920
34675,29808,83919
34676,29808,83920
34677,29809,83928
34678,29810,83930
34679,29811,83931
34680,29812,83933
34681,29813,83936
34682,29814,83939
34683,29815,83941
34684,29815,83942
34685,29816,83940
34686,29817,83945
34687,29817,83944
34688,29818,83950
34689,29819,83951
34690,29820,83952
34691,29820,83951
34692,29821,83954
34693,29822,83961
34694,29823,83968
34695,29824,83981
34696,29825,83979
34697,29826,83984
34698,29826,83982
34699,29827,83985
34700,29828,83986
34701,29829,83987
34702,29830,83990
34703,29831,83993
34704,29832,83992
34705,29833,84002
34706,29834,84001
34707,29835,84003
34708,29836,84006
34709,29837,84007
34710,29838,84008
34711,29839,84010
34712,29840,84009
34713,29841,84012
34714,29842,84011
34715,29843,84013
34716,29844,84019
34717,29844,84017
34718,29845,84025
34719,29846,84033
34720,29847,84031
34721,29848,84035
34722,29849,84034
34723,29850,84038
34724,29851,84036
34725,29852,84040
34726,29852,84039
34727,29853,84039
34728,29853,84040
34729,29854,84041
34730,29855,84043
34731,29855,84044
34732,29856,84049
34733,29857,84050
34734,29858,84054
34735,29859,84053
34736,29860,84056
34737,29861,84058
34738,29862,84059
34739,29863,84061
34740,29864,84062
34741,29865,84065
34742,29866,84066
34743,29866,84067
34744,29867,84068
34745,29868,84069
34746,29869,84070
34747,29870,84072
34748,29871,84088
34749,29872,84090
34750,29873,84092
34751,29874,84094
34752,29874,84093
34753,29875,84093
34754,29876,84095
34755,29877,84103
34756,29878,84105
34757,29879,84106
34758,29880,84107
34759,29881,84108
34760,29882,84109
34761,29883,84110
34762,29884,84112
34763,29885,84111
34764,29886,84118
34765,29887,84120
34766,29888,84121
34767,29889,84125
34768,29890,84126
34769,29891,84130
34770,29892,84132
34771,29892,84131
34772,29893,84134
34773,29894,84146
34774,29895,84145
34775,29895,84146
34776,29896,84148
34777,29897,84149
34778,29898,84151
34779,29899,84154
34780,29900,84157
34781,29901,84159
34782,29902,84160
34783,29902,84161
34784,29903,84161
34785,29903,84160
34786,29904,84168
34787,29905,84170
34788,29906,84174
34789,29907,84176
34790,29908,84175
34791,29909,84178
34792,29910,84177
34793,29911,84179
34794,29912,84181
34795,29912,84180
34796,29913,84185
34797,29914,84184
34798,29915,84189
34799,29915,84188
34800,29916,84188
34801,29916,84191
34802,29917,84194
34803,29918,84197
34804,29919,84198
34805,29920,84200
34806,29921,84202
34807,29922,84208
34808,29923,84211
34809,29924,84209
34810,29925,84212
34811,29926,84214
34812,29927,84215
34813,29928,84221
34814,29929,84220
34815,29930,84222
34816,29931,84225
34817,29932,84226
34818,29933,84227
34819,29934,84228
34820,29935,84229
34821,29936,84234
34822,29937,84235
34823,29938,84236
34824,29939,84241
34825,29940,84239
34826,29941,84243
34827,29941,84242
34828,29942,84242
34829,29943,84249
34830,29944,84255
34831,29945,84257
34832,29946,84259
34833,29947,84258
34834,29948,84261
34835,29949,84260
34836,29950,84264
34837,29951,84268
34838,29952,84269
34839,29953,84270
34840,29954,84273
34841,29955,84272
34842,29956,84275
34843,29957,84278
34844,29958,84279
34845,29959,84281
34846,29960,84283
34847,29961,84284
34848,29961,84285
34849,29962,84285
34850,29963,84288
34851,29964,84290
34852,29965,84291
34853,29966,84297
34854,29966,84296
34855,29967,84296
34856,29968,84298
34857,29969,84299
34858,29970,84304
34859,29971,84305
34860,29972,84309
34861,29973,84314
34862,29974,84316
34863,29974,84318
34864,29975,84320
34865,29976,84324
34866,29977,84322
34867,29977,84324
34868,29978,84336
34869,29979,84335
34870,29980,84338
34871,29981,84341
34872,29982,84344
34873,29982,84342
34874,29983,84357
34875,29984,84361
34876,29985,84359
34877,29986,84362
34878,29987,84364
34879,29988,84363
34880,29989,84365
34881,29990,84366
34882,29991,84367
34883,29992,84369
34884,29993,84372
34885,29994,84373
34886,29995,84374
34887,29996,84376
34888,29997,84377
34889,29998,84378
34890,29999,84381
34891,30000,84380
34892,30001,84383
34893,30002,84384
34894,30002,84383
34895,30003,84390
34896,30004,84396
34897,30004,84394
34898,30005,84398
34899,30005,84399
34900,30006,84397
34901,30007,84413
34902,30008,84415
34903,30009,84424
34904,30010,84425
34905,30011,84432
34906,30011,84433
34907,30012,84438
34908,30013,84440
34909,30014,84443
34910,30014,84444
34911,30015,84449
34912,30016,84454
34913,30017,84452
34914,30018,84455
34915,30019,84456
34916,30020,84461
34917,30020,84462
34918,30021,84464
34919,30022,84470
34920,30023,84469
34921,30024,84471
34922,30025,84477
34923,30026,84481
34924,30027,84484
34925,30028,84489
34926,30029,84492
34927,30030,84493
34928,30031,84494
34929,30032,84497
34930,30032,84495
34931,30033,84496
34932,30033,84497
34933,30034,84501
34934,30035,84502
34935,30036,84504
34936,30036,84503
34937,30037,84516
34938,30038,84519
34939,30038,84518
34940,30039,84518
34941,30040,84520
34942,30041,84525
34943,30042,84529
34944,30043,84534
34945,30044,84537
34946,30044,84538
34947,30045,84538
34948,30046,84546
34949,30047,84548
34950,30048,84553
34951,30049,84556
34952,30050,84554
34953,30050,84555
34954,30051,84562
34955,30052,84570
34956,30053,84574
34957,30054,84577
34958,30055,84578
34959,30055,84576
34960,30056,84579
34961,30056,84580
34962,30057,84580
34963,30057,84579
34964,30058,84584
34965,30059,84582
34966,30060,84589
34967,30061,84588
34968,30061,84589
34969,30062,84590
34970,30063,84597
34971,30064,84598
34972,30065,84601
34973,30066,84603
34974,30067,84602
34975,30068,84607
34976,30069,84606
34977,30070,84609
34978,30071,84608
34979,30072,84613
34980,30073,84614
34981,30074,84615
34982,30075,84616
34983,30076,84619
34984,30077,84622
34985,30078,84627
34986,30079,84625
34987,30079,84627
34988,30080,84632
34989,30081,84637
34990,30082,84636
34991,30083,84639
34992,30084,84640
34993,30085,84642
34994,30086,84645
34995,30087,84652
34996,30088,84651
34997,30089,84659
34998,30090,84658
34999,30091,84663
35000,30092,84667
35001,30093,84672
35002,30094,84673
35003,30095,84678
35004,30095,84676
35005,30096,84677
35006,30097,84679
35007,30097,84680
35008,30098,84681
35009,30099,84684
35010,30100,84685
35011,30101,84686
35012,30102,84689
35013,30102,84688
35014,30103,84687
35015,30104,84690
35016,30105,84695
35017,30106,84693
35018,30107,84706
35019,30108,84707
35020,30109,84709
35021,30110,84715
35022,30110,84713
35023,30111,84725
35024,30112,84723
35025,30113,84727
35026,30114,84726
35027,30114,84727
35028,30115,84728
35029,30116,84729
35030,30117,84732
35031,30118,84740
35032,30119,84739
35033,30120,84741
35034,30121,84751
35035,30122,84752
35036,30123,84760
35037,30124,84774
35038,30125,84775
35039,30126,84777
35040,30126,84778
35041,30127,84795
35042,30128,84801
35043,30129,84803
35044,30130,84811
35045,30131,84813
35046,30132,84812
35047,30133,84819
35048,30133,84817
35049,30134,84818
35050,30135,84822
35051,30135,84821
35052,30136,84825
35053,30137,84827
35054,30138,84828
35055,30139,84832
35056,30140,84831
35057,30140,84829
35058,30141,84833
35059,30142,84834
35060,30142,84835
35061,30143,84843
35062,30143,84840
35063,30144,84841
35064,30144,84840
35065,30145,84844
35066,30146,84845
35067,30147,84846
35068,30148,84848
35069,30149,84853
35070,30150,84858
35071,30151,84859
35072,30152,84861
35073,30153,84862
35074,30154,84863
35075,30155,84864
35076,30155,84865
35077,30156,84865
35078,30157,84870
35079,30157,84873
35080,30158,84877
35081,30159,84876
35082,30160,84879
35083,30161,84878
35084,30162,84890
35085,30163,84898
35086,30164,84899
35087,30165,84911
35088,30166,84912
35089,30167,84914
35090,30168,84915
35091,30168,84914
35092,30169,84919
35093,30170,84922
35094,30171,84928
35095,30172,84929
35096,30173,84930
35097,30173,84931
35098,30174,84933
35099,30175,84936
35100,30176,84938
35101,30177,84949
35102,30178,84951
35103,30179,84955
35104,30179,84954
35105,30180,84958
35106,30181,84960
35107,30182,84964
35108,30183,84966
35109,30184,84968
35110,30185,84972
35111,30186,84980
35112,30187,84983
35113,30187,84984
35114,30188,84984
35115,30188,84983
35116,30189,84985
35117,30190,84986
35118,30191,84989
35119,30192,84988
35120,30193,84992
35121,30193,84991
35122,30194,84991
35123,30194,84992
35124,30195,84994
35125,30195,84995
35126,30196,85001
35127,30197,84999
35128,30198,85004
35129,30199,85006
35130,30200,85008
35131,30201,85009
35132,30201,85010
35133,30202,85011
35134,30203,85020
35135,30204,85024
35136,30205,85034
35137,30205,85033
35138,30206,85036
35139,30207,85042
35140,30208,85043
35141,30209,85047
35142,30210,85044
35143,30211,85056
35144,30211,85057
35145,30212,85058
35146,30213,85059
35147,30214,85062
35148,30215,85061
35149,30216,85063
35150,30216,85064
35151,30217,85066
35152,30218,85067
35153,30218,85066
35154,30219,85070
35155,30220,85075
35156,30221,85072
35157,30222,85076
35158,30222,85077
35159,30223,85078
35160,30224,85081
35161,30225,85082
35162,30226,85083
35163,30227,85084
35164,30228,85088
35165,30229,85089
35166,30229,85091
35167,30230,85090
35168,30231,85093
35169,30232,85095
35170,30233,85096
35171,30234,85098
35172,30234,85097
35173,30235,85101
35174,30236,85104
35175,30236,85105
35176,30237,85106
35177,30238,85107
35178,30239,85108
35179,30240,85109
35180,30241,85116
35181,30242,85123
35182,30243,85125
35183,30244,85127
35184,30244,85126
35185,30245,85128
35186,30246,85134
35187,30247,85135
35188,30248,85136
35189,30248,85137
35190,30249,85139
35191,30249,85140
35192,30250,85142
35193,30251,85141
35194,30252,85144
35195,30253,85145
35196,30253,85148
35197,30254,85150
35198,30255,85153
35199,30256,85160
35200,30257,85163
35201,30257,85162
35202,30258,85165
35203,30259,85169
35204,30260,85170
35205,30261,85173
35206,30262,85174
35207,30263,85176
35208,30264,85184
35209,30264,85183
35210,30265,85187
35211,30265,85188
35212,30266,85188
35213,30266,85187
35214,30267,85191
35215,30268,85196
35216,30268,85197
35217,30269,85201
35218,30269,85198
35219,30270,85198
35220,30271,85203
35221,30272,85204
35222,30273,85205
35223,30274,85211
35224,30275,85215
35225,30275,85214
35226,30276,85214
35227,30277,85218
35228,30278,85217
35229,30279,85220
35230,30280,85226
35231,30281,85233
35232,30281,85232
35233,30282,85236
35234,30283,85238
35235,30284,85239
35236,30285,85242
35237,30286,85256
35238,30287,85259
35239,30288,85264
35240,30289,85263
35241,30290,85267
35242,30290,85265
35243,30291,85265
35244,30292,85268
35245,30293,85269
35246,30294,85270
35247,30295,85275
35248,30296,85276
35249,30297,85285
35250,30298,85283
35251,30299,85291
35252,30299,85290
35253,30300,85294
35254,30301,85298
35255,30302,85303
35256,30303,85304
35257,30303,85303
35258,30304,85305
35259,30305,85311
35260,30306,85313
35261,30307,85318
35262,30308,85319
35263,30309,85324
35264,30310,85323
35265,30311,85325
35266,30312,85326
35267,30313,85331
35268,30314,85334
35269,30314,85335
35270,30315,85339
35271,30316,85341
35272,30317,85342
35273,30318,85344
35274,30319,85343
35275,30320,85346
35276,30321,85347
35277,30322,85350
35278,30323,85351
35279,30323,85350
35280,30324,85356
35281,30325,85360
35282,30326,85363
35283,30327,85364
35284,30328,85365
35285,30329,85368
35286,30330,85370
35287,30330,85371
35288,30331,85373
35289,30332,85379
35290,30333,85381
35291,30334,85384
35292,30335,85385
35293,30336,85386
35294,30337,85388
35295,30338,85389
35296,30339,85390
35297,30340,85391
35298,30341,85392
35299,30342,85393
35300,30343,85397
35301,30344,85398
35302,30345,85400
35303,30346,85403
35304,30347,85402
35305,30348,85404
35306,30349,85406
35307,30350,85405
35308,30351,85407
35309,30352,85408
35310,30353,85409
35311,30354,85410
35312,30355,85419
35313,30356,85423
35314,30357,85429
35315,30357,85428
35316,30358,85435
35317,30359,85436
35318,30360,85438
35319,30360,85439
35320,30361,85439
35321,30362,85445
35322,30363,85444
35323,30364,85446
35324,30365,85450
35325,30366,85449
35326,30367,85452
35327,30367,85455
35328,30368,85462
35329,30368,85463
35330,30369,85460
35331,30370,85466
35332,30370,85465
35333,30371,85465
35334,30372,85467
35335,30372,85468
35336,30373,85469
35337,30374,85475
35338,30375,85481
35339,30375,85479
35340,30376,85487
35341,30376,85486
35342,30377,85486
35343,30377,85487
35344,30378,85489
35345,30379,85491
35346,30380,85492
35347,30381,85493
35348,30382,85495
35349,30383,85497
35350,30384,85505
35351,30385,85502
35352,30386,85514
35353,30387,85521
35354,30387,85522
35355,30388,85525
35356,30389,85523
35357,30390,85527
35358,30390,85526
35359,30391,85528
35360,30392,85535
35361,30393,85536
35362,30394,85541
35363,30395,85542
35364,30396,85544
35365,30397,85546
35366,30398,85545
35367,30399,85548
35368,30400,85550
35369,30401,85552
35370,30402,85555
35371,30403,85557
35372,30404,85566
35373,30405,85575
35374,30406,85576
35375,30407,85578
35376,30407,85577
35377,30408,85579
35378,30408,85578
35379,30409,85583
35380,30410,85582
35381,30411,85586
35382,30412,85584
35383,30413,85589
35384,30414,85592
35385,30415,85600
35386,30416,85602
35387,30416,85603
35388,30417,85611
35389,30418,85614
35390,30419,85616
35391,30420,85615
35392,30421,85617
35393,30422,85618
35394,30423,85619
35395,30424,85624
35396,30425,85634
35397,30426,85647
35398,30427,85651
35399,30428,85649
35400,30429,85653
35401,30430,85657
35402,30430,85658
35403,30431,85659
35404,30431,85661
35405,30432,85662
35406,30433,85666
35407,30434,85669
35408,30435,85672
35409,30436,85673
35410,30437,85677
35411,30438,85686
35412,30439,85687
35413,30440,85688
35414,30440,85687
35415,30441,85694
35416,30442,85700
35417,30443,85701
35418,30444,85703
35419,30444,85702
35420,30445,85711
35421,30446,85708
35422,30447,85717
35423,30448,85720
35424,30449,85721
35425,30449,85720
35426,30450,85722
35427,30451,85723
35428,30452,85724
35429,30452,85725
35430,30453,85725
35431,30454,85726
35432,30455,85732
35433,30456,85735
35434,30457,85737
35435,30458,85739
35436,30459,85738
35437,30460,85744
35438,30461,85748
35439,30462,85751
35440,30463,85754
35441,30464,85753
35442,30465,85760
35443,30465,85759
35444,30466,85766
35445,30466,85765
35446,30467,85768
35447,30468,85767
35448,30469,85770
35449,30470,85771
35450,30471,85772
35451,30472,85774
35452,30473,85777
35453,30474,85776
35454,30475,85779
35455,30476,85778
35456,30477,85781
35457,30478,85783
35458,30478,85782
35459,30479,85782
35460,30480,85787
35461,30480,85785
35462,30481,85788
35463,30482,85789
35464,30483,85790
35465,30483,85789
35466,30484,85791
35467,30484,85792
35468,30485,85801
35469,30486,85799
35470,30487,85808
35471,30488,85810
35472,30489,85813
35473,30490,85819
35474,30490,85821
35475,30491,85818
35476,30491,85821
35477,30492,85822
35478,30493,85827
35479,30494,85835
35480,30495,85843
35481,30496,85856
35482,30497,85857
35483,30498,85860
35484,30499,85861
35485,30500,85864
35486,30501,85863
35487,30502,85867
35488,30503,85866
35489,30504,85869
35490,30504,85870
35491,30505,85868
35492,30506,85872
35493,30507,85874
35494,30507,85871
35495,30508,85877
35496,30509,85878
35497,30510,85885
35498,30511,85888
35499,30512,85905
35500,30513,85904
35501,30514,85914
35502,30515,85915
35503,30516,85919
35504,30517,85922
35505,30518,85921
35506,30518,85922
35507,30519,85926
35508,30519,85925
35509,30520,85925
35510,30521,85948
35511,30522,85956
35512,30523,85957
35513,30524,85959
35514,30525,85964
35515,30526,85966
35516,30527,85972
35517,30527,85970
35518,30528,85974
35519,30528,85973
35520,30529,85978
35521,30530,85981
35522,30530,85980
35523,30531,85985
35524,30532,85993
35525,30532,85992
35526,30533,85994
35527,30534,85996
35528,30535,86002
35529,30536,86003
35530,30537,86004
35531,30538,86007
35532,30539,86010
35533,30540,86011
35534,30541,86012
35535,30542,86013
35536,30543,86014
35537,30544,86019
35538,30544,86020
35539,30545,86021
35540,30546,86024
35541,30547,86028
35542,30547,86029
35543,30548,86030
35544,30549,86031
35545,30550,86035
35546,30551,86036
35547,30552,86037
35548,30552,86040
35549,30553,86041
35550,30554,86042
35551,30554,86044
35552,30555,86047
35553,30556,86050
35554,30557,86059
35555,30557,86060
35556,30558,86064
35557,30559,86062
35558,30560,86068
35559,30561,86066
35560,30561,86065
35561,30562,86069
35562,30563,86070
35563,30564,86071
35564,30565,86075
35565,30566,86081
35566,30567,86086
35567,30568,86085
35568,30569,86090
35569,30570,86093
35570,30571,86092
35571,30572,86102
35572,30573,86105
35573,30573,86104
35574,30574,86109
35575,30575,86110
35576,30576,86112
35577,30577,86113
35578,30578,86115
35579,30579,86116
35580,30580,86124
35581,30581,86125
35582,30582,86128
35583,30583,86130
35584,30584,86132
35585,30585,86131
35586,30586,86133
35587,30587,86134
35588,30588,86135
35589,30588,86134
35590,30589,86137
35591,30590,86149
35592,30591,86151
35593,30592,86156
35594,30593,86158
35595,30594,86157
35596,30595,86159
35597,30595,86161
35598,30596,86169
35599,30597,86172
35600,30598,86175
35601,30598,86173
35602,30599,86181
35603,30599,86182
35604,30600,86182
35605,30601,86187
35606,30602,86189
35607,30603,86191
35608,30604,86193
35609,30605,86195
35610,30605,86196
35611,30606,86196
35612,30607,86201
35613,30608,86208
35614,30609,86211
35615,30610,86215
35616,30610,86218
35617,30611,86220
35618,30612,86222
35619,30613,86223
35620,30614,86227
35621,30615,86226
35622,30616,86228
35623,30617,86238
35624,30618,86243
35625,30619,86245
35626,30620,86247
35627,30621,86248
35628,30622,86249
35629,30623,86252
35630,30624,86258
35631,30625,86259
35632,30626,86260
35633,30627,86265
35634,30628,86266
35635,30629,86267
35636,30630,86272
35637,30630,86270
35638,30631,86277
35639,30632,86281
35640,30633,86278
35641,30634,86282
35642,30635,86283
35643,30636,86292
35644,30636,86291
35645,30637,86291
35646,30637,86292
35647,30638,86293
35648,30639,86299
35649,30639,86301
35650,30640,86300
35651,30641,86304
35652,30641,86303
35653,30642,86303
35654,30643,86309
35655,30643,86312
35656,30644,86317
35657,30645,86323
35658,30646,86332
35659,30647,86333
35660,30648,86335
35661,30649,86337
35662,30650,86339
35663,30651,86344
35664,30652,86345
35665,30652,86344
35666,30653,86346
35667,30654,86347
35668,30655,86349
35669,30655,86348
35670,30656,86350
35671,30657,86356
35672,30658,86360
35673,30659,86361
35674,30660,86362
35675,30661,86364
35676,30662,86366
35677,30662,86365
35678,30663,86374
35679,30664,86371
35680,30664,86372
35681,30665,86381
35682,30666,86379
35683,30667,86387
35684,30668,86389
35685,30669,86388
35686,30670,86391
35687,30671,86390
35688,30671,86392
35689,30672,86394
35690,30673,86399
35691,30674,86398
35692,30675,86406
35693,30676,86407
35694,30677,86410
35695,30678,86418
35696,30679,86424
35697,30680,86428
35698,30681,86430
35699,30682,86434
35700,30683,86435
35701,30684,86437
35702,30685,86438
35703,30686,86443
35704,30687,86442
35705,30688,86453
35706,30689,86451
35707,30690,86455
35708,30690,86456
35709,30691,86456
35710,30691,86454
35711,30692,86457
35712,30693,86466
35713,30694,86465
35714,30695,86470
35715,30696,86472
35716,30696,86473
35717,30697,86482
35718,30698,86485
35719,30699,86489
35720,30700,86488
35721,30701,86495
35722,30702,86497
35723,30703,86498
35724,30704,86504
35725,30705,86505
35726,30705,86503
35727,30706,86511
35728,30707,86513
35729,30708,86514
35730,30709,86520
35731,30710,86523
35732,30711,86524
35733,30712,86526
35734,30713,86531
35735,30714,86533
35736,30715,86532
35737,30716,86534
35738,30717,86542
35739,30718,86545
35740,30719,86547
35741,30720,86558
35742,30721,86561
35743,30722,86560
35744,30723,86564
35745,30724,86565
35746,30725,86567
35747,30726,86573
35748,30727,86575
35749,30727,86574
35750,30728,86576
35751,30729,86579
35752,30730,86578
35753,30730,86579
35754,30731,86583
35755,30732,86580
35756,30733,86584
35757,30733,86585
35758,30734,86585
35759,30735,86586
35760,30736,86587
35761,30737,86590
35762,30737,86589
35763,30738,86591
35764,30739,86594
35765,30740,86593
35766,30741,86597
35767,30742,86601
35768,30743,86600
35769,30744,86604
35770,30745,86616
35771,30745,86617
35772,30746,86617
35773,30747,86623
35774,30747,86622
35775,30748,86622
35776,30749,86628
35777,30750,86627
35778,30751,86630
35779,30752,86631
35780,30753,86634
35781,30753,86636
35782,30754,86635
35783,30755,86647
35784,30756,86649
35785,30757,86650
35786,30757,86649
35787,30758,86653
35788,30759,86654
35789,30760,86655
35790,30761,86663
35791,30762,86662
35792,30763,86666
35793,30764,86667
35794,30765,86669
35795,30766,86676
35796,30767,86678
35797,30768,86682
35798,30768,86680
35799,30769,86684
35800,30770,86686
35801,30771,86692
35802,30772,86701
35803,30773,86706
35804,30774,86707
35805,30775,86708
35806,30776,86711
35807,30776,86710
35808,30777,86713
35809,30778,86714
35810,30779,86715
35811,30780,86718
35812,30780,86717
35813,30781,86719
35814,30781,86716
35815,30782,86722
35816,30783,86728
35817,30784,86730
35818,30784,86728
35819,30785,86739
35820,30786,86747
35821,30787,86751
35822,30788,86753
35823,30789,86754
35824,30790,86756
35825,30791,86757
35826,30792,86761
35827,30793,86758
35828,30794,86765
35829,30795,86766
35830,30796,86769
35831,30797,86771
35832,30798,86772
35833,30799,86777
35834,30800,86778
35835,30801,86779
35836,30802,86782
35837,30803,86784
35838,30804,86787
35839,30805,86786
35840,30806,86791
35841,30806,86790
35842,30807,86796
35843,30808,86797
35844,30809,86800
35845,30810,86803
35846,30811,86805
35847,30811,86803
35848,30812,86811
35849,30812,86812
35850,30813,86813
35851,30814,86816
35852,30815,86819
35853,30816,86818
35854,30817,86824
35855,30818,86825
35856,30819,86827
35857,30820,86830
35858,30820,86829
35859,30821,86831
35860,30822,86832
35861,30823,86835
35862,30824,86842
35863,30825,86841
35864,30826,86849
35865,30827,86848
35866,30827,86847
35867,30828,86856
35868,30829,86857
35869,30830,86859
35870,30831,86864
35871,30832,86866
35872,30832,86865
35873,30833,86870
35874,30834,86872
35875,30834,86871
35876,30835,86874
35877,30836,86873
35878,30837,86880
35879,30838,86884
35880,30839,86883
35881,30839,86882
35882,30840,86889
35883,30840,86890
35884,30841,86890
35885,30842,86891
35886,30843,86892
35887,30844,86895
35888,30845,86897
35889,30846,86896
35890,30847,86899
35891,30848,86900
35892,30849,86902
35893,30850,86904
35894,30851,86913
35895,30852,86910
35896,30853,86919
35897,30854,86918
35898,30855,86921
35899,30856,86923
35900,30857,86924
35901,30858,86927
35902,30858,86928
35903,30859,86942
35904,30860,86939
35905,30860,86942
35906,30861,86946
35907,30862,86952
35908,30863,86950
35909,30864,86953
35910,30865,86956
35911,30866,86960
35912,30867,86959
35913,30868,86961
35914,30869,86967
35915,30870,86969
35916,30870,86967
35917,30871,86972
35918,30871,86971
35919,30872,86974
35920,30873,86973
35921,30874,86975
35922,30874,86978
35923,30875,86980
35924,30876,86983
35925,30877,86985
35926,30877,86984
35927,30878,86988
35928,30879,86992
35929,30880,86995
35930,30881,86996
35931,30882,86997
35932,30883,87001
35933,30883,86999
35934,30884,87003
35935,30884,87004
35936,30885,87004
35937,30886,87007
35938,30887,87013
35939,30888,87012
35940,30889,87022
35941,30890,87023
35942,30891,87025
35943,30892,87026
35944,30893,87028
35945,30894,87036
35946,30895,87045
35947,30896,87049
35948,30897,87050
35949,30897,87049
35950,30898,87055
35951,30899,87054
35952,30900,87060
35953,30901,87065
35954,30901,87066
35955,30902,87066
35956,30902,87064
35957,30903,87068
35958,30904,87067
35959,30904,87068
35960,30905,87069
35961,30906,87079
35962,30907,87080
35963,30908,87084
35964,30909,87087
35965,30910,87086
35966,30911,87088
35967,30912,87099
35968,30912,87100
35969,30913,87102
35970,30914,87104
35971,30915,87108
35972,30916,87111
35973,30917,87113
35974,30918,87114
35975,30919,87116
35976,30919,87117
35977,30920,87118
35978,30921,87119
35979,30922,87120
35980,30923,87125
35981,30924,87124
35982,30925,87128
35983,30925,87129
35984,30926,87131
35985,30927,87132
35986,30928,87134
35987,30929,87135
35988,30930,87138
35989,30931,87139
35990,30932,87140
35991,30932,87139
35992,30933,87142
35993,30934,87145
35994,30935,87148
35995,30935,87149
35996,30936,87150
35997,30936,87148
35998,30937,87152
35999,30938,87154
36000,30939,87156
36001,30940,87155
36002,30941,87159
36003,30942,87158
36004,30943,87161
36005,30943,87162
36006,30944,87162
36007,30945,87177
36008,30946,87181
36009,30947,87184
36010,30948,87194
36011,30949,87193
36012,30950,87195
36013,30951,87196
36014,30952,87198
36015,30953,87200
36016,30954,87205
36017,30955,87206
36018,30956,87209
36019,30957,87210
36020,30958,87214
36021,30958,87213
36022,30959,87219
36023,30960,87220
36024,30960,87222
36025,30961,87222
36026,30961,87220
36027,30962,87229
36028,30963,87231
36029,30964,87230
36030,30964,87232
36031,30965,87247
36032,30966,87248
36033,30967,87257
36034,30968,87258
36035,30969,87270
36036,30970,87284
36037,30971,87281
36038,30972,87285
36039,30973,87286
36040,30974,87287
36041,30975,87293
36042,30976,87296
36043,30977,87300
36044,30978,87303
36045,30979,87305
36046,30980,87306
36047,30981,87310
36048,30981,87309
36049,30982,87308
36050,30983,87311
36051,30983,87312
36052,30984,87312
36053,30985,87317
36054,30986,87318
36055,30987,87320
36056,30987,87318
36057,30988,87324
36058,30989,87328
36059,30989,87329
36060,30990,87329
36061,30991,87332
36062,30992,87335
36063,30993,87333
36064,30993,87336
36065,30994,87338
36066,30995,87341
36067,30996,87340
36068,30996,87342
36069,30997,87346
36070,30998,87347
36071,30999,87350
36072,30999,87349
36073,31000,87359
36074,31001,87361
36075,31002,87363
36076,31002,87365
36077,31003,87365
36078,31003,87363
36079,31004,87367
36080,31005,87366
36081,31006,87369
36082,31007,87372
36083,31008,87378
36084,31009,87377
36085,31010,87379
36086,31011,87380
36087,31012,87382
36088,31013,87383
36089,31014,87390
36090,31015,87389
36091,31016,87395
36092,31017,87402
36093,31018,87406
36094,31018,87405
36095,31019,87405
36096,31020,87408
36097,31021,87407
36098,31021,87408
36099,31022,87410
36100,31023,87412
36101,31023,87413
36102,31024,87418
36103,31025,87420
36104,31026,87422
36105,31027,87428
36106,31028,87436
36107,31029,87437
36108,31030,87439
36109,31030,87440
36110,31031,87445
36111,31032,87447
36112,31033,87451
36113,31034,87454
36114,31035,87455
36115,31036,87458
36116,31037,87457
36117,31037,87458
36118,31038,87463
36119,31039,87467
36120,31040,87472
36121,31041,87470
36122,31042,87473
36123,31043,87476
36124,31044,87481
36125,31045,87487
36126,31046,87492
36127,31047,87491
36128,31048,87494
36129,31049,87502
36130,31050,87504
36131,31051,87506
36132,31052,87509
36133,31053,87510
36134,31054,87515
36135,31054,87514
36136,31055,87516
36137,31056,87522
36138,31057,87521
36139,31058,87523
36140,31058,87524
36141,31059,87526
36142,31060,87528
36143,31061,87529
36144,31062,87536
36145,31063,87541
36146,31064,87542
36147,31065,87543
36148,31066,87544
36149,31067,87547
36150,31068,87553
36151,31069,87562
36152,31070,87561
36153,31071,87563
36154,31071,87565
36155,31072,87565
36156,31073,87568
36157,31074,87573
36158,31075,87574
36159,31076,87575
36160,31077,87576
36161,31078,87577
36162,31079,87581
36163,31080,87582
36164,31081,87585
36165,31082,87591
36166,31083,87595
36167,31084,87594
36168,31085,87597
36169,31086,87596
36170,31086,87598
36171,31087,87601
36172,31088,87600
36173,31089,87604
36174,31090,87609
36175,31091,87611
36176,31092,87613
36177,31093,87614
36178,31093,87613
36179,31094,87617
36180,31095,87615
36181,31095,87618
36182,31096,87625
36183,31096,87624
36184,31097,87626
36185,31098,87631
36186,31099,87636
36187,31100,87635
36188,31101,87638
36189,31102,87640
36190,31103,87641
36191,31104,87647
36192,31105,87656
36193,31105,87657
36194,31106,87657
36195,31107,87659
36196,31108,87658
36197,31109,87663
36198,31110,87665
36199,31111,87673
36200,31112,87674
36201,31113,87675
36202,31114,87682
36203,31115,87696
36204,31116,87697
36205,31116,87696
36206,31117,87703
36207,31118,87704
36208,31119,87706
36209,31120,87711
36210,31121,87721
36211,31122,87723
36212,31123,87724
36213,31124,87725
36214,31125,87728
36215,31126,87734
36216,31126,87733
36217,31127,87733
36218,31128,87739
36219,31128,87736
36220,31129,87737
36221,31129,87738
36222,31130,87742
36223,31130,87740
36224,31131,87744
36225,31132,87746
36226,31133,87748
36227,31133,87747
36228,31134,87750
36229,31135,87753
36230,31136,87755
36231,31137,87759
36232,31138,87763
36233,31139,87762
36234,31140,87770
36235,31141,87768
36236,31142,87771
36237,31143,87776
36238,31144,87789
36239,31145,87791
36240,31146,87792
36241,31146,87793
36242,31147,87793
36243,31147,87792
36244,31148,87794
36245,31149,87796
36246,31150,87795
36247,31151,87797
36248,31152,87798
36249,31153,87807
36250,31154,87810
36251,31155,87814
36252,31156,87813
36253,31157,87817
36254,31158,87816
36255,31159,87822
36256,31160,87826
36257,31161,87825
36258,31161,87826
36259,31162,87827
36260,31163,87832
36261,31163,87834
36262,31164,87839
36263,31165,87847
36264,31166,87851
36265,31166,87852
36266,31167,87857
36267,31167,87856
36268,31168,87856
36269,31169,87858
36270,31169,87859
36271,31170,87860
36272,31171,87862
36273,31171,87860
36274,31172,87863
36275,31173,87865
36276,31173,87866
36277,31174,87872
36278,31175,87875
36279,31176,87877
36280,31177,87878
36281,31178,87880
36282,31179,87882
36283,31180,87887
36284,31180,87885
36285,31181,87890
36286,31182,87889
36287,31183,87894
36288,31184,87898
36289,31185,87899
36290,31186,87911
36291,31187,87912
36292,31188,87916
36293,31188,87915
36294,31189,87915
36295,31190,87918
36296,31191,87917
36297,31191,87919
36298,31192,87922
36299,31192,87921
36300,31193,87921
36301,31193,87922
36302,31194,87923
36303,31195,87925
36304,31196,87927
36305,31197,87929
36306,31198,87934
36307,31199,87938
36308,31200,87941
36309,31201,87944
36310,31202,87953
36311,31203,87951
36312,31204,87955
36313,31205,87954
36314,31206,87962
36315,31207,87979
36316,31207,87980
36317,31208,87981
36318,31208,87979
36319,31209,87983
36320,31210,87982
36321,31210,87983
36322,31211,87984
36323,31212,87990
36324,31213,87993
36325,31214,87994
36326,31215,87996
36327,31216,87995
36328,31217,88001
36329,31218,88003
36330,31219,88002
36331,31220,88005
36332,31221,88004
36333,31222,88007
36334,31223,88009
36335,31224,88010
36336,31225,88013
36337,31226,88018
36338,31227,88022
36339,31227,88019
36340,31228,88024
36341,31229,88028
36342,31230,88029
36343,31231,88032
36344,31232,88033
36345,31233,88036
36346,31233,88037
36347,31234,88039
36348,31234,88038
36349,31235,88041
36350,31236,88040
36351,31237,88047
36352,31238,88052
36353,31238,88055
36354,31239,88056
36355,31240,88059
36356,31241,88058
36357,31242,88061
36358,31243,88063
36359,31243,88064
36360,31244,88064
36361,31245,88066
36362,31245,88065
36363,31246,88065
36364,31247,88068
36365,31248,88071
36366,31249,88070
36367,31250,88072
36368,31251,88076
36369,31252,88075
36370,31253,88081
36371,31254,88078
36372,31255,88084
36373,31256,88085
36374,31257,88086
36375,31258,88093
36376,31258,88091
36377,31259,88101
36378,31259,88100
36379,31260,88100
36380,31260,88101
36381,31261,88104
36382,31262,88102
36383,31263,88111
36384,31264,88114
36385,31265,88115
36386,31266,88117
36387,31267,88116
36388,31268,88128
36389,31269,88127
36390,31269,88128
36391,31270,88129
36392,31271,88132
36393,31272,88133
36394,31273,88134
36395,31274,88142
36396,31275,88144
36397,31276,88148
36398,31276,88147
36399,31277,88147
36400,31278,88152
36401,31279,88151
36402,31280,88154
36403,31281,88155
36404,31282,88157
36405,31283,88158
36406,31284,88162
36407,31285,88163
36408,31286,88166
36409,31287,88165
36410,31288,88168
36411,31289,88169
36412,31290,88171
36413,31291,88170
36414,31291,88171
36415,31292,88174
36416,31293,88179
36417,31294,88186
36418,31295,88191
36419,31296,88193
36420,31296,88192
36421,31297,88192
36422,31297,88193
36423,31298,88199
36424,31299,88200
36425,31300,88201
36426,31301,88202
36427,31302,88207
36428,31303,88212
36429,31304,88221
36430,31305,88218
36431,31306,88222
36432,31306,88224
36433,31307,88225
36434,31308,88226
36435,31309,88231
36436,31309,88233
36437,31310,88236
36438,31311,88243
36439,31312,88241
36440,31313,88245
36441,31314,88250
36442,31315,88252
36443,31316,88253
36444,31317,88257
36445,31318,88258
36446,31319,88265
36447,31320,88266
36448,31321,88267
36449,31322,88270
36450,31323,88271
36451,31324,88277
36452,31325,88281
36453,31326,88287
36454,31327,88286
36455,31328,88294
36456,31329,88295
36457,31330,88296
36458,31331,88298
36459,31332,88302
36460,31333,88311
36461,31333,88310
36462,31334,88310
36463,31334,88309
36464,31335,88314
36465,31336,88313
36466,31337,88317
36467,31338,88324
36468,31339,88326
36469,31340,88328
36470,31341,88329
36471,31342,88332
36472,31343,88335
36473,31344,88342
36474,31345,88341
36475,31346,88347
36476,31346,88349
36477,31347,88351
36478,31348,88352
36479,31349,88354
36480,31349,88355
36481,31350,88353
36482,31351,88357
36483,31352,88362
36484,31353,88369
36485,31354,88378
36486,31355,88381
36487,31356,88382
36488,31357,88383
36489,31357,88384
36490,31358,88384
36491,31359,88388
36492,31360,88387
36493,31361,88394
36494,31361,88392
36495,31362,88405
36496,31363,88406
36497,31364,88408
36498,31365,88410
36499,31366,88415
36500,31367,88420
36501,31368,88422
36502,31368,88423
36503,31369,88426
36504,31370,88428
36505,31371,88432
36506,31371,88430
36507,31372,88439
36508,31372,88437
36509,31373,88438
36510,31374,88442
36511,31375,88450
36512,31376,88451
36513,31377,88453
36514,31378,88460
36515,31379,88470
36516,31380,88474
36517,31381,88475
36518,31382,88476
36519,31383,88477
36520,31384,88478
36521,31385,88482
36522,31386,88484
36523,31387,88488
36524,31388,88487
36525,31389,88489
36526,31390,88493
36527,31391,88496
36528,31392,88497
36529,31393,88500
36530,31394,88501
36531,31395,88504
36532,31396,88505
36533,31397,88514
36534,31398,88515
36535,31399,88516
36536,31400,88528
36537,31400,88527
36538,31401,88538
36539,31401,88537
36540,31402,88539
36541,31403,88541
36542,31404,88542
36543,31405,88543
36544,31406,88546
36545,31407,88551
36546,31408,88553
36547,31409,88564
36548,31410,88572
36549,31410,88571
36550,31411,88577
36551,31411,88576
36552,31412,88578
36553,31413,88580
36554,31414,88583
36555,31415,88585
36556,31416,88591
36557,31417,88592
36558,31417,88590
36559,31418,88596
36560,31419,88599
36561,31419,88598
36562,31420,88600
36563,31421,88601
36564,31421,88600
36565,31422,88603
36566,31423,88605
36567,31424,88606
36568,31425,88607
36569,31426,88608
36570,31427,88610
36571,31427,88609
36572,31428,88609
36573,31429,88613
36574,31430,88614
36575,31431,88616
36576,31432,88620
36577,31432,88617
36578,31433,88621
36579,31434,88622
36580,31435,88625
36581,31436,88628
36582,31436,88629
36583,31437,88629
36584,31437,88630
36585,31438,88631
36586,31439,88635
36587,31440,88634
36588,31441,88636
36589,31442,88638
36590,31443,88637
36591,31444,88641
36592,31444,88644
36593,31445,88644
36594,31446,88645
36595,31446,88646
36596,31447,88649
36597,31448,88653
36598,31449,88651
36599,31449,88652
36600,31450,88656
36601,31451,88658
36602,31452,88657
36603,31453,88659
36604,31454,88662
36605,31455,88663
36606,31456,88664
36607,31457,88666
36608,31458,88669
36609,31459,88671
36610,31460,88675
36611,31461,88678
36612,31462,88681
36613,31463,88691
36614,31464,88692
36615,31464,88693
36616,31465,88696
36617,31466,88697
36618,31467,88698
36619,31468,88699
36620,31469,88711
36621,31469,88713
36622,31470,88713
36623,31471,88715
36624,31472,88717
36625,31473,88718
36626,31474,88719
36627,31475,88723
36628,31476,88722
36629,31477,88731
36630,31478,88732
36631,31479,88736
36632,31480,88743
36633,31480,88742
36634,31481,88744
36635,31482,88746
36636,31483,88750
36637,31483,88749
36638,31484,88749
36639,31485,88754
36640,31486,88759
36641,31487,88760
36642,31488,88761
36643,31489,88764
36644,31490,88769
36645,31491,88766
36646,31492,88775
36647,31493,88774
36648,31494,88776
36649,31494,88778
36650,31495,88777
36651,31496,88785
36652,31497,88787
36653,31498,88788
36654,31499,88791
36655,31500,88793
36656,31500,88792
36657,31501,88792
36658,31502,88803
36659,31502,88804
36660,31503,88804
36661,31504,88805
36662,31505,88806
36663,31506,88808
36664,31507,88807
36665,31508,88814
36666,31508,88815
36667,31509,88816
36668,31509,88817
36669,31510,88817
36670,31510,88816
36671,31511,88819
36672,31512,88822
36673,31513,88823
36674,31514,88829
36675,31514,88828
36676,31515,88834
36677,31516,88835
36678,31516,88834
36679,31517,88840
36680,31518,88839
36681,31518,88840
36682,31519,88841
36683,31520,88842
36684,31521,88843
36685,31522,88847
36686,31523,88853
36687,31524,88855
36688,31525,88856
36689,31526,88862
36690,31527,88860
36691,31528,88865
36692,31529,88864
36693,31530,88867
36694,31531,88871
36695,31532,88872
36696,31533,88879
36697,31533,88878
36698,31534,88882
36699,31535,88885
36700,31536,88888
36701,31537,88887
36702,31537,88888
36703,31538,88889
36704,31539,88894
36705,31540,88900
36706,31540,88901
36707,31541,88902
36708,31542,88908
36709,31543,88909
36710,31544,88911
36711,31545,88913
36712,31546,88914
36713,31547,88916
36714,31548,88915
36715,31549,88917
36716,31550,88919
36717,31551,88922
36718,31552,88921
36719,31553,88925
36720,31554,88927
36721,31555,88926
36722,31556,88933
36723,31556,88932
36724,31557,88932
36725,31558,88935
36726,31559,88946
36727,31560,88943
36728,31560,88945
36729,31561,88948
36730,31562,88951
36731,31563,88949
36732,31564,88952
36733,31564,88953
36734,31565,88953
36735,31566,88955
36736,31567,88959
36737,31568,88965
36738,31569,88968
36739,31569,88966
36740,31570,88967
36741,31571,88970
36742,31572,88969
36743,31573,88975
36744,31574,88977
36745,31575,88980
36746,31576,88981
36747,31577,88985
36748,31578,88986
36749,31579,88990
36750,31580,88993
36751,31581,88994
36752,31582,88998
36753,31583,89005
36754,31584,89006
36755,31585,89008
36756,31586,89011
36757,31587,89013
36758,31588,89018
36759,31589,89019
36760,31590,89020
36761,31590,89021
36762,31591,89021
36763,31592,89027
36764,31592,89025
36765,31593,89029
36766,31594,89032
36767,31595,89030
36768,31596,89037
36769,31597,89038
36770,31598,89041
36771,31599,89040
36772,31600,89048
36773,31601,89049
36774,31601,89051
36775,31602,89050
36776,31603,89057
36777,31603,89056
36778,31604,89056
36779,31604,89057
36780,31605,89061
36781,31606,89062
36782,31607,89063
36783,31607,89062
36784,31608,89068
36785,31608,89067
36786,31609,89070
36787,31610,89071
36788,31611,89072
36789,31612,89076
36790,31613,89077
36791,31614,89080
36792,31614,89079
36793,31615,89081
36794,31616,89084
36795,31616,89086
36796,31617,89087
36797,31618,89090
36798,31618,89088
36799,31619,89089
36800,31620,89093
36801,31621,89092
36802,31622,89096
36803,31623,89097
36804,31624,89098
36805,31625,89100
36806,31626,89102
36807,31627,89107
36808,31628,89111
36809,31629,89115
36810,31629,89114
36811,31630,89114
36812,31631,89116
36813,31632,89118
36814,31633,89117
36815,31634,89119
36816,31635,89120
36817,31636,89123
36818,31636,89121
36819,31637,89124
36820,31638,89125
36821,31639,89127
36822,31640,89129
36823,31641,89128
36824,31642,89134
36825,31643,89142
36826,31644,89143
36827,31645,89144
36828,31646,89146
36829,31647,89150
36830,31648,89149
36831,31649,89160
36832,31650,89161
36833,31651,89163
36834,31652,89166
36835,31653,89168
36836,31654,89170
36837,31655,89173
36838,31655,89172
36839,31656,89174
36840,31656,89171
36841,31657,89176
36842,31657,89177
36843,31658,89181
36844,31659,89189
36845,31660,89190
36846,31660,89191
36847,31661,89192
36848,31662,89197
36849,31662,89196
36850,31663,89198
36851,31664,89204
36852,31665,89203
36853,31666,89211
36854,31667,89216
36855,31668,89217
36856,31669,89223
36857,31670,89228
36858,31671,89229
36859,31672,89234
36860,31673,89236
36861,31673,89237
36862,31674,89243
36863,31675,89244
36864,31676,89245
36865,31677,89246
36866,31678,89257
36867,31679,89258
36868,31680,89264
36869,31681,89266
36870,31682,89268
36871,31683,89269
36872,31684,89274
36873,31685,89273
36874,31686,89278
36875,31687,89285
36876,31688,89286
36877,31689,89287
36878,31690,89295
36879,31691,89296
36880,31692,89297
36881,31692,89299
36882,31693,89298
36883,31693,89300
36884,31694,89301
36885,31695,89302
36886,31695,89301
36887,31696,89303
36888,31697,89305
36889,31698,89306
36890,31699,89307
36891,31700,89308
36892,31701,89313
36893,31702,89314
36894,31703,89318
36895,31704,89320
36896,31705,89326
36897,31706,89329
36898,31707,89330
36899,31708,89331
36900,31709,89332
36901,31710,89334
36902,31711,89335
36903,31712,89338
36904,31713,89340
36905,31714,89344
36906,31715,89346
36907,31716,89347
36908,31716,89346
36909,31717,89349
36910,31718,89353
36911,31719,89362
36912,31720,89365
36913,31721,89371
36914,31722,89372
36915,31723,89374
36916,31724,89376
36917,31724,89374
36918,31725,89378
36919,31726,89385
36920,31727,89383
36921,31728,89386
36922,31729,89387
36923,31730,89390
36924,31731,89393
36925,31732,89394
36926,31733,89404
36927,31734,89405
36928,31735,89406
36929,31736,89408
36930,31737,89409
36931,31737,89412
36932,31738,89418
36933,31739,89419
36934,31740,89420
36935,31741,89422
36936,31741,89420
36937,31742,89425
36938,31743,89427
36939,31743,89429
36940,31744,89429
36941,31745,89435
36942,31746,89436
36943,31747,89437
36944,31748,89440
36945,31749,89443
36946,31750,89445
36947,31751,89446
36948,31752,89452
36949,31753,89451
36950,31754,89453
36951,31755,89454
36952,31756,89456
36953,31757,89457
36954,31758,89458
36955,31759,89459
36956,31760,89460
36957,31761,89462
36958,31762,89469
36959,31762,89468
36960,31763,89471
36961,31764,89473
36962,31765,89475
36963,31766,89474
36964,31767,89479
36965,31768,89481
36966,31769,89480
36967,31770,89485
36968,31771,89487
36969,31771,89488
36970,31772,89488
36971,31772,89487
36972,31773,89489
36973,31774,89492
36974,31775,89494
36975,31776,89499
36976,31776,89501
36977,31777,89501
36978,31777,89499
36979,31778,89505
36980,31779,89507
36981,31780,89506
36982,31781,89508
36983,31782,89510
36984,31783,89513
36985,31784,89518
36986,31785,89525
36987,31786,89524
36988,31787,89532
36989,31788,89531
36990,31789,89533
36991,31790,89536
36992,31791,89535
36993,31792,89540
36994,31793,89537
36995,31794,89546
36996,31795,89548
36997,31796,89553
36998,31797,89554
36999,31798,89559
37000,31799,89568
37001,31800,89566
37002,31801,89572
37003,31802,89575
37004,31803,89577
37005,31803,89576
37006,31804,89579
37007,31805,89580
37008,31806,89581
37009,31807,89583
37010,31808,89586
37011,31809,89588
37012,31810,89587
37013,31811,89593
37014,31812,89597
37015,31813,89599
37016,31814,89601
37017,31814,89600
37018,31815,89600
37019,31815,89601
37020,31816,89603
37021,31817,89604
37022,31818,89605
37023,31819,89607
37024,31820,89606
37025,31821,89609
37026,31821,89610
37027,31822,89614
37028,31823,89612
37029,31824,89617
37030,31825,89618
37031,31826,89623
37032,31826,89621
37033,31827,89625
37034,31827,89626
37035,31828,89626
37036,31828,89625
37037,31829,89628
37038,31829,89627
37039,31830,89629
37040,31831,89632
37041,31831,89630
37042,31832,89633
37043,31833,89634
37044,31833,89633
37045,31834,89636
37046,31835,89643
37047,31836,89649
37048,31837,89652
37049,31838,89654
37050,31839,89656
37051,31840,89657
37052,31840,89658
37053,31841,89662
37054,31842,89663
37055,31843,89664
37056,31843,89663
37057,31844,89668
37058,31845,89670
37059,31846,89674
37060,31847,89672
37061,31847,89671
37062,31848,89677
37063,31849,89676
37064,31850,89680
37065,31851,89682
37066,31852,89683
37067,31853,89693
37068,31854,89695
37069,31854,89694
37070,31855,89694
37071,31856,89697
37072,31857,89699
37073,31858,89698
37074,31859,89714
37075,31860,89713
37076,31861,89715
37077,31862,89716
37078,31862,89715
37079,31863,89719
37080,31864,89722
37081,31865,89732
37082,31866,89734
37083,31867,89738
37084,31868,89739
37085,31869,89742
37086,31870,89743
37087,31871,89748
37088,31872,89758
37089,31873,89761
37090,31874,89763
37091,31875,89764
37092,31876,89765
37093,31877,89767
37094,31878,89768
37095,31879,89769
37096,31880,89770
37097,31881,89774
37098,31882,89777
37099,31882,89776
37100,31883,89784
37101,31883,89785
37102,31884,89783
37103,31885,89786
37104,31886,89792
37105,31887,89796
37106,31888,89799
37107,31889,89804
37108,31889,89803
37109,31890,89803
37110,31891,89806
37111,31892,89807
37112,31893,89808
37113,31894,89810
37114,31895,89814
37115,31896,89819
37116,31896,89818
37117,31897,89818
37118,31898,89822
37119,31899,89820
37120,31900,89827
37121,31901,89826
37122,31902,89829
37123,31902,89830
37124,31903,89833
37125,31904,89835
37126,31905,89837
37127,31906,89844
37128,31907,89848
37129,31908,89850
37130,31909,89851
37131,31910,89853
37132,31911,89859
37133,31912,89860
37134,31913,89861
37135,31914,89871
37136,31915,89874
37137,31916,89882
37138,31917,89884
37139,31918,89885
37140,31919,89886
37141,31919,89885
37142,31920,89887
37143,31921,89893
37144,31922,89899
37145,31923,89900
37146,31924,89905
37147,31925,89908
37148,31926,89911
37149,31926,89910
37150,31927,89909
37151,31928,89919
37152,31929,89918
37153,31930,89921
37154,31931,89927
37155,31931,89928
37156,31932,89928
37157,31933,89931
37158,31934,89932
37159,31935,89937
37160,31936,89936
37161,31936,89935
37162,31937,89938
37163,31938,89940
37164,31938,89939
37165,31939,89941
37166,31939,89942
37167,31940,89945
37168,31941,89946
37169,31942,89949
37170,31942,89948
37171,31943,89950
37172,31943,89951
37173,31944,89952
37174,31945,89953
37175,31946,89957
37176,31947,89958
37177,31948,89959
37178,31948,89961
37179,31949,89962
37180,31950,89967
37181,31951,89970
37182,31952,89971
37183,31953,89976
37184,31954,89984
37185,31955,89983
37186,31956,89986
37187,31957,89985
37188,31958,89994
37189,31959,89996
37190,31960,89995
37191,31961,90001
37192,31962,90003
37193,31963,90005
37194,31964,90006
37195,31965,90010
37196,31966,90013
37197,31967,90016
37198,31968,90019
37199,31969,90021
37200,31970,90024
37201,31971,90027
37202,31972,90028
37203,31973,90042
37204,31974,90041
37205,31975,90044
37206,31976,90045
37207,31977,90046
37208,31978,90049
37209,31978,90050
37210,31979,90051
37211,31979,90049
37212,31980,90052
37213,31981,90056
37214,31982,90060
37215,31983,90064
37216,31984,90061
37217,31985,90067
37218,31985,90066
37219,31986,90071
37220,31987,90069
37221,31988,90072
37222,31989,90082
37223,31990,90084
37224,31991,90085
37225,31992,90086
37226,31993,90091
37227,31994,90098
37228,31995,90099
37229,31996,90101
37230,31996,90100
37231,31997,90102
37232,31998,90103
37233,31999,90108
37234,32000,90109
37235,32001,90110
37236,32002,90118
37237,32003,90124
37238,32004,90129
37239,32004,90128
37240,32005,90130
37241,32006,90137
37242,32007,90136
37243,32008,90141
37244,32009,90148
37245,32009,90149
37246,32010,90149
37247,32011,90150
37248,32012,90151
37249,32012,90150
37250,32013,90156
37251,32013,90158
37252,32014,90161
37253,32015,90162
37254,32015,90161
37255,32016,90165
37256,32017,90164
37257,32018,90171
37258,32019,90172
37259,32020,90175
37260,32021,90174
37261,32021,90175
37262,32022,90176
37263,32023,90180
37264,32024,90181
37265,32025,90183
37266,32026,90182
37267,32027,90188
37268,32028,90189
37269,32029,90192
37270,32030,90199
37271,32030,90200
37272,32031,90200
37273,32032,90207
37274,32033,90213
37275,32034,90215
37276,32034,90214
37277,32035,90214
37278,32036,90218
37279,32037,90216
37280,32037,90219
37281,32038,90221
37282,32039,90222
37283,32040,90223
37284,32040,90224
37285,32041,90233
37286,32041,90231
37287,32042,90231
37288,32042,90232
37289,32043,90234
37290,32044,90236
37291,32045,90239
37292,32046,90238
37293,32047,90242
37294,32048,90243
37295,32049,90250
37296,32050,90251
37297,32051,90257
37298,32052,90258
37299,32052,90260
37300,32053,90260
37301,32054,90261
37302,32055,90262
37303,32055,90263
37304,32056,90267
37305,32057,90265
37306,32058,90268
37307,32059,90269
37308,32060,90270
37309,32061,90273
37310,32062,90276
37311,32063,90274
37312,32063,90275
37313,32064,90279
37314,32065,90280
37315,32066,90289
37316,32067,90291
37317,32068,90293
37318,32069,90294
37319,32070,90300
37320,32071,90301
37321,32072,90302
37322,32073,90303
37323,32074,90304
37324,32075,90314
37325,32076,90313
37326,32077,90317
37327,32078,90321
37328,32079,90324
37329,32080,90328
37330,32081,90334
37331,32082,90332
37332,32083,90350
37333,32084,90351
37334,32085,90353
37335,32086,90358
37336,32087,90362
37337,32088,90361
37338,32089,90367
37339,32090,90365
37340,32091,90372
37341,32092,90374
37342,32093,90376
37343,32094,90379
37344,32094,90380
37345,32095,90380
37346,32096,90381
37347,32097,90387
37348,32098,90390
37349,32099,90389
37350,32099,90390
37351,32100,90392
37352,32101,90391
37353,32102,90403
37354,32103,90405
37355,32104,90406
37356,32105,90411
37357,32106,90412
37358,32107,90417
37359,32108,90419
37360,32109,90423
37361,32109,90422
37362,32110,90420
37363,32111,90431
37364,32112,90430
37365,32112,90431
37366,32113,90432
37367,32114,90435
37368,32115,90439
37369,32116,90440
37370,32117,90446
37371,32118,90447
37372,32119,90452
37373,32120,90449
37374,32120,90450
37375,32121,90456
37376,32122,90459
37377,32123,90461
37378,32124,90463
37379,32125,90464
37380,32126,90468
37381,32127,90472
37382,32128,90471
37383,32129,90474
37384,32130,90477
37385,32130,90478
37386,32131,90482
37387,32131,90484
37388,32132,90483
37389,32132,90482
37390,32133,90485
37391,32133,90487
37392,32134,90491
37393,32135,90488
37394,32136,90492
37395,32137,90494
37396,32138,90497
37397,32138,90496
37398,32139,90496
37399,32140,90498
37400,32141,90506
37401,32142,90510
37402,32143,90512
37403,32144,90511
37404,32145,90520
37405,32146,90526
37406,32147,90530
37407,32147,90531
37408,32148,90532
37409,32149,90534
37410,32150,90537
37411,32151,90539
37412,32151,90538
37413,32152,90541
37414,32153,90542
37415,32154,90543
37416,32155,90544
37417,32156,90546
37418,32157,90554
37419,32157,90553
37420,32158,90555
37421,32159,90562
37422,32160,90565
37423,32161,90568
37424,32161,90566
37425,32162,90566
37426,32162,90568
37427,32163,90569
37428,32164,90574
37429,32165,90580
37430,32166,90585
37431,32166,90584
37432,32167,90583
37433,32168,90593
37434,32169,90592
37435,32170,90594
37436,32171,90597
37437,32172,90596
37438,32173,90599
37439,32173,90601
37440,32174,90601
37441,32175,90602
37442,32176,90603
37443,32177,90606
37444,32178,90605
37445,32179,90614
37446,32180,90618
37447,32181,90620
37448,32181,90619
37449,32182,90621
37450,32183,90624
37451,32184,90623
37452,32185,90627
37453,32185,90626
37454,32186,90625
37455,32186,90627
37456,32187,90628
37457,32188,90631
37458,32189,90633
37459,32190,90634
37460,32191,90635
37461,32192,90636
37462,32193,90640
37463,32194,90643
37464,32195,90650
37465,32196,90656
37466,32197,90654
37467,32197,90655
37468,32198,90659
37469,32198,90658
37470,32199,90661
37471,32200,90668
37472,32201,90672
37473,32202,90673
37474,32203,90679
37475,32204,90677
37476,32205,90682
37477,32206,90681
37478,32207,90685
37479,32208,90687
37480,32209,90688
37481,32210,90693
37482,32210,90692
37483,32211,90694
37484,32212,90696
37485,32213,90695
37486,32213,90696
37487,32214,90700
37488,32215,90703
37489,32216,90711
37490,32217,90714
37491,32218,90715
37492,32219,90716
37493,32220,90720
37494,32221,90732
37495,32222,90733
37496,32223,90734
37497,32224,90735
37498,32225,90740
37499,32226,90739
37500,32227,90742
37501,32228,90746
37502,32229,90743
37503,32230,90751
37504,32231,90757
37505,32232,90755
37506,32232,90756
37507,32233,90760
37508,32234,90759
37509,32235,90761
37510,32236,90765
37511,32237,90771
37512,32238,90772
37513,32239,90774
37514,32240,90773
37515,32241,90776
37516,32242,90781
37517,32243,90778
37518,32244,90783
37519,32245,90782
37520,32245,90783
37521,32246,90784
37522,32247,90791
37523,32248,90790
37524,32249,90792
37525,32250,90793
37526,32251,90795
37527,32251,90796
37528,32252,90796
37529,32253,90798
37530,32254,90801
37531,32254,90799
37532,32255,90799
37533,32256,90803
37534,32257,90806
37535,32258,90807
37536,32259,90809
37537,32260,90814
37538,32261,90815
37539,32262,90816
37540,32263,90825
37541,32263,90824
37542,32264,90824
37543,32265,90826
37544,32265,90828
37545,32266,90827
37546,32267,90834
37547,32268,90844
37548,32269,90845
37549,32270,90851
37550,32271,90848
37551,32271,90850
37552,32272,90855
37553,32273,90860
37554,32274,90861
37555,32275,90863
37556,32276,90868
37557,32277,90870
37558,32278,90874
37559,32279,90875
37560,32280,90876
37561,32281,90877
37562,32282,90878
37563,32283,90880
37564,32284,90881
37565,32285,90882
37566,32286,90885
37567,32286,90884
37568,32287,90884
37569,32287,90883
37570,32288,90886
37571,32289,90888
37572,32290,90898
37573,32291,90901
37574,32292,90902
37575,32293,90911
37576,32294,90914
37577,32295,90917
37578,32296,90916
37579,32297,90924
37580,32298,90925
37581,32299,90927
37582,32299,90928
37583,32300,90931
37584,32301,90935
37585,32302,90934
37586,32302,90935
37587,32303,90943
37588,32304,90946
37589,32305,90947
37590,32306,90948
37591,32307,90953
37592,32308,90954
37593,32308,90955
37594,32309,90955
37595,32310,90956
37596,32311,90959
37597,32312,90957
37598,32313,90962
37599,32314,90969
37600,32314,90968
37601,32315,90977
37602,32316,90976
37603,32317,90978
37604,32317,90979
37605,32318,90979
37606,32319,90983
37607,32320,90989
37608,32320,90986
37609,32321,90990
37610,32321,90991
37611,32322,90992
37612,32323,90995
37613,32324,90994
37614,32324,90995
37615,32325,90997
37616,32325,90996
37617,32326,90996
37618,32327,90999
37619,32328,91003
37620,32329,91005
37621,32330,91012
37622,32331,91011
37623,32331,91012
37624,32332,91013
37625,32333,91019
37626,32334,91023
37627,32335,91024
37628,32336,91028
37629,32337,91026
37630,32338,91031
37631,32339,91030
37632,32340,91040
37633,32341,91042
37634,32342,91041
37635,32343,91044
37636,32344,91051
37637,32345,91052
37638,32346,91055
37639,32347,91054
37640,32348,91058
37641,32349,91057
37642,32350,91063
37643,32351,91066
37644,32351,91064
37645,32352,91065
37646,32353,91067
37647,32354,91068
37648,32355,91073
37649,32356,91082
37650,32357,91090
37651,32358,91089
37652,32359,91092
37653,32360,91094
37654,32360,91095
37655,32361,91096
37656,32362,91099
37657,32363,91101
37658,32364,91102
37659,32365,91104
37660,32366,91111
37661,32366,91110
37662,32367,91112
37663,32368,91114
37664,32369,91118
37665,32370,91119
37666,32371,91122
37667,32372,91121
37668,32373,91128
37669,32374,91130
37670,32375,91129
37671,32376,91134
37672,32377,91138
37673,32378,91139
37674,32379,91142
37675,32380,91148
37676,32380,91149
37677,32381,91149
37678,32382,91151
37679,32383,91152
37680,32384,91155
37681,32385,91158
37682,32386,91159
37683,32387,91162
37684,32388,91165
37685,32389,91164
37686,32390,91168
37687,32390,91167
37688,32391,91167
37689,32392,91170
37690,32393,91171
37691,32394,91174
37692,32395,91180
37693,32395,91182
37694,32396,91187
37695,32396,91186
37696,32397,91184
37697,32398,91190
37698,32399,91191
37699,32400,91192
37700,32401,91198
37701,32402,91202
37702,32403,91206
37703,32404,91208
37704,32405,91210
37705,32406,91211
37706,32407,91213
37707,32408,91214
37708,32409,91216
37709,32410,91219
37710,32411,91220
37711,32412,91222
37712,32413,91224
37713,32414,91226
37714,32414,91227
37715,32415,91228
37716,32416,91230
37717,32417,91232
37718,32418,91233
37719,32419,91234
37720,32420,91237
37721,32421,91240
37722,32422,91242
37723,32423,91245
37724,32424,91252
37725,32425,91257
37726,32426,91256
37727,32427,91258
37728,32428,91261
37729,32429,91262
37730,32430,91264
37731,32431,91272
37732,32432,91275
37733,32433,91274
37734,32433,91275
37735,32434,91276
37736,32435,91278
37737,32436,91279
37738,32437,91285
37739,32438,91287
37740,32439,91289
37741,32440,91288
37742,32440,91289
37743,32441,91290
37744,32441,91291
37745,32442,91308
37746,32443,91314
37747,32444,91313
37748,32445,91322
37749,32446,91323
37750,32447,91325
37751,32448,91328
37752,32449,91329
37753,32449,91332
37754,32450,91333
37755,32451,91335
37756,32452,91339
37757,32453,91342
37758,32454,91343
37759,32454,91344
37760,32455,91349
37761,32455,91348
37762,32456,91350
37763,32456,91348
37764,32457,91356
37765,32458,91355
37766,32459,91359
37767,32460,91361
37768,32461,91363
37769,32462,91368
37770,32463,91369
37771,32464,91370
37772,32465,91371
37773,32466,91376
37774,32467,91377
37775,32468,91379
37776,32469,91386
37777,32470,91388
37778,32471,91387
37779,32472,91391
37780,32473,91395
37781,32474,91397
37782,32474,91396
37783,32475,91396
37784,32476,91400
37785,32477,91404
37786,32478,91407
37787,32479,91406
37788,32479,91408
37789,32480,91409
37790,32481,91410
37791,32482,91411
37792,32483,91412
37793,32484,91415
37794,32485,91417
37795,32486,91419
37796,32487,91420
37797,32488,91421
37798,32489,91422
37799,32490,91425
37800,32491,91426
37801,32492,91436
37802,32493,91438
37803,32494,91437
37804,32495,91441
37805,32496,91440
37806,32497,91443
37807,32498,91447
37808,32499,91450
37809,32500,91449
37810,32501,91452
37811,32501,91451
37812,32502,91451
37813,32503,91453
37814,32504,91455
37815,32505,91458
37816,32506,91466
37817,32507,91464
37818,32508,91476
37819,32508,91475
37820,32509,91475
37821,32510,91477
37822,32511,91479
37823,32512,91481
37824,32513,91482
37825,32514,91485
37826,32515,91488
37827,32515,91486
37828,32516,91487
37829,32517,91492
37830,32518,91490
37831,32519,91494
37832,32520,91493
37833,32521,91498
37834,32522,91501
37835,32523,91506
37836,32524,91505
37837,32525,91511
37838,32526,91514
37839,32527,91512
37840,32528,91518
37841,32529,91519
37842,32530,91528
37843,32531,91529
37844,32532,91534
37845,32533,91533
37846,32534,91535
37847,32535,91537
37848,32536,91538
37849,32537,91541
37850,32538,91542
37851,32539,91543
37852,32540,91548
37853,32540,91549
37854,32541,91550
37855,32542,91552
37856,32542,91553
37857,32543,91555
37858,32544,91558
37859,32545,91563
37860,32546,91568
37861,32547,91573
37862,32548,91580
37863,32549,91581
37864,32550,91583
37865,32551,91582
37866,32552,91586
37867,32553,91584
37868,32554,91596
37869,32555,91597
37870,32556,91598
37871,32557,91606
37872,32558,91607
37873,32559,91612
37874,32559,91613
37875,32560,91611
37876,32561,91616
37877,32561,91614
37878,32562,91615
37879,32562,91614
37880,32563,91618
37881,32564,91619
37882,32565,91620
37883,32566,91623
37884,32567,91624
37885,32568,91626
37886,32568,91628
37887,32569,91625
37888,32569,91626
37889,32570,91629
37890,32571,91631
37891,32572,91641
37892,32573,91640
37893,32574,91645
37894,32575,91646
37895,32576,91649
37896,32577,91648
37897,32578,91658
37898,32579,91661
37899,32579,91660
37900,32580,91659
37901,32581,91662
37902,32582,91663
37903,32583,91667
37904,32584,91668
37905,32585,91669
37906,32585,91670
37907,32586,91674
37908,32586,91675
37909,32587,91675
37910,32588,91676
37911,32589,91679
37912,32590,91680
37913,32591,91684
37914,32591,91682
37915,32592,91691
37916,32593,91690
37917,32594,91699
37918,32594,91701
37919,32595,91700
37920,32596,91702
37921,32597,91703
37922,32598,91704
37923,32599,91705
37924,32600,91706
37925,32601,91709
37926,32602,91710
37927,32602,91709
37928,32603,91712
37929,32604,91723
37930,32605,91728
37931,32605,91729
37932,32606,91735
37933,32607,91738
37934,32608,91737
37935,32609,91744
37936,32610,91745
37937,32611,91748
37938,32612,91750
37939,32613,91749
37940,32614,91752
37941,32615,91755
37942,32615,91754
37943,32616,91758
37944,32617,91759
37945,32618,91764
37946,32619,91763
37947,32620,91767
37948,32621,91768
37949,32621,91767
37950,32622,91774
37951,32623,91773
37952,32624,91776
37953,32625,91780
37954,32626,91787
37955,32627,91786
37956,32628,91791
37957,32628,91788
37958,32629,91794
37959,32630,91797
37960,32631,91796
37961,32632,91803
37962,32633,91808
37963,32634,91809
37964,32635,91811
37965,32636,91813
37966,32637,91812
37967,32638,91814
37968,32639,91816
37969,32640,91817
37970,32641,91821
37971,32642,91822
37972,32642,91821
37973,32643,91828
37974,32644,91829
37975,32645,91830
37976,32646,91833
37977,32647,91832
37978,32648,91835
37979,32649,91837
37980,32650,91838
37981,32651,91841
37982,32652,91843
37983,32653,91848
37984,32654,91849
37985,32655,91850
37986,32656,91854
37987,32657,91855
37988,32658,91862
37989,32658,91860
37990,32659,91863
37991,32660,91871
37992,32661,91872
37993,32662,91873
37994,32663,91875
37995,32664,91879
37996,32665,91880
37997,32665,91882
37998,32666,91882
37999,32667,91883
38000,32668,91894
38001,32668,91893
38002,32669,91892
38003,32670,91897
38004,32671,91904
38005,32672,91902
38006,32673,91905
38007,32674,91912
38008,32675,91917
38009,32675,91916
38010,32676,91915
38011,32677,91921
38012,32678,91925
38013,32679,91924
38014,32679,91925
38015,32680,91928
38016,32681,91932
38017,32682,91933
38018,32683,91934
38019,32684,91941
38020,32685,91947
38021,32686,91948
38022,32687,91950
38023,32688,91949
38024,32688,91950
38025,32689,91953
38026,32690,91952
38027,32691,91955
38028,32692,91957
38029,32692,91958
38030,32693,91958
38031,32693,91957
38032,32694,91962
38033,32695,91965
38034,32696,91964
38035,32697,91968
38036,32698,91971
38037,32699,91973
38038,32700,91978
38039,32701,91977
38040,32702,91981
38041,32702,91980
38042,32703,91980
38043,32704,91983
38044,32704,91982
38045,32705,91984
38046,32705,91982
38047,32706,91986
38048,32707,91985
38049,32708,91988
38050,32709,91990
38051,32710,91994
38052,32711,91997
38053,32712,91995
38054,32713,91998
38055,32714,92000
38056,32715,91999
38057,32716,92002
38058,32717,92005
38059,32718,92004
38060,32719,92006
38061,32720,92008
38062,32721,92013
38063,32722,92014
38064,32723,92016
38065,32724,92017
38066,32725,92018
38067,32726,92025
38068,32727,92031
38069,32728,92029
38070,32729,92034
38071,32730,92032
38072,32731,92040
38073,32731,92037
38074,32732,92037
38075,32732,92038
38076,32733,92041
38077,32733,92042
38078,32734,92046
38079,32735,92047
38080,32736,92050
38081,32737,92055
38082,32738,92054
38083,32739,92061
38084,32740,92062
38085,32741,92070
38086,32742,92069
38087,32743,92071
38088,32744,92072
38089,32745,92075
38090,32746,92077
38091,32747,92076
38092,32748,92079
38093,32748,92080
38094,32749,92080
38095,32750,92083
38096,32751,92085
38097,32752,92091
38098,32753,92092
38099,32754,92093
38100,32755,92094
38101,32756,92095
38102,32757,92097
38103,32757,92098
38104,32758,92100
38105,32759,92104
38106,32760,92106
38107,32761,92114
38108,32762,92115
38109,32763,92116
38110,32764,92119
38111,32765,92118
38112,32766,92123
38113,32767,92122
38114,32767,92123
38115,32768,92124
38116,32769,92128
38117,32770,92132
38118,32771,92135
38119,32772,92141
38120,32773,92143
38121,32774,92142
38122,32775,92144
38123,32775,92145
38124,32776,92147
38125,32777,92149
38126,32777,92148
38127,32778,92153
38128,32779,92155
38129,32780,92154
38130,32781,92157
38131,32782,92159
38132,32783,92160
38133,32784,92161
38134,32785,92164
38135,32786,92168
38136,32786,92167
38137,32787,92172
38138,32788,92171
38139,32789,92174
38140,32790,92175
38141,32791,92180
38142,32792,92178
38143,32793,92185
38144,32794,92186
38145,32795,92187
38146,32796,92189
38147,32797,92196
38148,32798,92203
38149,32799,92206
38150,32800,92207
38151,32801,92211
38152,32801,92209
38153,32802,92212
38154,32803,92216
38155,32803,92217
38156,32804,92221
38157,32805,92222
38158,32806,92239
38159,32807,92242
38160,32808,92249
38161,32809,92254
38162,32810,92256
38163,32811,92259
38164,32812,92260
38165,32813,92264
38166,32814,92266
38167,32815,92270
38168,32816,92272
38169,32817,92271
38170,32818,92276
38171,32819,92273
38172,32819,92274
38173,32820,92277
38174,32821,92278
38175,32822,92279
38176,32823,92289
38177,32824,92288
38178,32825,92290
38179,32826,92291
38180,32827,92292
38181,32828,92293
38182,32829,92297
38183,32830,92301
38184,32831,92303
38185,32832,92305
38186,32833,92315
38187,32834,92319
38188,32835,92324
38189,32835,92327
38190,32836,92333
38191,32837,92336
38192,32838,92337
38193,32839,92346
38194,32840,92348
38195,32841,92350
38196,32841,92347
38197,32842,92352
38198,32843,92351
38199,32844,92353
38200,32845,92354
38201,32845,92357
38202,32846,92356
38203,32847,92359
38204,32848,92361
38205,32849,92363
38206,32850,92364
38207,32851,92377
38208,32852,92379
38209,32853,92381
38210,32854,92384
38211,32855,92383
38212,32856,92385
38213,32856,92387
38214,32857,92393
38215,32858,92391
38216,32859,92396
38217,32860,92404
38218,32861,92416
38219,32862,92415
38220,32863,92419
38221,32864,92426
38222,32864,92425
38223,32865,92434
38224,32866,92432
38225,32867,92437
38226,32867,92435
38227,32868,92436
38228,32869,92439
38229,32870,92441
38230,32871,92440
38231,32872,92446
38232,32873,92449
38233,32873,92451
38234,32874,92456
38235,32875,92462
38236,32876,92464
38237,32877,92466
38238,32878,92469
38239,32879,92471
38240,32880,92477
38241,32881,92478
38242,32882,92483
38243,32883,92486
38244,32884,92484
38245,32885,92487
38246,32886,92488
38247,32887,92491
38248,32888,92490
38249,32889,92492
38250,32889,92493
38251,32890,92494
38252,32891,92498
38253,32892,92504
38254,32893,92505
38255,32894,92513
38256,32895,92517
38257,32896,92526
38258,32897,92527
38259,32898,92532
38260,32899,92530
38261,32900,92536
38262,32901,92540
38263,32902,92543
38264,32903,92547
38265,32904,92552
38266,32905,92553
38267,32906,92555
38268,32907,92554
38269,32908,92556
38270,32909,92567
38271,32910,92568
38272,32911,92570
38273,32912,92569
38274,32913,92571
38275,32914,92574
38276,32915,92575
38277,32916,92577
38278,32917,92576
38279,32918,92578
38280,32919,92581
38281,32920,92584
38282,32921,92583
38283,32921,92582
38284,32922,92585
38285,32923,92587
38286,32924,92591
38287,32925,92589
38288,32925,92591
38289,32926,92603
38290,32927,92604
38291,32927,92605
38292,32928,92605
38293,32928,92604
38294,32929,92608
38295,32930,92610
38296,32931,92620
38297,32932,92623
38298,32933,92625
38299,32934,92626
38300,32935,92628
38301,32936,92637
38302,32937,92635
38303,32938,92640
38304,32939,92639
38305,32940,92645
38306,32941,92646
38307,32942,92648
38308,32943,92650
38309,32943,92649
38310,32944,92653
38311,32945,92652
38312,32945,92654
38313,32946,92656
38314,32947,92659
38315,32947,92658
38316,32948,92660
38317,32949,92666
38318,32949,92665
38319,32950,92665
38320,32950,92666
38321,32951,92669
38322,32951,92670
38323,32952,92670
38324,32953,92671
38325,32954,92672
38326,32955,92674
38327,32956,92677
38328,32957,92679
38329,32958,92680
38330,32959,92684
38331,32960,92683
38332,32961,92687
38333,32962,92686
38334,32963,92689
38335,32964,92690
38336,32965,92694
38337,32966,92696
38338,32967,92704
38339,32968,92707
38340,32969,92711
38341,32970,92712
38342,32970,92711
38343,32971,92713
38344,32972,92715
38345,32973,92716
38346,32974,92717
38347,32975,92722
38348,32976,92727
38349,32977,92733
38350,32978,92734
38351,32979,92742
38352,32980,92746
38353,32980,92744
38354,32981,92745
38355,32981,92743
38356,32982,92747
38357,32983,92754
38358,32984,92753
38359,32985,92755
38360,32986,92757
38361,32987,92758
38362,32988,92760
38363,32989,92764
38364,32989,92763
38365,32990,92765
38366,32990,92764
38367,32991,92767
38368,32992,92772
38369,32992,92771
38370,32993,92771
38371,32994,92774
38372,32995,92773
38373,32995,92774
38374,32996,92777
38375,32997,92776
38376,32997,92777
38377,32998,92780
38378,32999,92782
38379,33000,92794
38380,33001,92795
38381,33002,92797
38382,33003,92798
38383,33004,92801
38384,33005,92805
38385,33005,92804
38386,33006,92807
38387,33007,92812
38388,33008,92811
38389,33009,92815
38390,33010,92820
38391,33011,92822
38392,33011,92821
38393,33012,92823
38394,33012,92824
38395,33013,92830
38396,33014,92829
38397,33014,92830
38398,33015,92831
38399,33016,92836
38400,33017,92844
38401,33017,92842
38402,33018,92842
38403,33019,92846
38404,33020,92847
38405,33021,92853
38406,33022,92855
38407,33023,92861
38408,33024,92862
38409,33025,92863
38410,33026,92866
38411,33026,92868
38412,33027,92865
38413,33028,92869
38414,33029,92870
38415,33030,92871
38416,33031,92878
38417,33032,92877
38418,33033,92879
38419,33034,92880
38420,33035,92887
38421,33036,92889
38422,33036,92890
38423,33037,92894
38424,33038,92892
38425,33039,92899
38426,33040,92898
38427,33041,92904
38428,33042,92903
38429,33043,92906
38430,33044,92907
38431,33044,92906
38432,33045,92911
38433,33046,92912
38434,33047,92916
38435,33048,92915
38436,33048,92916
38437,33049,92918
38438,33050,92921
38439,33051,92922
38440,33052,92925
38441,33053,92930
38442,33054,92928
38443,33055,92936
38444,33055,92937
38445,33056,92939
38446,33057,92940
38447,33058,92941
38448,33059,92947
38449,33059,92946
38450,33060,92945
38451,33061,92949
38452,33062,92948
38453,33063,92959
38454,33064,92962
38455,33064,92964
38456,33065,92963
38457,33066,92965
38458,33067,92968
38459,33068,92969
38460,33069,92972
38461,33070,92971
38462,33071,92975
38463,33072,92977
38464,33073,92980
38465,33074,92979
38466,33075,92981
38467,33076,92983
38468,33077,92984
38469,33078,92987
38470,33079,92989
38471,33079,92988
38472,33080,92993
38473,33080,92994
38474,33081,93002
38475,33082,93004
38476,33082,93003
38477,33083,93003
38478,33084,93007
38479,33085,93015
38480,33086,93019
38481,33087,93016
38482,33087,93017
38483,33088,93021
38484,33089,93020
38485,33090,93027
38486,33091,93032
38487,33092,93030
38488,33093,93033
38489,33093,93034
38490,33094,93034
38491,33095,93036
38492,33096,93047
38493,33097,93049
38494,33098,93048
38495,33099,93053
38496,33100,93057
38497,33101,93055
38498,33102,93058
38499,33103,93059
38500,33103,93060
38501,33104,93060
38502,33105,93062
38503,33106,93066
38504,33106,93067
38505,33107,93068
38506,33108,93075
38507,33109,93074
38508,33110,93087
38509,33111,93089
38510,33112,93092
38511,33113,93093
38512,33114,93096
38513,33115,93097
38514,33116,93098
38515,33116,93099
38516,33117,93101
38517,33118,93105
38518,33119,93108
38519,33120,93106
38520,33120,93108
38521,33121,93109
38522,33122,93110
38523,33123,93111
38524,33124,93113
38525,33125,93115
38526,33126,93127
38527,33127,93131
38528,33128,93136
38529,33129,93137
38530,33130,93138
38531,33131,93139
38532,33132,93146
38533,33133,93148
38534,33133,93149
38535,33134,93149
38536,33135,93150
38537,33135,93151
38538,33136,93151
38539,33137,93154
38540,33138,93159
38541,33139,93157
38542,33140,93160
38543,33141,93161
38544,33142,93163
38545,33143,93162
38546,33144,93165
38547,33145,93168
38548,33145,93166
38549,33146,93171
38550,33147,93175
38551,33148,93176
38552,33149,93177
38553,33150,93179
38554,33151,93183
38555,33152,93187
38556,33153,93188
38557,33154,93191
38558,33155,93190
38559,33156,93192
38560,33157,93195
38561,33158,93203
38562,33158,93200
38563,33159,93206
38564,33160,93207
38565,33161,93208
38566,33162,93211
38567,33163,93213
38568,33164,93216
38569,33165,93220
38570,33165,93221
38571,33166,93225
38572,33166,93224
38573,33167,93223
38574,33168,93226
38575,33169,93228
38576,33169,93229
38577,33170,93229
38578,33171,93232
38579,33172,93236
38580,33173,93237
38581,33174,93238
38582,33175,93241
38583,33176,93246
38584,33177,93248
38585,33178,93253
38586,33178,93254
38587,33179,93256
38588,33180,93257
38589,33181,93260
38590,33181,93259
38591,33182,93262
38592,33183,93263
38593,33184,93264
38594,33185,93269
38595,33186,93277
38596,33187,93280
38597,33188,93282
38598,33189,93287
38599,33190,93286
38600,33191,93291
38601,33192,93290
38602,33193,93293
38603,33193,93295
38604,33194,93294
38605,33195,93298
38606,33196,93300
38607,33197,93305
38608,33198,93310
38609,33199,93315
38610,33200,93314
38611,33200,93315
38612,33201,93318
38613,33202,93320
38614,33203,93322
38615,33204,93326
38616,33205,93324
38617,33206,93328
38618,33207,93327
38619,33207,93328
38620,33208,93333
38621,33209,93342
38622,33210,93348
38623,33210,93347
38624,33211,93352
38625,33212,93355
38626,33213,93359
38627,33214,93364
38628,33215,93368
38629,33216,93374
38630,33217,93373
38631,33218,93378
38632,33219,93377
38633,33219,93378
38634,33220,93384
38635,33221,93386
38636,33222,93385
38637,33223,93390
38638,33224,93394
38639,33225,93398
38640,33226,93404
38641,33227,93410
38642,33228,93412
38643,33229,93414
38644,33230,93415
38645,33231,93416
38646,33232,93417
38647,33233,93419
38648,33234,93423
38649,33235,93420
38650,33236,93428
38651,33237,93427
38652,33238,93431
38653,33239,93429
38654,33240,93433
38655,33241,93436
38656,33242,93444
38657,33243,93446
38658,33243,93445
38659,33244,93445
38660,33245,93452
38661,33246,93456
38662,33247,93455
38663,33248,93461
38664,33248,93459
38665,33249,93465
38666,33250,93463
38667,33251,93470
38668,33252,93471
38669,33253,93472
38670,33254,93476
38671,33255,93477
38672,33256,93480
38673,33257,93487
38674,33258,93491
38675,33259,93492
38676,33260,93495
38677,33261,93497
38678,33262,93498
38679,33263,93500
38680,33264,93501
38681,33265,93503
38682,33265,93502
38683,33266,93506
38684,33266,93505
38685,33267,93510
38686,33268,93509
38687,33269,93516
38688,33270,93518
38689,33271,93521
38690,33272,93528
38691,33273,93539
38692,33274,93542
38693,33275,93543
38694,33276,93546
38695,33277,93547
38696,33278,93553
38697,33279,93555
38698,33280,93556
38699,33281,93560
38700,33282,93558
38701,33283,93561
38702,33284,93570
38703,33285,93572
38704,33286,93574
38705,33287,93576
38706,33288,93577
38707,33289,93581
38708,33290,93582
38709,33291,93585
38710,33291,93584
38711,33292,93590
38712,33293,93595
38713,33294,93597
38714,33295,93600
38715,33296,93599
38716,33297,93608
38717,33298,93606
38718,33299,93615
38719,33300,93627
38720,33300,93626
38721,33301,93628
38722,33302,93629
38723,33303,93630
38724,33304,93632
38725,33305,93641
38726,33306,93645
38727,33307,93644
38728,33308,93646
38729,33309,93648
38730,33310,93651
38731,33311,93655
38732,33311,93653
38733,33312,93652
38734,33313,93656
38735,33314,93658
38736,33315,93660
38737,33316,93661
38738,33317,93662
38739,33318,93667
38740,33319,93668
38741,33320,93675
38742,33321,93678
38743,33322,93680
38744,33323,93681
38745,33323,93682
38746,33324,93682
38747,33325,93683
38748,33326,93688
38749,33327,93689
38750,33328,93699
38751,33329,93700
38752,33330,93701
38753,33331,93702
38754,33332,93705
38755,33333,93704
38756,33334,93709
38757,33335,93708
38758,33335,93707
38759,33336,93713
38760,33337,93715
38761,33338,93716
38762,33339,93717
38763,33340,93718
38764,33340,93721
38765,33341,93726
38766,33342,93725
38767,33343,93727
38768,33344,93732
38769,33345,93731
38770,33346,93737
38771,33347,93736
38772,33348,93741
38773,33348,93743
38774,33349,93744
38775,33350,93745
38776,33351,93747
38777,33352,93748
38778,33353,93749
38779,33354,93750
38780,33355,93753
38781,33356,93754
38782,33357,93760
38783,33358,93777
38784,33359,93778
38785,33360,93779
38786,33361,93780
38787,33362,93783
38788,33363,93784
38789,33364,93787
38790,33365,93790
38791,33366,93793
38792,33367,93799
38793,33367,93796
38794,33368,93798
38795,33369,93801
38796,33370,93808
38797,33371,93810
38798,33372,93813
38799,33373,93816
38800,33374,93820
38801,33375,93822
38802,33375,93820
38803,33376,93829
38804,33377,93830
38805,33378,93832
38806,33379,93837
38807,33380,93841
38808,33381,93842
38809,33382,93846
38810,33383,93849
38811,33384,93851
38812,33385,93854
38813,33386,93858
38814,33387,93860
38815,33388,93861
38816,33388,93859
38817,33389,93864
38818,33390,93867
38819,33391,93870
38820,33392,93872
38821,33393,93873
38822,33394,93880
38823,33395,93886
38824,33396,93883
38825,33397,93889
38826,33398,93894
38827,33399,93897
38828,33400,93901
38829,33400,93898
38830,33401,93914
38831,33402,93917
38832,33403,93924
38833,33403,93921
38834,33404,93921
38835,33405,93926
38836,33406,93927
38837,33407,93935
38838,33407,93933
38839,33408,93938
38840,33409,93939
38841,33410,93941
38842,33411,93940
38843,33412,93943
38844,33413,93946
38845,33414,93949
38846,33415,93950
38847,33416,93952
38848,33417,93951
38849,33418,93954
38850,33419,93955
38851,33420,93959
38852,33421,93957
38853,33422,93960
38854,33423,93961
38855,33424,93964
38856,33425,93965
38857,33425,93964
38858,33426,93984
38859,33427,93987
38860,33428,93985
38861,33428,93986
38862,33429,93989
38863,33429,93990
38864,33430,93996
38865,33431,93997
38866,33431,93996
38867,33432,94001
38868,33433,94003
38869,33434,94011
38870,33435,94017
38871,33436,94016
38872,33437,94022
38873,33437,94019
38874,33438,94026
38875,33439,94027
38876,33440,94032
38877,33441,94030
38878,33441,94031
38879,33442,94041
38880,33443,94048
38881,33444,94049
38882,33444,94048
38883,33445,94050
38884,33446,94061
38885,33447,94064
38886,33448,94069
38887,33449,94073
38888,33450,94075
38889,33451,94074
38890,33452,94079
38891,33453,94077
38892,33453,94079
38893,33454,94082
38894,33455,94083
38895,33456,94086
38896,33457,94091
38897,33458,94093
38898,33459,94094
38899,33460,94095
38900,33461,94099
38901,33462,94104
38902,33462,94105
38903,33463,94106
38904,33464,94107
38905,33464,94108
38906,33465,94113
38907,33466,94119
38908,33467,94118
38909,33468,94125
38910,33469,94123
38911,33469,94124
38912,33470,94129
38913,33471,94128
38914,33472,94135
38915,33473,94133
38916,33474,94141
38917,33475,94140
38918,33476,94147
38919,33477,94149
38920,33477,94151
38921,33478,94151
38922,33479,94154
38923,33480,94158
38924,33481,94161
38925,33482,94159
38926,33483,94166
38927,33484,94173
38928,33485,94174
38929,33485,94172
38930,33486,94175
38931,33487,94177
38932,33488,94178
38933,33489,94183
38934,33490,94186
38935,33491,94189
38936,33492,94192
38937,33493,94191
38938,33494,94195
38939,33495,94199
38940,33496,94204
38941,33497,94207
38942,33498,94212
38943,33499,94213
38944,33500,94214
38945,33501,94215
38946,33502,94216
38947,33503,94220
38948,33504,94223
38949,33505,94227
38950,33506,94226
38951,33507,94228
38952,33508,94233
38953,33509,94232
38954,33510,94235
38955,33511,94236
38956,33512,94238
38957,33513,94241
38958,33514,94240
38959,33515,94245
38960,33515,94244
38961,33516,94246
38962,33517,94256
38963,33518,94255
38964,33518,94254
38965,33519,94258
38966,33520,94261
38967,33521,94263
38968,33522,94267
38969,33522,94266
38970,33523,94272
38971,33524,94274
38972,33525,94275
38973,33526,94282
38974,33527,94284
38975,33528,94285
38976,33528,94287
38977,33529,94290
38978,33530,94292
38979,33531,94297
38980,33531,94295
38981,33532,94295
38982,33532,94297
38983,33533,94301
38984,33534,94302
38985,33535,94303
38986,33536,94305
38987,33536,94303
38988,33537,94306
38989,33538,94308
38990,33538,94309
38991,33539,94312
38992,33540,94311
38993,33541,94315
38994,33542,94314
38995,33543,94318
38996,33544,94319
38997,33545,94321
38998,33546,94322
38999,33547,94324
39000,33547,94323
39001,33548,94326
39002,33549,94332
39003,33550,94330
39004,33551,94333
39005,33552,94338
39006,33553,94346
39007,33554,94355
39008,33555,94359
39009,33555,94360
39010,33556,94367
39011,33557,94369
39012,33558,94371
39013,33559,94384
39014,33560,94386
39015,33561,94387
39016,33562,94403
39017,33563,94407
39018,33564,94405
39019,33564,94407
39020,33565,94408
39021,33566,94414
39022,33567,94418
39023,33568,94425
39024,33569,94426
39025,33570,94427
39026,33570,94426
39027,33571,94429
39028,33572,94428
39029,33573,94431
39030,33574,94430
39031,33575,94434
39032,33576,94438
39033,33577,94437
39034,33578,94446
39035,33578,94448
39036,33579,94445
39037,33580,94449
39038,33581,94451
39039,33582,94452
39040,33583,94456
39041,33584,94458
39042,33585,94461
39043,33586,94462
39044,33587,94465
39045,33587,94464
39046,33588,94463
39047,33588,94465
39048,33589,94469
39049,33590,94471
39050,33591,94470
39051,33592,94474
39052,33593,94472
39053,33594,94476
39054,33595,94479
39055,33595,94477
39056,33596,94477
39057,33597,94481
39058,33598,94484
39059,33599,94488
39060,33599,94489
39061,33600,94489
39062,33601,94490
39063,33602,94492
39064,33603,94493
39065,33604,94499
39066,33605,94509
39067,33606,94512
39068,33607,94513
39069,33608,94514
39070,33609,94516
39071,33609,94517
39072,33610,94523
39073,33611,94524
39074,33612,94525
39075,33613,94530
39076,33614,94528
39077,33615,94534
39078,33616,94539
39079,33616,94538
39080,33617,94541
39081,33617,94540
39082,33618,94544
39083,33619,94543
39084,33620,94545
39085,33621,94547
39086,33622,94551
39087,33623,94553
39088,33624,94557
39089,33625,94556
39090,33626,94560
39091,33627,94567
39092,33628,94565
39093,33629,94568
39094,33630,94569
39095,33631,94571
39096,33632,94574
39097,33633,94580
39098,33634,94586
39099,33635,94587
39100,33636,94588
39101,33637,94589
39102,33638,94590
39103,33639,94591
39104,33640,94595
39105,33641,94594
39106,33642,94596
39107,33643,94597
39108,33644,94604
39109,33644,94603
39110,33645,94611
39111,33646,94610
39112,33647,94613
39113,33647,94612
39114,33648,94612
39115,33648,94613
39116,33649,94616
39117,33650,94622
39118,33651,94624
39119,33652,94623
39120,33653,94634
39121,33654,94638
39122,33655,94646
39123,33656,94644
39124,33657,94653
39125,33657,94654
39126,33658,94654
39127,33659,94655
39128,33660,94660
39129,33661,94661
39130,33661,94660
39131,33662,94671
39132,33663,94677
39133,33664,94678
39134,33665,94683
39135,33666,94686
39136,33667,94685
39137,33668,94692
39138,33668,94691
39139,33669,94693
39140,33670,94695
39141,33671,94694
39142,33672,94698
39143,33673,94702
39144,33674,94708
39145,33675,94707
39146,33675,94708
39147,33676,94710
39148,33677,94711
39149,33677,94712
39150,33678,94722
39151,33679,94726
39152,33679,94725
39153,33680,94727
39154,33681,94734
39155,33682,94735
39156,33683,94737
39157,33684,94739
39158,33685,94749
39159,33686,94748
39160,33687,94754
39161,33688,94757
39162,33689,94759
39163,33690,94761
39164,33691,94764
39165,33692,94763
39166,33693,94766
39167,33694,94773
39168,33695,94772
39169,33696,94775
39170,33697,94774
39171,33698,94776
39172,33698,94777
39173,33699,94780
39174,33700,94781
39175,33701,94785
39176,33702,94786
39177,33703,94787
39178,33704,94796
39179,33705,94798
39180,33706,94799
39181,33707,94801
39182,33708,94803
39183,33709,94807
39184,33710,94816
39185,33711,94817
39186,33711,94816
39187,33712,94821
39188,33713,94820
39189,33714,94823
39190,33715,94822
39191,33715,94823
39192,33716,94825
39193,33717,94829
39194,33718,94832
39195,33719,94830
39196,33720,94834
39197,33720,94835
39198,33721,94835
39199,33722,94837
39200,33723,94840
39201,33724,94841
39202,33724,94842
39203,33725,94843
39204,33726,94844
39205,33727,94848
39206,33728,94850
39207,33729,94851
39208,33730,94862
39209,33731,94867
39210,33732,94868
39211,33733,94872
39212,33734,94874
39213,33735,94875
39214,33736,94878
39215,33737,94877
39216,33738,94884
39217,33739,94887
39218,33740,94888
39219,33741,94891
39220,33742,94894
39221,33742,94893
39222,33743,94896
39223,33744,94897
39224,33745,94899
39225,33746,94900
39226,33747,94902
39227,33748,94912
39228,33749,94916
39229,33750,94918
39230,33751,94924
39231,33752,94922
39232,33752,94923
39233,33753,94926
39234,33754,94932
39235,33755,94938
39236,33755,94936
39237,33756,94939
39238,33757,94945
39239,33758,94946
39240,33759,94948
39241,33760,94950
39242,33761,94952
39243,33762,94957
39244,33763,94959
39245,33764,94962
39246,33765,94961
39247,33766,94963
39248,33767,94965
39249,33768,94970
39250,33769,94967
39251,33770,94973
39252,33771,94981
39253,33772,94984
39254,33772,94982
39255,33773,94982
39256,33774,94986
39257,33775,94990
39258,33776,94989
39259,33777,94991
39260,33777,94994
39261,33778,94992
39262,33779,94995
39263,33780,94997
39264,33781,95000
39265,33782,94999
39266,33783,95005
39267,33784,95007
39268,33785,95012
39269,33786,95013
39270,33786,95014
39271,33787,95015
39272,33788,95016
39273,33789,95019
39274,33790,95023
39275,33791,95022
39276,33792,95029
39277,33793,95030
39278,33793,95029
39279,33794,95032
39280,33795,95033
39281,33796,95034
39282,33796,95033
39283,33797,95036
39284,33798,95043
39285,33799,95042
39286,33800,95046
39287,33800,95045
39288,33801,95051
39289,33802,95052
39290,33803,95053
39291,33804,95054
39292,33805,95058
39293,33806,95062
39294,33807,95060
39295,33807,95061
39296,33808,95067
39297,33808,95068
39298,33809,95068
39299,33810,95069
39300,33810,95072
39301,33811,95077
39302,33812,95078
39303,33813,95084
39304,33814,95089
39305,33815,95091
39306,33815,95090
39307,33816,95090
39308,33817,95093
39309,33817,95094
39310,33818,95096
39311,33819,95101
39312,33820,95102
39313,33821,95103
39314,33822,95107
39315,33823,95111
39316,33824,95113
39317,33824,95112
39318,33825,95112
39319,33826,95116
39320,33827,95120
39321,33828,95119
39322,33829,95122
39323,33830,95123
39324,33831,95129
39325,33832,95133
39326,33833,95137
39327,33833,95138
39328,33834,95145
39329,33835,95146
39330,33835,95147
39331,33836,95151
39332,33837,95152
39333,33837,95154
39334,33838,95155
39335,33839,95157
39336,33840,95161
39337,33841,95160
39338,33842,95162
39339,33842,95163
39340,33843,95163
39341,33844,95165
39342,33844,95164
39343,33845,95174
39344,33846,95175
39345,33847,95177
39346,33847,95176
39347,33848,95184
39348,33849,95186
39349,33849,95184
39350,33850,95189
39351,33851,95190
39352,33851,95188
39353,33852,95192
39354,33853,95194
39355,33854,95195
39356,33855,95196
39357,33856,95197
39358,33857,95203
39359,33858,95204
39360,33859,95213
39361,33860,95214
39362,33860,95213
39363,33861,95216
39364,33861,95217
39365,33862,95217
39366,33862,95215
39367,33863,95219
39368,33864,95220
39369,33865,95221
39370,33866,95228
39371,33866,95226
39372,33867,95234
39373,33867,95233
39374,33868,95238
39375,33869,95239
39376,33870,95240
39377,33871,95246
39378,33872,95245
39379,33872,95246
39380,33873,95251
39381,33873,95252
39382,33874,95252
39383,33875,95256
39384,33876,95257
39385,33877,95263
39386,33877,95262
39387,33878,95262
39388,33879,95264
39389,33880,95268
39390,33881,95270
39391,33882,95271
39392,33883,95272
39393,33884,95276
39394,33885,95278
39395,33886,95279
39396,33887,95281
39397,33888,95280
39398,33889,95298
39399,33890,95302
39400,33891,95305
39401,33892,95306
39402,33893,95312
39403,33894,95313
39404,33895,95314
39405,33896,95317
39406,33897,95319
39407,33898,95318
39408,33899,95322
39409,33899,95321
39410,33900,95323
39411,33901,95324
39412,33902,95326
39413,33903,95330
39414,33904,95331
39415,33905,95332
39416,33906,95333
39417,33907,95334
39418,33908,95336
39419,33909,95335
39420,33910,95340
39421,33910,95339
39422,33911,95339
39423,33912,95343
39424,33913,95341
39425,33913,95342
39426,33914,95344
39427,33915,95345
39428,33915,95344
39429,33916,95348
39430,33917,95349
39431,33917,95350
39432,33918,95350
39433,33918,95349
39434,33919,95351
39435,33919,95352
39436,33920,95352
39437,33921,95353
39438,33921,95354
39439,33922,95354
39440,33922,95353
39441,33923,95355
39442,33924,95356
39443,33925,95359
39444,33926,95360
39445,33927,95363
39446,33927,95364
39447,33928,95369
39448,33929,95371
39449,33929,95373
39450,33930,95375
39451,33931,95380
39452,33932,95381
39453,33932,95380
39454,33933,95383
39455,33934,95384
39456,33935,95385
39457,33936,95386
39458,33937,95389
39459,33938,95392
39460,33939,95393
39461,33940,95394
39462,33941,95398
39463,33942,95404
39464,33943,95409
39465,33944,95410
39466,33944,95408
39467,33945,95412
39468,33945,95411
39469,33946,95415
39470,33947,95418
39471,33948,95420
39472,33949,95422
39473,33950,95424
39474,33951,95431
39475,33952,95434
39476,33953,95437
39477,33954,95440
39478,33955,95441
39479,33955,95442
39480,33956,95442
39481,33957,95444
39482,33958,95450
39483,33959,95448
39484,33960,95452
39485,33961,95451
39486,33962,95453
39487,33963,95455
39488,33964,95458
39489,33965,95465
39490,33966,95469
39491,33967,95471
39492,33968,95472
39493,33969,95478
39494,33970,95481
39495,33970,95480
39496,33971,95482
39497,33972,95485
39498,33973,95488
39499,33974,95486
39500,33975,95500
39501,33976,95498
39502,33977,95501
39503,33977,95503
39504,33978,95502
39505,33979,95504
39506,33980,95507
39507,33981,95505
39508,33982,95508
39509,33983,95517
39510,33984,95518
39511,33985,95526
39512,33986,95527
39513,33986,95528
39514,33987,95528
39515,33987,95527
39516,33988,95529
39517,33989,95534
39518,33989,95535
39519,33990,95535
39520,33991,95541
39521,33992,95543
39522,33993,95546
39523,33994,95547
39524,33995,95550
39525,33995,95551
39526,33996,95555
39527,33996,95553
39528,33997,95558
39529,33997,95557
39530,33998,95559
39531,33999,95564
39532,34000,95571
39533,34001,95572
39534,34002,95573
39535,34003,95578
39536,34004,95577
39537,34004,95578
39538,34005,95580
39539,34005,95579
39540,34006,95593
39541,34007,95595
39542,34008,95596
39543,34009,95605
39544,34010,95606
39545,34011,95609
39546,34012,95610
39547,34013,95611
39548,34014,95616
39549,34015,95625
39550,34015,95626
39551,34016,95627
39552,34017,95632
39553,34017,95630
39554,34018,95633
39555,34019,95634
39556,34019,95635
39557,34020,95642
39558,34021,95643
39559,34022,95644
39560,34023,95645
39561,34024,95648
39562,34025,95653
39563,34026,95652
39564,34026,95655
39565,34027,95656
39566,34028,95657
39567,34029,95663
39568,34029,95662
39569,34030,95662
39570,34031,95664
39571,34032,95666
39572,34033,95674
39573,34033,95673
39574,34034,95672
39575,34035,95676
39576,34036,95678
39577,34037,95680
39578,34037,95682
39579,34038,95681
39580,34038,95679
39581,34039,95683
39582,34040,95684
39583,34041,95690
39584,34042,95689
39585,34043,95692
39586,34044,95694
39587,34045,95696
39588,34046,95700
39589,34047,95701
39590,34048,95702
39591,34049,95705
39592,34050,95706
39593,34051,95713
39594,34051,95712
39595,34052,95711
39596,34053,95716
39597,34054,95719
39598,34055,95718
39599,34056,95726
39600,34056,95728
39601,34057,95728
39602,34058,95738
39603,34059,95748
39604,34060,95753
39605,34060,95754
39606,34061,95765
39607,34061,95766
39608,34062,95772
39609,34063,95773
39610,34064,95774
39611,34065,95780
39612,34066,95782
39613,34066,95781
39614,34067,95783
39615,34068,95787
39616,34069,95789
39617,34070,95795
39618,34071,95796
39619,34072,95804
39620,34073,95807
39621,34074,95810
39622,34075,95811
39623,34076,95815
39624,34077,95817
39625,34078,95825
39626,34079,95826
39627,34080,95829
39628,34081,95828
39629,34082,95831
39630,34083,95833
39631,34084,95837
39632,34084,95838
39633,34085,95844
39634,34086,95843
39635,34087,95847
39636,34088,95853
39637,34089,95859
39638,34090,95866
39639,34091,95868
39640,34091,95867
39641,34092,95873
39642,34093,95871
39643,34094,95874
39644,34095,95875
39645,34095,95876
39646,34096,95878
39647,34097,95877
39648,34098,95880
39649,34099,95883
39650,34100,95884
39651,34101,95892
39652,34102,95893
39653,34103,95895
39654,34104,95898
39655,34105,95903
39656,34105,95902
39657,34106,95907
39658,34107,95916
39659,34108,95915
39660,34109,95919
39661,34110,95923
39662,34111,95926
39663,34111,95927
39664,34112,95930
39665,34113,95931
39666,34113,95930
39667,34114,95932
39668,34115,95934
39669,34116,95940
39670,34117,95946
39671,34118,95944
39672,34119,95951
39673,34120,95952
39674,34121,95954
39675,34122,95955
39676,34123,95956
39677,34124,95963
39678,34124,95962
39679,34125,95965
39680,34126,95967
39681,34127,95972
39682,34127,95971
39683,34128,95971
39684,34128,95972
39685,34129,95974
39686,34130,95973
39687,34130,95974
39688,34131,95975
39689,34131,95977
39690,34132,95980
39691,34133,95979
39692,34134,95984
39693,34135,95986
39694,34136,95985
39695,34137,95992
39696,34138,95994
39697,34139,95995
39698,34139,95996
39699,34140,95997
39700,34141,96013
39701,34142,96023
39702,34143,96026
39703,34144,96028
39704,34145,96034
39705,34146,96035
39706,34147,96037
39707,34148,96041
39708,34149,96042
39709,34150,96043
39710,34151,96044
39711,34152,96045
39712,34153,96046
39713,34154,96052
39714,34155,96058
39715,34156,96059
39716,34157,96064
39717,34158,96068
39718,34159,96065
39719,34160,96069
39720,34161,96071
39721,34162,96074
39722,34163,96077
39723,34164,96078
39724,34164,96077
39725,34165,96081
39726,34165,96080
39727,34166,96082
39728,34167,96083
39729,34168,96084
39730,34169,96088
39731,34170,96089
39732,34171,96090
39733,34172,96092
39734,34173,96093
39735,34174,96099
39736,34175,96098
39737,34176,96100
39738,34177,96109
39739,34178,96110
39740,34179,96115
39741,34180,96119
39742,34181,96123
39743,34182,96124
39744,34183,96126
39745,34184,96129
39746,34185,96132
39747,34186,96134
39748,34186,96133
39749,34187,96135
39750,34188,96137
39751,34189,96145
39752,34189,96142
39753,34190,96149
39754,34190,96147
39755,34191,96148
39756,34192,96150
39757,34193,96154
39758,34194,96157
39759,34194,96156
39760,34195,96160
39761,34195,96159
39762,34196,96158
39763,34197,96164
39764,34197,96165
39765,34198,96165
39766,34199,96167
39767,34200,96168
39768,34200,96167
39769,34201,96171
39770,34202,96169
39771,34203,96173
39772,34203,96172
39773,34204,96174
39774,34205,96179
39775,34206,96185
39776,34206,96184
39777,34207,96186
39778,34208,96188
39779,34209,96189
39780,34210,96193
39781,34211,96198
39782,34212,96197
39783,34212,96198
39784,34213,96199
39785,34214,96206
39786,34215,96207
39787,34216,96209
39788,34217,96216
39789,34217,96217
39790,34218,96220
39791,34219,96219
39792,34220,96224
39793,34221,96225
39794,34222,96226
39795,34222,96225
39796,34223,96228
39797,34224,96232
39798,34225,96231
39799,34226,96234
39800,34227,96240
39801,34228,96242
39802,34229,96241
39803,34229,96242
39804,34230,96246
39805,34231,96247
39806,34232,96248
39807,34233,96254
39808,34234,96252
39809,34235,96257
39810,34235,96255
39811,34236,96259
39812,34237,96261
39813,34238,96268
39814,34239,96270
39815,34239,96268
39816,34240,96273
39817,34241,96276
39818,34242,96277
39819,34243,96281
39820,34244,96283
39821,34245,96285
39822,34246,96286
39823,34247,96295
39824,34248,96294
39825,34249,96298
39826,34250,96297
39827,34251,96299
39828,34252,96302
39829,34253,96305
39830,34254,96306
39831,34255,96309
39832,34256,96308
39833,34256,96310
39834,34257,96311
39835,34258,96313
39836,34259,96317
39837,34260,96320
39838,34261,96321
39839,34262,96324
39840,34263,96326
39841,34264,96331
39842,34264,96332
39843,34265,96332
39844,34266,96340
39845,34267,96344
39846,34267,96347
39847,34268,96349
39848,34269,96352
39849,34270,96354
39850,34271,96357
39851,34272,96359
39852,34273,96361
39853,34274,96366
39854,34275,96367
39855,34276,96368
39856,34277,96370
39857,34278,96369
39858,34279,96372
39859,34279,96371
39860,34280,96375
39861,34280,96376
39862,34281,96376
39863,34281,96375
39864,34282,96377
39865,34283,96381
39866,34284,96385
39867,34285,96389
39868,34286,96392
39869,34287,96393
39870,34288,96395
39871,34289,96400
39872,34290,96406
39873,34291,96417
39874,34292,96418
39875,34293,96428
39876,34294,96427
39877,34295,96429
39878,34296,96430
39879,34297,96434
39880,34298,96435
39881,34299,96436
39882,34300,96437
39883,34300,96436
39884,34301,96441
39885,34302,96445
39886,34303,96447
39887,34303,96446
39888,34304,96448
39889,34305,96449
39890,34306,96452
39891,34307,96454
39892,34308,96455
39893,34309,96461
39894,34309,96460
39895,34310,96463
39896,34311,96462
39897,34312,96469
39898,34313,96473
39899,34313,96475
39900,34314,96475
39901,34314,96473
39902,34315,96478
39903,34316,96479
39904,34317,96480
39905,34318,96483
39906,34318,96484
39907,34319,96484
39908,34320,96486
39909,34321,96487
39910,34322,96489
39911,34323,96490
39912,34324,96491
39913,34325,96492
39914,34326,96500
39915,34327,96499
39916,34328,96501
39917,34329,96504
39918,34329,96505
39919,34330,96506
39920,34330,96508
39921,34331,96512
39922,34332,96511
39923,34332,96513
39924,34333,96517
39925,34334,96515
39926,34335,96518
39927,34336,96521
39928,34337,96529
39929,34338,96531
39930,34339,96532
39931,34340,96533
39932,34341,96536
39933,34342,96546
39934,34343,96544
39935,34344,96547
39936,34345,96552
39937,34345,96553
39938,34346,96553
39939,34347,96556
39940,34348,96559
39941,34349,96560
39942,34349,96562
39943,34350,96567
39944,34350,96568
39945,34351,96569
39946,34351,96570
39947,34352,96571
39948,34353,96572
39949,34354,96573
39950,34355,96575
39951,34355,96574
39952,34356,96576
39953,34357,96584
39954,34357,96583
39955,34358,96587
39956,34359,96588
39957,34360,96590
39958,34361,96594
39959,34362,96604
39960,34363,96605
39961,34364,96616
39962,34365,96618
39963,34366,96621
39964,34367,96626
39965,34367,96625
39966,34368,96625
39967,34369,96630
39968,34370,96627
39969,34370,96628
39970,34371,96632
39971,34372,96634
39972,34373,96642
39973,34374,96641
39974,34374,96640
39975,34375,96643
39976,34376,96649
39977,34377,96650
39978,34378,96655
39979,34379,96658
39980,34380,96656
39981,34381,96659
39982,34382,96660
39983,34383,96661
39984,34384,96665
39985,34385,96666
39986,34386,96670
39987,34387,96671
39988,34388,96672
39989,34389,96674
39990,34390,96675
39991,34391,96677
39992,34392,96678
39993,34393,96683
39994,34394,96693
39995,34394,96692
39996,34395,96692
39997,34396,96694
39998,34397,96698
39999,34397,96699
40000,34398,96705
40001,34399,96704
40002,34399,96705
40003,34400,96709
40004,34401,96712
40005,34402,96713
40006,34403,96715
40007,34404,96716
40008,34405,96717
40009,34406,96718
40010,34407,96721
40011,34408,96722
40012,34409,96725
40013,34410,96726
40014,34411,96727
40015,34412,96729
40016,34413,96731
40017,34414,96739
40018,34415,96748
40019,34416,96750
40020,34417,96752
40021,34418,96753
40022,34419,96760
40023,34420,96765
40024,34421,96767
40025,34421,96770
40026,34422,96771
40027,34423,96773
40028,34424,96778
40029,34425,96776
40030,34426,96779
40031,34427,96788
40032,34428,96790
40033,34428,96791
40034,34429,96791
40035,34430,96794
40036,34431,96795
40037,34432,96796
40038,34433,96798
40039,34433,96799
40040,34434,96808
40041,34435,96814
40042,34436,96812
40043,34436,96814
40044,34437,96816
40045,34438,96818
40046,34439,96822
40047,34440,96819
40048,34441,96823
40049,34442,96826
40050,34443,96834
40051,34443,96832
40052,34444,96835
40053,34445,96836
40054,34446,96840
40055,34447,96841
40056,34448,96843
40057,34449,96845
40058,34450,96849
40059,34450,96847
40060,34451,96854
40061,34452,96853
40062,34453,96856
40063,34454,96855
40064,34455,96857
40065,34456,96858
40066,34457,96859
40067,34458,96860
40068,34459,96861
40069,34460,96869
40070,34461,96866
40071,34462,96871
40072,34463,96874
40073,34464,96873
40074,34464,96872
40075,34465,96881
40076,34466,96883
40077,34467,96889
40078,34468,96892
40079,34469,96891
40080,34470,96895
40081,34471,96899
40082,34472,96898
40083,34472,96897
40084,34473,96900
40085,34474,96902
40086,34475,96903
40087,34476,96905
40088,34477,96906
40089,34478,96908
40090,34479,96910
40091,34480,96916
40092,34481,96915
40093,34481,96914
40094,34482,96917
40095,34483,96918
40096,34484,96919
40097,34485,96920
40098,34486,96923
40099,34487,96926
40100,34488,96927
40101,34489,96930
40102,34490,96933
40103,34491,96932
40104,34491,96933
40105,34492,96934
40106,34492,96935
40107,34493,96936
40108,34494,96940
40109,34495,96941
40110,34496,96944
40111,34497,96942
40112,34498,96947
40113,34499,96946
40114,34500,96950
40115,34501,96953
40116,34502,96959
40117,34503,96963
40118,34504,96964
40119,34504,96966
40120,34505,96967
40121,34506,96968
40122,34507,96977
40123,34507,96978
40124,34508,96981
40125,34509,96980
40126,34510,96984
40127,34511,96992
40128,34511,96990
40129,34512,96996
40130,34512,96994
40131,34513,96995
40132,34513,96994
40133,34514,96999
40134,34515,97001
40135,34515,97000
40136,34516,97002
40137,34517,97003
40138,34518,97012
40139,34519,97015
40140,34519,97014
40141,34520,97014
40142,34521,97016
40143,34522,97019
40144,34523,97024
40145,34524,97031
40146,34525,97029
40147,34526,97037
40148,34527,97036
40149,34528,97047
40150,34528,97048
40151,34529,97046
40152,34530,97056
40153,34531,97061
40154,34532,97064
40155,34533,97068
40156,34534,97067
40157,34534,97068
40158,34535,97069
40159,34536,97070
40160,34537,97072
40161,34538,97073
40162,34539,97078
40163,34539,97076
40164,34540,97076
40165,34540,97078
40166,34541,97080
40167,34542,97081
40168,34543,97082
40169,34544,97085
40170,34545,97088
40171,34546,97090
40172,34546,97091
40173,34547,97091
40174,34548,97093
40175,34549,97096
40176,34550,97102
40177,34551,97104
40178,34552,97105
40179,34553,97111
40180,34554,97118
40181,34555,97120
40182,34556,97121
40183,34557,97129
40184,34558,97130
40185,34558,97128
40186,34559,97135
40187,34560,97136
40188,34560,97137
40189,34561,97142
40190,34562,97151
40191,34563,97161
40192,34564,97170
40193,34565,97171
40194,34565,97168
40195,34566,97177
40196,34567,97180
40197,34567,97182
40198,34568,97181
40199,34568,97182
40200,34569,97183
40201,34569,97184
40202,34570,97184
40203,34571,97187
40204,34572,97186
40205,34572,97187
40206,34573,97190
40207,34574,97193
40208,34575,97197
40209,34576,97202
40210,34577,97203
40211,34578,97211
40212,34579,97212
40213,34580,97214
40214,34581,97215
40215,34582,97216
40216,34583,97218
40217,34584,97222
40218,34585,97223
40219,34586,97227
40220,34587,97238
40221,34588,97237
40222,34589,97241
40223,34589,97240
40224,34590,97242
40225,34591,97244
40226,34592,97250
40227,34592,97251
40228,34593,97262
40229,34594,97267
40230,34595,97268
40231,34596,97271
40232,34597,97286
40233,34598,97290
40234,34599,97289
40235,34600,97295
40236,34600,97294
40237,34601,97293
40238,34602,97297
40239,34603,97298
40240,34604,97300
40241,34605,97302
40242,34606,97303
40243,34607,97306
40244,34607,97307
40245,34608,97308
40246,34609,97309
40247,34610,97310
40248,34611,97311
40249,34612,97312
40250,34612,97311
40251,34613,97313
40252,34613,97314
40253,34614,97318
40254,34615,97320
40255,34616,97319
40256,34617,97325
40257,34618,97330
40258,34619,97331
40259,34620,97335
40260,34621,97336
40261,34622,97337
40262,34623,97338
40263,34624,97343
40264,34625,97342
40265,34625,97341
40266,34626,97346
40267,34627,97345
40268,34628,97347
40269,34629,97348
40270,34630,97351
40271,34631,97350
40272,34632,97352
40273,34633,97355
40274,34634,97357
40275,34635,97356
40276,34635,97357
40277,34636,97358
40278,34637,97360
40279,34638,97359
40280,34639,97362
40281,34640,97367
40282,34641,97373
40283,34642,97374
40284,34643,97376
40285,34644,97377
40286,34645,97379
40287,34646,97378
40288,34646,97381
40289,34647,97382
40290,34648,97383
40291,34649,97385
40292,34650,97386
40293,34650,97385
40294,34651,97387
40295,34652,97391
40296,34653,97393
40297,34654,97395
40298,34654,97396
40299,34655,97398
40300,34656,97399
40301,34657,97400
40302,34658,97402
40303,34659,97401
40304,34660,97403
40305,34661,97404
40306,34662,97406
40307,34663,97409
40308,34664,97410
40309,34665,97412
40310,34666,97417
40311,34667,97420
40312,34668,97419
40313,34669,97422
40314,34670,97423
40315,34671,97432
40316,34672,97431
40317,34673,97436
40318,34674,97437
40319,34675,97439
40320,34676,97438
40321,34677,97441
40322,34678,97442
40323,34679,97443
40324,34680,97445
40325,34681,97447
40326,34681,97444
40327,34682,97448
40328,34682,97449
40329,34683,97456
40330,34684,97455
40331,34685,97460
40332,34686,97461
40333,34687,97462
40334,34688,97466
40335,34689,97468
40336,34690,97470
40337,34691,97472
40338,34692,97473
40339,34693,97474
40340,34694,97476
40341,34695,97477
40342,34696,97481
40343,34696,97478
40344,34697,97483
40345,34698,97486
40346,34698,97488
40347,34699,97491
40348,34700,97492
40349,34701,97495
40350,34702,97496
40351,34703,97497
40352,34704,97500
40353,34705,97498
40354,34706,97502
40355,34706,97503
40356,34707,97503
40357,34708,97505
40358,34709,97511
40359,34709,97510
40360,34710,97513
40361,34711,97517
40362,34712,97520
40363,34713,97523
40364,34714,97527
40365,34715,97532
40366,34715,97530
40367,34716,97533
40368,34717,97535
40369,34718,97536
40370,34719,97537
40371,34720,97548
40372,34721,97551
40373,34722,97550
40374,34723,97555
40375,34723,97554
40376,34724,97554
40377,34725,97559
40378,34726,97560
40379,34727,97561
40380,34727,97562
40381,34728,97566
40382,34729,97568
40383,34730,97569
40384,34730,97567
40385,34731,97571
40386,34732,97572
40387,34733,97578
40388,34734,97583
40389,34735,97587
40390,34736,97584
40391,34736,97587
40392,34737,97595
40393,34738,97601
40394,34739,97605
40395,34740,97608
40396,34741,97610
40397,34742,97612
40398,34743,97613
40399,34744,97615
40400,34745,97616
40401,34746,97618
40402,34747,97623
40403,34748,97625
40404,34749,97629
40405,34750,97630
40406,34751,97632
40407,34752,97633
40408,34753,97634
40409,34754,97636
40410,34755,97635
40411,34756,97638
40412,34757,97637
40413,34758,97642
40414,34759,97643
40415,34759,97641
40416,34760,97645
40417,34761,97654
40418,34762,97655
40419,34762,97654
40420,34763,97656
40421,34764,97668
40422,34764,97665
40423,34765,97670
40424,34765,97669
40425,34766,97669
40426,34766,97670
40427,34767,97672
40428,34768,97676
40429,34769,97679
40430,34770,97689
40431,34771,97692
40432,34772,97693
40433,34773,97695
40434,34774,97698
40435,34775,97700
40436,34776,97707
40437,34777,97708
40438,34777,97709
40439,34778,97709
40440,34779,97714
40441,34780,97722
40442,34781,97721
40443,34782,97725
40444,34783,97727
40445,34784,97738
40446,34785,97742
40447,34786,97741
40448,34787,97744
40449,34788,97745
40450,34788,97744
40451,34789,97748
40452,34790,97749
40453,34790,97747
40454,34791,97752
40455,34792,97754
40456,34793,97755
40457,34794,97758
40458,34795,97757
40459,34796,97761
40460,34797,97764
40461,34798,97771
40462,34798,97772
40463,34799,97772
40464,34800,97774
40465,34801,97775
40466,34801,97774
40467,34802,97777
40468,34802,97778
40469,34803,97782
40470,34804,97783
40471,34805,97798
40472,34806,97796
40473,34807,97799
40474,34808,97808
40475,34809,97811
40476,34810,97815
40477,34811,97813
40478,34812,97825
40479,34812,97827
40480,34813,97831
40481,34814,97835
40482,34815,97837
40483,34816,97848
40484,34817,97851
40485,34818,97849
40486,34818,97851
40487,34819,97853
40488,34820,97855
40489,34821,97857
40490,34822,97859
40491,34822,97860
40492,34823,97860
40493,34823,97859
40494,34824,97861
40495,34825,97863
40496,34826,97869
40497,34827,97870
40498,34828,97871
40499,34829,97872
40500,34830,97879
40501,34831,97881
40502,34832,97882
40503,34833,97883
40504,34834,97884
40505,34835,97888
40506,34836,97889
40507,34837,97890
40508,34838,97894
40509,34839,97896
40510,34840,97899
40511,34840,97897
40512,34841,97897
40513,34842,97903
40514,34843,97904
40515,34843,97903
40516,34844,97906
40517,34845,97912
40518,34846,97913
40519,34846,97914
40520,34847,97914
40521,34848,97918
40522,34849,97919
40523,34850,97926
40524,34851,97931
40525,34851,97932
40526,34852,97932
40527,34853,97938
40528,34854,97939
40529,34855,97942
40530,34856,97945
40531,34857,97947
40532,34858,97950
40533,34859,97951
40534,34860,97952
40535,34861,97957
40536,34861,97956
40537,34862,97962
40538,34863,97961
40539,34864,97972
40540,34865,97971
40541,34866,97980
40542,34867,97981
40543,34868,97982
40544,34869,97985
40545,34870,97990
40546,34870,97991
40547,34871,97991
40548,34872,97999
40549,34873,98001
40550,34874,98003
40551,34875,98004
40552,34876,98005
40553,34877,98009
40554,34878,98013
40555,34879,98012
40556,34879,98013
40557,34880,98018
40558,34881,98021
40559,34882,98022
40560,34883,98023
40561,34884,98025
40562,34884,98026
40563,34885,98030
40564,34886,98032
40565,34887,98034
40566,34887,98033
40567,34888,98036
40568,34889,98040
40569,34890,98039
40570,34891,98041
40571,34892,98048
40572,34893,98050
40573,34893,98048
40574,34894,98051
40575,34895,98053
40576,34895,98052
40577,34896,98052
40578,34897,98056
40579,34898,98055
40580,34899,98057
40581,34899,98058
40582,34900,98058
40583,34900,98059
40584,34901,98063
40585,34902,98065
40586,34903,98075
40587,34904,98077
40588,34904,98076
40589,34905,98082
40590,34906,98084
40591,34907,98088
40592,34908,98087
40593,34909,98089
40594,34910,98090
40595,34910,98089
40596,34911,98094
40597,34912,98097
40598,34913,98099
40599,34914,98101
40600,34915,98108
40601,34916,98107
40602,34917,98110
40603,34918,98111
40604,34919,98113
40605,34920,98112
40606,34921,98117
40607,34921,98118
40608,34922,98119
40609,34923,98125
40610,34924,98128
40611,34925,98130
40612,34926,98133
40613,34927,98137
40614,34928,98138
40615,34929,98139
40616,34930,98141
40617,34931,98147
40618,34932,98148
40619,34933,98154
40620,34933,98153
40621,34934,98153
40622,34935,98174
40623,34936,98173
40624,34936,98174
40625,34937,98176
40626,34938,98179
40627,34938,98178
40628,34939,98180
40629,34940,98182
40630,34941,98184
40631,34942,98188
40632,34942,98186
40633,34943,98198
40634,34944,98197
40635,34945,98199
40636,34946,98200
40637,34947,98202
40638,34948,98203
40639,34949,98205
40640,34949,98204
40641,34950,98204
40642,34951,98210
40643,34952,98213
40644,34953,98212
40645,34954,98218
40646,34955,98219
40647,34955,98220
40648,34956,98225
40649,34956,98224
40650,34957,98226
40651,34958,98236
40652,34959,98237
40653,34960,98243
40654,34961,98246
40655,34961,98247
40656,34962,98251
40657,34963,98253
40658,34964,98252
40659,34965,98254
40660,34966,98258
40661,34966,98260
40662,34967,98261
40663,34968,98262
40664,34969,98265
40665,34970,98264
40666,34970,98265
40667,34971,98269
40668,34972,98271
40669,34973,98272
40670,34974,98273
40671,34975,98275
40672,34976,98277
40673,34976,98279
40674,34977,98279
40675,34978,98280
40676,34979,98281
40677,34980,98282
40678,34981,98290
40679,34982,98293
40680,34983,98297
40681,34983,98296
40682,34984,98296
40683,34985,98301
40684,34985,98299
40685,34986,98300
40686,34987,98310
40687,34988,98309
40688,34989,98313
40689,34990,98316
40690,34991,98317
40691,34992,98319
40692,34993,98320
40693,34994,98325
40694,34995,98324
40695,34995,98325
40696,34996,98329
40697,34997,98326
40698,34998,98331
40699,34999,98332
40700,34999,98330
40701,35000,98333
40702,35001,98336
40703,35002,98340
40704,35002,98339
40705,35003,98339
40706,35004,98343
40707,35005,98345
40708,35006,98347
40709,35007,98351
40710,35008,98356
40711,35008,98357
40712,35009,98357
40713,35010,98358
40714,35011,98360
40715,35012,98362
40716,35013,98363
40717,35014,98365
40718,35014,98366
40719,35015,98368
40720,35016,98369
40721,35017,98370
40722,35018,98372
40723,35019,98374
40724,35020,98378
40725,35021,98380
40726,35022,98382
40727,35023,98381
40728,35024,98385
40729,35025,98387
40730,35025,98386
40731,35026,98386
40732,35026,98387
40733,35027,98389
40734,35028,98390
40735,35029,98405
40736,35029,98406
40737,35030,98406
40738,35031,98407
40739,35032,98408
40740,35033,98412
40741,35034,98417
40742,35035,98419
40743,35036,98420
40744,35037,98427
40745,35038,98429
40746,35039,98431
40747,35040,98433
40748,35040,98434
40749,35041,98440
40750,35042,98444
40751,35043,98453
40752,35044,98455
40753,35045,98457
40754,35046,98458
40755,35047,98461
40756,35048,98462
40757,35049,98474
40758,35050,98478
40759,35051,98480
40760,35052,98482
40761,35052,98481
40762,35053,98485
40763,35054,98493
40764,35055,98498
40765,35056,98500
40766,35057,98502
40767,35058,98504
40768,35059,98507
40769,35059,98506
40770,35060,98510
40771,35061,98514
40772,35061,98511
40773,35062,98513
40774,35063,98518
40775,35064,98517
40776,35065,98523
40777,35066,98524
40778,35067,98525
40779,35068,98528
40780,35069,98530
40781,35070,98531
40782,35071,98532
40783,35072,98533
40784,35073,98534
40785,35074,98535
40786,35074,98538
40787,35075,98538
40788,35076,98541
40789,35076,98540
40790,35077,98543
40791,35078,98548
40792,35079,98550
40793,35080,98552
40794,35081,98555
40795,35082,98563
40796,35083,98566
40797,35084,98565
40798,35085,98569
40799,35086,98576
40800,35087,98578
40801,35088,98581
40802,35089,98586
40803,35090,98587
40804,35090,98586
40805,35091,98592
40806,35092,98591
40807,35093,98595
40808,35094,98597
40809,35094,98596
40810,35095,98596
40811,35096,98601
40812,35097,98600
40813,35098,98606
40814,35099,98603
40815,35099,98606
40816,35100,98607
40817,35101,98609
40818,35102,98610
40819,35103,98611
40820,35104,98612
40821,35105,98613
40822,35106,98614
40823,35107,98619
40824,35108,98623
40825,35109,98626
40826,35110,98628
40827,35111,98629
40828,35111,98628
40829,35112,98632
40830,35113,98633
40831,35114,98634
40832,35114,98633
40833,35115,98640
40834,35116,98642
40835,35116,98641
40836,35117,98641
40837,35118,98643
40838,35119,98644
40839,35119,98645
40840,35120,98654
40841,35120,98653
40842,35121,98653
40843,35121,98654
40844,35122,98657
40845,35122,98656
40846,35123,98663
40847,35124,98671
40848,35125,98670
40849,35126,98677
40850,35126,98678
40851,35127,98679
40852,35128,98685
40853,35129,98683
40854,35130,98693
40855,35131,98695
40856,35132,98694
40857,35133,98698
40858,35134,98702
40859,35135,98701
40860,35136,98703
40861,35137,98704
40862,35138,98705
40863,35139,98713
40864,35139,98710
40865,35140,98714
40866,35141,98715
40867,35142,98716
40868,35142,98717
40869,35143,98720
40870,35144,98721
40871,35145,98724
40872,35146,98726
40873,35146,98725
40874,35147,98731
40875,35148,98732
40876,35149,98733
40877,35150,98734
40878,35151,98735
40879,35152,98738
40880,35153,98747
40881,35154,98752
40882,35155,98755
40883,35156,98757
40884,35157,98758
40885,35158,98759
40886,35159,98762
40887,35159,98763
40888,35160,98769
40889,35160,98767
40890,35161,98768
40891,35162,98770
40892,35163,98776
40893,35163,98775
40894,35164,98777
40895,35165,98782
40896,35166,98783
40897,35167,98784
40898,35168,98787
40899,35169,98785
40900,35170,98791
40901,35171,98798
40902,35172,98801
40903,35173,98802
40904,35174,98805
40905,35175,98809
40906,35176,98807
40907,35177,98813
40908,35178,98811
40909,35179,98818
40910,35179,98819
40911,35180,98816
40912,35181,98820
40913,35182,98821
40914,35183,98826
40915,35184,98825
40916,35185,98828
40917,35186,98834
40918,35187,98836
40919,35187,98835
40920,35188,98835
40921,35188,98836
40922,35189,98837
40923,35190,98841
40924,35190,98840
40925,35191,98845
40926,35191,98844
40927,35192,98843
40928,35193,98849
40929,35194,98850
40930,35195,98854
40931,35196,98852
40932,35197,98859
40933,35198,98867
40934,35199,98866
40935,35200,98868
40936,35200,98869
40937,35201,98869
40938,35202,98870
40939,35203,98872
40940,35204,98883
40941,35204,98882
40942,35205,98882
40943,35206,98887
40944,35207,98890
40945,35208,98891
40946,35208,98892
40947,35209,98893
40948,35210,98895
40949,35211,98897
40950,35212,98901
40951,35212,98900
40952,35213,98900
40953,35214,98906
40954,35215,98907
40955,35215,98906
40956,35216,98911
40957,35216,98910
40958,35217,98913
40959,35217,98912
40960,35218,98926
40961,35219,98925
40962,35219,98924
40963,35220,98929
40964,35221,98935
40965,35222,98936
40966,35222,98937
40967,35223,98937
40968,35224,98942
40969,35225,98944
40970,35226,98943
40971,35227,98946
40972,35228,98947
40973,35228,98949
40974,35229,98953
40975,35229,98950
40976,35230,98951
40977,35231,98956
40978,35232,98957
40979,35233,98958
40980,35234,98959
40981,35235,98960
40982,35235,98961
40983,35236,98965
40984,35237,98969
40985,35238,98975
40986,35239,98976
40987,35240,98978
40988,35241,98985
40989,35242,98987
40990,35242,98986
40991,35243,98993
40992,35244,98992
40993,35245,98995
40994,35246,98999
40995,35246,99002
40996,35247,99000
40997,35248,99004
40998,35248,99005
40999,35249,99007
41000,35250,99006
41001,35251,99010
41002,35251,99009
41003,35252,99029
41004,35253,99028
41005,35254,99032
41006,35255,99031
41007,35256,99033
41008,35257,99035
41009,35258,99036
41010,35259,99044
41011,35260,99048
41012,35261,99052
41013,35262,99051
41014,35262,99053
41015,35263,99056
41016,35263,99055
41017,35264,99057
41018,35265,99058
41019,35266,99059
41020,35266,99060
41021,35267,99065
41022,35268,99069
41023,35269,99072
41024,35270,99075
41025,35271,99082
41026,35272,99081
41027,35272,99082
41028,35273,99091
41029,35274,99093
41030,35274,99091
41031,35275,99097
41032,35276,99099
41033,35277,99103
41034,35278,99104
41035,35279,99105
41036,35280,99120
41037,35281,99119
41038,35282,99121
41039,35283,99123
41040,35284,99125
41041,35285,99126
41042,35286,99139
41043,35286,99140
41044,35287,99144
41045,35287,99145
41046,35288,99145
41047,35289,99150
41048,35290,99149
41049,35291,99154
41050,35292,99156
41051,35293,99164
41052,35294,99168
41053,35295,99169
41054,35296,99175
41055,35296,99172
41056,35297,99172
41057,35298,99177
41058,35299,99178
41059,35300,99181
41060,35301,99182
41061,35302,99187
41062,35302,99185
41063,35303,99185
41064,35304,99188
41065,35305,99189
41066,35306,99201
41067,35307,99204
41068,35308,99205
41069,35309,99206
41070,35310,99213
41071,35311,99211
41072,35312,99215
41073,35313,99218
41074,35314,99217
41075,35315,99224
41076,35316,99232
41077,35317,99231
41078,35317,99233
41079,35318,99234
41080,35318,99236
41081,35319,99237
41082,35320,99240
41083,35321,99243
41084,35321,99242
41085,35322,99251
41086,35323,99254
41087,35324,99255
41088,35325,99257
41089,35326,99256
41090,35326,99257
41091,35327,99261
41092,35327,99260
41093,35328,99277
41094,35328,99275
41095,35329,99278
41096,35330,99279
41097,35331,99280
41098,35332,99284
41099,35333,99285
41100,35334,99287
41101,35335,99291
41102,35336,99290
41103,35337,99296
41104,35338,99298
41105,35339,99300
41106,35340,99301
41107,35341,99305
41108,35342,99304
41109,35343,99315
41110,35344,99318
41111,35344,99319
41112,35345,99322
41113,35346,99324
41114,35346,99323
41115,35347,99323
41116,35348,99326
41117,35349,99336
41118,35350,99339
41119,35351,99340
41120,35352,99341
41121,35353,99342
41122,35354,99343
41123,35355,99345
41124,35355,99344
41125,35356,99347
41126,35357,99349
41127,35358,99350
41128,35359,99352
41129,35360,99354
41130,35361,99356
41131,35361,99354
41132,35362,99359
41133,35362,99357
41134,35363,99360
41135,35364,99364
41136,35365,99365
41137,35366,99369
41138,35367,99373
41139,35368,99374
41140,35369,99377
41141,35370,99375
41142,35371,99384
41143,35372,99386
41144,35373,99390
41145,35374,99395
41146,35375,99401
41147,35376,99404
41148,35377,99407
41149,35378,99413
41150,35378,99412
41151,35379,99414
41152,35380,99415
41153,35380,99416
41154,35381,99417
41155,35382,99418
41156,35382,99419
41157,35383,99420
41158,35384,99421
41159,35385,99426
41160,35385,99424
41161,35386,99428
41162,35387,99427
41163,35388,99431
41164,35389,99436
41165,35390,99435
41166,35391,99438
41167,35392,99437
41168,35393,99450
41169,35394,99454
41170,35394,99453
41171,35395,99453
41172,35396,99458
41173,35397,99460
41174,35398,99462
41175,35399,99463
41176,35400,99465
41177,35401,99464
41178,35402,99467
41179,35403,99468
41180,35404,99472
41181,35405,99473
41182,35406,99474
41183,35407,99475
41184,35407,99474
41185,35408,99476
41186,35409,99477
41187,35410,99482
41188,35411,99484
41189,35412,99488
41190,35413,99494
41191,35413,99495
41192,35414,99496
41193,35414,99497
41194,35415,99497
41195,35416,99499
41196,35416,99498
41197,35417,99498
41198,35417,99499
41199,35418,99505
41200,35419,99503
41201,35420,99506
41202,35421,99511
41203,35422,99512
41204,35423,99516
41205,35424,99514
41206,35425,99519
41207,35425,99518
41208,35426,99518
41209,35426,99519
41210,35427,99520
41211,35428,99521
41212,35429,99534
41213,35430,99538
41214,35430,99537
41215,35431,99537
41216,35432,99540
41217,35433,99552
41218,35433,99550
41219,35434,99555
41220,35435,99554
41221,35436,99557
41222,35437,99559
41223,35438,99562
41224,35439,99568
41225,35440,99569
41226,35441,99571
41227,35442,99570
41228,35443,99576
41229,35444,99577
41230,35445,99578
41231,35446,99580
41232,35447,99579
41233,35448,99582
41234,35449,99583
41235,35450,99584
41236,35451,99587
41237,35452,99592
41238,35453,99593
41239,35454,99604
41240,35455,99603
41241,35456,99606
41242,35457,99614
41243,35458,99613
41244,35459,99616
41245,35460,99618
41246,35461,99619
41247,35462,99625
41248,35463,99626
41249,35463,99627
41250,35464,99627
41251,35465,99628
41252,35466,99635
41253,35467,99638
41254,35468,99640
41255,35469,99641
41256,35470,99645
41257,35471,99647
41258,35472,99648
41259,35472,99647
41260,35473,99654
41261,35473,99653
41262,35474,99651
41263,35475,99655
41264,35476,99662
41265,35477,99667
41266,35478,99670
41267,35479,99674
41268,35480,99672
41269,35481,99676
41270,35482,99675
41271,35483,99678
41272,35483,99679
41273,35484,99685
41274,35484,99686
41275,35485,99688
41276,35485,99689
41277,35486,99693
41278,35487,99694
41279,35488,99696
41280,35489,99699
41281,35490,99701
41282,35491,99704
41283,35492,99709
41284,35493,99710
41285,35494,99714
41286,35495,99712
41287,35495,99714
41288,35496,99715
41289,35497,99717
41290,35498,99719
41291,35499,99720
41292,35500,99724
41293,35501,99726
41294,35501,99728
41295,35502,99730
41296,35503,99733
41297,35503,99730
41298,35504,99736
41299,35505,99734
41300,35505,99735
41301,35506,99741
41302,35506,99739
41303,35507,99748
41304,35508,99755
41305,35509,99756
41306,35510,99758
41307,35511,99759
41308,35512,99760
41309,35513,99764
41310,35514,99766
41311,35514,99765
41312,35515,99767
41313,35516,99768
41314,35517,99771
41315,35517,99769
41316,35518,99774
41317,35519,99773
41318,35520,99782
41319,35521,99784
41320,35522,99783
41321,35523,99787
41322,35524,99788
41323,35524,99787
41324,35525,99789
41325,35526,99790
41326,35527,99793
41327,35528,99794
41328,35529,99796
41329,35530,99797
41330,35531,99801
41331,35532,99802
41332,35533,99806
41333,35534,99807
41334,35535,99809
41335,35536,99808
41336,35536,99811
41337,35537,99812
41338,35538,99813
41339,35539,99817
41340,35540,99816
41341,35541,99818
41342,35541,99819
41343,35542,99820
41344,35543,99822
41345,35544,99821
41346,35544,99822
41347,35545,99824
41348,35546,99830
41349,35547,99829
41350,35548,99833
41351,35549,99831
41352,35550,99834
41353,35551,99836
41354,35551,99835
41355,35552,99839
41356,35553,99843
41357,35553,99842
41358,35554,99841
41359,35555,99848
41360,35556,99854
41361,35556,99851
41362,35557,99856
41363,35558,99855
41364,35558,99856
41365,35559,99862
41366,35560,99865
41367,35561,99866
41368,35561,99865
41369,35562,99868
41370,35562,99867
41371,35563,99870
41372,35564,99872
41373,35565,99875
41374,35565,99874
41375,35566,99873
41376,35567,99885
41377,35568,99884
41378,35569,99893
41379,35570,99891
41380,35571,99894
41381,35572,99901
41382,35573,99906
41383,35574,99909
41384,35575,99910
41385,35576,99915
41386,35577,99919
41387,35578,99920
41388,35579,99925
41389,35579,99926
41390,35580,99926
41391,35581,99930
41392,35581,99929
41393,35582,99931
41394,35583,99934
41395,35584,99933
41396,35585,99936
41397,35586,99938
41398,35586,99939
41399,35587,99942
41400,35588,99949
41401,35589,99950
41402,35590,99952
41403,35591,99955
41404,35592,99959
41405,35593,99956
41406,35594,99962
41407,35595,99965
41408,35596,99963
41409,35597,99969
41410,35598,99970
41411,35599,99972
41412,35600,99971
41413,35601,99974
41414,35602,99980
41415,35603,99991
41416,35604,99992
41417,35605,99996
41418,35606,99995
41419,35606,99996
41420,35607,99997
41421,35608,100000
41422,35609,100001
41423,35610,100011
41424,35611,100013
41425,35611,100012
41426,35612,100012
41427,35613,100017
41428,35614,100014
41429,35614,100015
41430,35615,100019
41431,35616,100021
41432,35617,100028
41433,35618,100029
41434,35619,100031
41435,35620,100035
41436,35621,100032
41437,35622,100037
41438,35623,100038
41439,35624,100049
41440,35625,100056
41441,35625,100054
41442,35626,100055
41443,35626,100054
41444,35627,100065
41445,35628,100064
41446,35629,100066
41447,35630,100068
41448,35631,100069
41449,35631,100068
41450,35632,100072
41451,35633,100082
41452,35634,100084
41453,35635,100087
41454,35636,100090
41455,35637,100089
41456,35638,100098
41457,35639,100105
41458,35639,100104
41459,35640,100106
41460,35641,100107
41461,35642,100110
41462,35643,100115
41463,35644,100113
41464,35645,100118
41465,35645,100117
41466,35646,100119
41467,35647,100121
41468,35647,100122
41469,35648,100123
41470,35649,100130
41471,35649,100129
41472,35650,100129
41473,35651,100134
41474,35652,100138
41475,35652,100135
41476,35653,100145
41477,35654,100146
41478,35655,100152
41479,35656,100153
41480,35657,100154
41481,35657,100156
41482,35658,100155
41483,35659,100160
41484,35660,100159
41485,35661,100162
41486,35661,100163
41487,35662,100167
41488,35663,100168
41489,35664,100172
41490,35665,100171
41491,35666,100173
41492,35667,100174
41493,35668,100179
41494,35668,100177
41495,35669,100182
41496,35670,100180
41497,35671,100186
41498,35672,100188
41499,35673,100194
41500,35674,100196
41501,35675,100198
41502,35676,100199
41503,35677,100204
41504,35678,100207
41505,35678,100206
41506,35679,100210
41507,35680,100211
41508,35681,100213
41509,35682,100214
41510,35683,100215
41511,35683,100214
41512,35684,100222
41513,35685,100223
41514,35686,100225
41515,35686,100224
41516,35687,100237
41517,35688,100241
41518,35688,100239
41519,35689,100239
41520,35690,100242
41521,35691,100244
41522,35692,100246
41523,35693,100247
41524,35694,100249
41525,35695,100250
41526,35696,100252
41527,35697,100253
41528,35698,100262
41529,35699,100265
41530,35700,100264
41531,35701,100267
41532,35702,100268
41533,35703,100273
41534,35704,100271
41535,35705,100275
41536,35706,100276
41537,35707,100277
41538,35708,100278
41539,35709,100280
41540,35710,100283
41541,35711,100291
41542,35712,100293
41543,35713,100297
41544,35714,100299
41545,35715,100303
41546,35716,100320
41547,35717,100317
41548,35718,100322
41549,35719,100323
41550,35720,100324
41551,35721,100325
41552,35722,100330
41553,35723,100333
41554,35724,100332
41555,35725,100334
41556,35726,100338
41557,35727,100343
41558,35727,100342
41559,35728,100342
41560,35729,100344
41561,35729,100346
41562,35730,100355
41563,35731,100359
41564,35732,100362
41565,35733,100361
41566,35734,100364
41567,35735,100365
41568,35736,100369
41569,35737,100371
41570,35738,100373
41571,35738,100372
41572,35739,100374
41573,35740,100382
41574,35740,100380
41575,35741,100383
41576,35742,100385
41577,35743,100386
41578,35744,100389
41579,35745,100391
41580,35746,100392
41581,35747,100398
41582,35748,100400
41583,35749,100406
41584,35750,100405
41585,35751,100412
41586,35751,100413
41587,35752,100421
41588,35752,100420
41589,35753,100423
41590,35754,100425
41591,35754,100424
41592,35755,100431
41593,35755,100429
41594,35756,100433
41595,35757,100434
41596,35758,100436
41597,35758,100437
41598,35759,100438
41599,35760,100439
41600,35760,100438
41601,35761,100440
41602,35762,100441
41603,35763,100443
41604,35764,100448
41605,35765,100447
41606,35766,100452
41607,35767,100455
41608,35767,100456
41609,35768,100460
41610,35769,100458
41611,35770,100465
41612,35771,100462
41613,35771,100463
41614,35772,100468
41615,35773,100471
41616,35774,100474
41617,35775,100476
41618,35776,100475
41619,35777,100480
41620,35778,100479
41621,35779,100481
41622,35780,100485
41623,35781,100489
41624,35781,100487
41625,35782,100488
41626,35783,100491
41627,35784,100490
41628,35785,100493
41629,35786,100500
41630,35787,100502
41631,35788,100503
41632,35789,100506
41633,35790,100513
41634,35791,100514
41635,35792,100515
41636,35793,100522
41637,35794,100526
41638,35795,100532
41639,35796,100530
41640,35797,100535
41641,35798,100537
41642,35799,100539
41643,35800,100542
41644,35801,100543
41645,35802,100544
41646,35802,100543
41647,35803,100545
41648,35803,100547
41649,35804,100547
41650,35805,100552
41651,35806,100554
41652,35807,100557
41653,35808,100562
41654,35809,100569
41655,35810,100568
41656,35811,100574
41657,35812,100575
41658,35813,100578
41659,35814,100577
41660,35815,100581
41661,35816,100582
41662,35817,100587
41663,35818,100589
41664,35818,100590
41665,35819,100591
41666,35820,100598
41667,35821,100601
41668,35822,100599
41669,35823,100607
41670,35823,100606
41671,35824,100611
41672,35825,100608
41673,35826,100613
41674,35826,100612
41675,35827,100619
41676,35828,100623
41677,35829,100621
41678,35830,100625
41679,35831,100627
41680,35832,100626
41681,35833,100628
41682,35834,100632
41683,35835,100634
41684,35836,100638
41685,35837,100636
41686,35838,100640
41687,35839,100639
41688,35840,100644
41689,35841,100643
41690,35842,100650
41691,35842,100649
41692,35843,100651
41693,35844,100653
41694,35845,100652
41695,35846,100659
41696,35847,100658
41697,35848,100665
41698,35849,100666
41699,35850,100667
41700,35851,100671
41701,35852,100681
41702,35852,100682
41703,35853,100685
41704,35854,100686
41705,35855,100688
41706,35855,100689
41707,35856,100693
41708,35856,100692
41709,35857,100691
41710,35858,100694
41711,35859,100700
41712,35860,100702
41713,35861,100701
41714,35861,100702
41715,35862,100703
41716,35863,100709
41717,35864,100710
41718,35865,100720
41719,35866,100724
41720,35867,100723
41721,35868,100725
41722,35869,100726
41723,35870,100727
41724,35871,100731
41725,35872,100729
41726,35873,100736
41727,35874,100735
41728,35875,100739
41729,35876,100740
41730,35877,100744
41731,35878,100756
41732,35878,100758
41733,35879,100760
41734,35879,100759
41735,35880,100761
41736,35881,100765
41737,35882,100767
41738,35883,100772
41739,35884,100779
41740,35885,100780
41741,35886,100783
41742,35886,100784
41743,35887,100785
41744,35888,100788
41745,35889,100787
41746,35890,100791
41747,35891,100790
41748,35891,100789
41749,35892,100794
41750,35893,100799
41751,35894,100798
41752,35894,100797
41753,35895,100800
41754,35895,100801
41755,35896,100804
41756,35896,100803
41757,35897,100803
41758,35898,100807
41759,35899,100812
41760,35900,100811
41761,35901,100818
41762,35901,100820
41763,35902,100820
41764,35903,100826
41765,35904,100827
41766,35905,100829
41767,35906,100833
41768,35907,100832
41769,35908,100845
41770,35909,100846
41771,35910,100847
41772,35911,100851
41773,35912,100853
41774,35912,100854
41775,35913,100856
41776,35914,100857
41777,35915,100858
41778,35916,100859
41779,35917,100863
41780,35918,100864
41781,35919,100866
41782,35920,100867
41783,35921,100869
41784,35922,100871
41785,35923,100876
41786,35924,100875
41787,35925,100882
41788,35926,100881
41789,35927,100884
41790,35928,100888
41791,35929,100890
41792,35930,100892
41793,35931,100894
41794,35932,100900
41795,35932,100899
41796,35933,100901
41797,35934,100909
41798,35935,100912
41799,35936,100916
41800,35936,100915
41801,35937,100926
41802,35938,100927
41803,35938,100926
41804,35939,100931
41805,35940,100935
41806,35941,100938
41807,35942,100937
41808,35943,100945
41809,35944,100944
41810,35945,100946
41811,35946,100949
41812,35947,100963
41813,35948,100965
41814,35948,100964
41815,35949,100974
41816,35950,100980
41817,35951,100982
41818,35952,100987
41819,35953,100989
41820,35954,100995
41821,35954,100994
41822,35955,100993
41823,35956,100996
41824,35956,100999
41825,35957,101002
41826,35958,101001
41827,35959,101004
41828,35960,101003
41829,35961,101012
41830,35962,101013
41831,35963,101015
41832,35964,101018
41833,35965,101019
41834,35966,101021
41835,35967,101023
41836,35968,101029
41837,35969,101031
41838,35970,101030
41839,35970,101031
41840,35971,101033
41841,35972,101038
41842,35973,101048
41843,35974,101049
41844,35975,101052
41845,35976,101059
41846,35977,101061
41847,35978,101063
41848,35979,101064
41849,35980,101068
41850,35981,101067
41851,35982,101072
41852,35983,101075
41853,35984,101076
41854,35984,101075
41855,35985,101077
41856,35986,101079
41857,35987,101081
41858,35988,101083
41859,35989,101087
41860,35990,101089
41861,35991,101090
41862,35992,101095
41863,35993,101093
41864,35994,101098
41865,35995,101096
41866,35995,101098
41867,35996,101100
41868,35997,101108
41869,35998,101115
41870,35998,101116
41871,35999,101116
41872,36000,101117
41873,36001,101118
41874,36001,101119
41875,36002,101124
41876,36003,101122
41877,36004,101126
41878,36005,101138
41879,36006,101141
41880,36007,101143
41881,36007,101144
41882,36008,101147
41883,36009,101148
41884,36010,101153
41885,36011,101152
41886,36012,101157
41887,36013,101160
41888,36014,101162
41889,36015,101163
41890,36016,101165
41891,36017,101170
41892,36018,101176
41893,36018,101174
41894,36019,101179
41895,36020,101183
41896,36021,101185
41897,36022,101195
41898,36023,101197
41899,36024,101199
41900,36025,101205
41901,36026,101204
41902,36027,101210
41903,36027,101212
41904,36028,101211
41905,36029,101213
41906,36030,101214
41907,36031,101217
41908,36032,101218
41909,36033,101219
41910,36034,101221
41911,36035,101225
41912,36036,101228
41913,36037,101229
41914,36038,101231
41915,36039,101230
41916,36039,101232
41917,36040,101235
41918,36041,101236
41919,36042,101241
41920,36043,101248
41921,36043,101247
41922,36044,101251
41923,36045,101250
41924,36046,101253
41925,36047,101256
41926,36048,101259
41927,36048,101257
41928,36049,101268
41929,36050,101269
41930,36051,101271
41931,36052,101270
41932,36052,101271
41933,36053,101273
41934,36054,101275
41935,36055,101283
41936,36056,101290
41937,36057,101292
41938,36058,101301
41939,36059,101300
41940,36060,101305
41941,36061,101309
41942,36062,101307
41943,36063,101325
41944,36064,101323
41945,36064,101324
41946,36065,101326
41947,36066,101331
41948,36067,101342
41949,36068,101346
41950,36069,101345
41951,36070,101347
41952,36071,101349
41953,36072,101348
41954,36073,101354
41955,36074,101353
41956,36075,101357
41957,36076,101355
41958,36077,101358
41959,36078,101359
41960,36079,101361
41961,36080,101360
41962,36080,101361
41963,36081,101366
41964,36082,101364
41965,36083,101369
41966,36084,101371
41967,36085,101374
41968,36085,101375
41969,36086,101375
41970,36087,101382
41971,36088,101392
41972,36089,101393
41973,36089,101392
41974,36090,101397
41975,36090,101395
41976,36091,101395
41977,36091,101397
41978,36092,101398
41979,36093,101399
41980,36094,101403
41981,36095,101405
41982,36096,101406
41983,36097,101407
41984,36098,101411
41985,36099,101410
41986,36099,101411
41987,36100,101412
41988,36101,101414
41989,36102,101413
41990,36103,101419
41991,36104,101420
41992,36105,101421
41993,36106,101422
41994,36106,101424
41995,36107,101423
41996,36108,101426
41997,36109,101427
41998,36110,101428
41999,36111,101438
42000,36111,101439
42001,36112,101439
42002,36113,101442
42003,36114,101441
42004,36115,101448
42005,36115,101447
42006,36116,101455
42007,36117,101458
42008,36118,101459
42009,36119,101463
42010,36120,101468
42011,36121,101473
42012,36122,101474
42013,36123,101475
42014,36124,101477
42015,36124,101478
42016,36125,101480
42017,36126,101483
42018,36127,101484
42019,36128,101487
42020,36129,101490
42021,36129,101489
42022,36130,101491
42023,36131,101493
42024,36132,101496
42025,36133,101499
42026,36134,101502
42027,36135,101506
42028,36136,101505
42029,36136,101506
42030,36137,101507
42031,36138,101508
42032,36139,101515
42033,36139,101514
42034,36140,101520
42035,36141,101521
42036,36141,101522
42037,36142,101526
42038,36142,101527
42039,36143,101530
42040,36144,101532
42041,36145,101534
42042,36146,101535
42043,36147,101536
42044,36148,101537
42045,36149,101543
42046,36150,101544
42047,36151,101545
42048,36152,101546
42049,36153,101550
42050,36154,101551
42051,36155,101556
42052,36155,101554
42053,36156,101559
42054,36157,101558
42055,36158,101561
42056,36159,101564
42057,36160,101568
42058,36161,101565
42059,36162,101570
42060,36163,101575
42061,36164,101578
42062,36165,101580
42063,36165,101581
42064,36166,101584
42065,36167,101585
42066,36168,101587
42067,36168,101586
42068,36169,101589
42069,36169,101586
42070,36170,101593
42071,36170,101594
42072,36171,101595
42073,36172,101599
42074,36172,101598
42075,36173,101598
42076,36174,101600
42077,36175,101601
42078,36175,101602
42079,36176,101605
42080,36177,101613
42081,36178,101612
42082,36179,101616
42083,36180,101618
42084,36181,101622
42085,36182,101627
42086,36183,101628
42087,36184,101629
42088,36185,101630
42089,36185,101629
42090,36186,101633
42091,36187,101636
42092,36188,101639
42093,36188,101640
42094,36189,101642
42095,36189,101643
42096,36190,101644
42097,36191,101650
42098,36192,101654
42099,36193,101653
42100,36194,101655
42101,36195,101656
42102,36196,101657
42103,36196,101658
42104,36197,101661
42105,36198,101663
42106,36199,101662
42107,36200,101665
42108,36201,101664
42109,36202,101667
42110,36202,101666
42111,36203,101666
42112,36204,101668
42113,36205,101674
42114,36206,101678
42115,36207,101679
42116,36207,101680
42117,36208,101682
42118,36209,101684
42119,36209,101682
42120,36210,101688
42121,36211,101689
42122,36212,101692
42123,36212,101691
42124,36213,101690
42125,36213,101691
42126,36214,101694
42127,36215,101696
42128,36216,101699
42129,36217,101698
42130,36218,101702
42131,36219,101701
42132,36220,101706
42133,36221,101705
42134,36222,101707
42135,36222,101709
42136,36223,101710
42137,36224,101714
42138,36224,101713
42139,36225,101711
42140,36225,101714
42141,36226,101716
42142,36226,101715
42143,36227,101715
42144,36228,101720
42145,36229,101722
42146,36230,101723
42147,36231,101725
42148,36232,101726
42149,36233,101727
42150,36234,101730
42151,36235,101731
42152,36236,101734
42153,36237,101737
42154,36238,101739
42155,36239,101742
42156,36240,101748
42157,36240,101747
42158,36241,101747
42159,36242,101749
42160,36243,101755
42161,36244,101758
42162,36245,101759
42163,36246,101762
42164,36246,101761
42165,36247,101761
42166,36247,101762
42167,36248,101763
42168,36249,101764
42169,36250,101766
42170,36251,101768
42171,36252,101776
42172,36253,101780
42173,36254,101788
42174,36254,101786
42175,36255,101786
42176,36256,101790
42177,36256,101791
42178,36257,101791
42179,36257,101790
42180,36258,101793
42181,36259,101798
42182,36259,101799
42183,36260,101801
42184,36261,101804
42185,36262,101806
42186,36263,101805
42187,36264,101811
42188,36265,101812
42189,36266,101815
42190,36267,101820
42191,36268,101818
42192,36269,101821
42193,36270,101825
42194,36271,101828
42195,36271,101827
42196,36272,101830
42197,36272,101831
42198,36273,101831
42199,36274,101832
42200,36275,101835
42201,36276,101834
42202,36276,101835
42203,36277,101836
42204,36278,101837
42205,36279,101839
42206,36280,101842
42207,36280,101843
42208,36281,101843
42209,36282,101847
42210,36282,101845
42211,36283,101844
42212,36284,101849
42213,36285,101848
42214,36285,101849
42215,36286,101850
42216,36287,101853
42217,36288,101852
42218,36289,101854
42219,36290,101855
42220,36291,101858
42221,36291,101857
42222,36292,101862
42223,36293,101865
42224,36294,101864
42225,36295,101866
42226,36296,101868
42227,36297,101867
42228,36298,101869
42229,36298,101871
42230,36299,101872
42231,36300,101873
42232,36301,101878
42233,36302,101882
42234,36303,101883
42235,36304,101890
42236,36305,101896
42237,36306,101897
42238,36307,101900
42239,36308,101899
42240,36309,101902
42241,36310,101906
42242,36311,101908
42243,36312,101907
42244,36313,101909
42245,36314,101912
42246,36315,101925
42247,36316,101924
42248,36317,101929
42249,36318,101931
42250,36319,101932
42251,36319,101933
42252,36320,101940
42253,36321,101946
42254,36322,101947
42255,36323,101951
42256,36324,101954
42257,36324,101953
42258,36325,101955
42259,36325,101958
42260,36326,101957
42261,36327,101959
42262,36328,101962
42263,36329,101964
42264,36330,101963
42265,36331,101969
42266,36332,101975
42267,36333,101980
42268,36334,101983
42269,36335,101984
42270,36336,101985
42271,36337,101987
42272,36338,101989
42273,36339,101997
42274,36339,101998
42275,36340,102003
42276,36341,102006
42277,36342,102013
42278,36343,102016
42279,36344,102019
42280,36345,102022
42281,36346,102024
42282,36347,102027
42283,36348,102029
42284,36349,102033
42285,36349,102032
42286,36350,102032
42287,36351,102039
42288,36352,102045
42289,36352,102046
42290,36353,102047
42291,36354,102051
42292,36355,102057
42293,36355,102058
42294,36356,102056
42295,36357,102062
42296,36358,102065
42297,36359,102069
42298,36360,102070
42299,36361,102071
42300,36361,102072
42301,36362,102074
42302,36362,102075
42303,36363,102073
42304,36364,102078
42305,36364,102081
42306,36365,102082
42307,36366,102083
42308,36367,102084
42309,36368,102085
42310,36369,102089
42311,36370,102092
42312,36370,102093
42313,36371,102095
42314,36372,102097
42315,36373,102096
42316,36373,102098
42317,36374,102101
42318,36375,102118
42319,36376,102116
42320,36377,102136
42321,36378,102138
42322,36379,102139
42323,36380,102141
42324,36381,102142
42325,36382,102143
42326,36383,102146
42327,36384,102149
42328,36385,102152
42329,36386,102153
42330,36387,102154
42331,36388,102162
42332,36388,102160
42333,36389,102174
42334,36390,102175
42335,36391,102182
42336,36392,102180
42337,36393,102183
42338,36393,102184
42339,36394,102184
42340,36395,102187
42341,36396,102203
42342,36397,102201
42343,36398,102205
42344,36399,102204
42345,36400,102209
42346,36401,102213
42347,36402,102217
42348,36403,102223
42349,36403,102222
42350,36404,102222
42351,36404,102223
42352,36405,102227
42353,36406,102226
42354,36407,102231
42355,36408,102230
42356,36409,102232
42357,36410,102237
42358,36411,102242
42359,36412,102243
42360,36413,102247
42361,36414,102250
42362,36415,102251
42363,36416,102252
42364,36417,102255
42365,36417,102256
42366,36418,102256
42367,36419,102258
42368,36420,102269
42369,36421,102270
42370,36421,102268
42371,36422,102273
42372,36423,102274
42373,36424,102276
42374,36424,102277
42375,36425,102278
42376,36426,102281
42377,36426,102279
42378,36427,102286
42379,36428,102288
42380,36429,102298
42381,36429,102299
42382,36430,102299
42383,36431,102304
42384,36432,102307
42385,36432,102308
42386,36433,102308
42387,36434,102309
42388,36435,102312
42389,36435,102311
42390,36436,102316
42391,36437,102313
42392,36437,102315
42393,36438,102327
42394,36439,102329
42395,36440,102331
42396,36441,102333
42397,36442,102337
42398,36443,102339
42399,36443,102338
42400,36444,102338
42401,36445,102341
42402,36446,102340
42403,36446,102341
42404,36447,102342
42405,36448,102346
42406,36449,102352
42407,36450,102357
42408,36451,102358
42409,36451,102357
42410,36452,102361
42411,36453,102366
42412,36454,102364
42413,36455,102367
42414,36456,102368
42415,36457,102371
42416,36457,102370
42417,36458,102370
42418,36459,102372
42419,36459,102373
42420,36460,102373
42421,36461,102374
42422,36461,102375
42423,36462,102376
42424,36463,102379
42425,36464,102388
42426,36465,102389
42427,36466,102390
42428,36467,102392
42429,36467,102391
42430,36468,102393
42431,36469,102401
42432,36470,102406
42433,36470,102405
42434,36471,102409
42435,36472,102408
42436,36473,102415
42437,36474,102416
42438,36475,102418
42439,36476,102419
42440,36477,102420
42441,36478,102431
42442,36479,102432
42443,36480,102434
42444,36481,102435
42445,36482,102437
42446,36483,102439
42447,36484,102440
42448,36485,102443
42449,36486,102441
42450,36487,102446
42451,36488,102448
42452,36489,102452
42453,36490,102453
42454,36491,102457
42455,36492,102458
42456,36493,102459
42457,36494,102460
42458,36495,102463
42459,36496,102465
42460,36496,102464
42461,36497,102466
42462,36498,102468
42463,36499,102470
42464,36500,102469
42465,36501,102472
42466,36502,102474
42467,36502,102473
42468,36503,102482
42469,36504,102483
42470,36505,102484
42471,36506,102492
42472,36507,102494
42473,36508,102496
42474,36509,102500
42475,36510,102499
42476,36510,102500
42477,36511,102509
42478,36512,102511
42479,36512,102510
42480,36513,102516
42481,36514,102517
42482,36515,102518
42483,36515,102517
42484,36516,102519
42485,36517,102520
42486,36518,102522
42487,36518,102521
42488,36519,102521
42489,36519,102522
42490,36520,102528
42491,36521,102527
42492,36522,102531
42493,36522,102532
42494,36523,102532
42495,36524,102534
42496,36525,102535
42497,36526,102537
42498,36527,102539
42499,36528,102542
42500,36529,102547
42501,36530,102550
42502,36531,102549
42503,36532,102552
42504,36533,102554
42505,36533,102551
42506,36534,102564
42507,36534,102566
42508,36535,102567
42509,36535,102568
42510,36536,102568
42511,36536,102567
42512,36537,102569
42513,36538,102572
42514,36539,102573
42515,36540,102574
42516,36541,102575
42517,36542,102579
42518,36543,102578
42519,36544,102582
42520,36544,102581
42521,36545,102585
42522,36546,102586
42523,36547,102591
42524,36547,102590
42525,36548,102589
42526,36548,102590
42527,36549,102593
42528,36549,102592
42529,36550,102600
42530,36550,102599
42531,36551,102598
42532,36551,102600
42533,36552,102602
42534,36553,102608
42535,36554,102610
42536,36555,102611
42537,36556,102614
42538,36557,102616
42539,36558,102617
42540,36558,102616
42541,36559,102620
42542,36559,102618
42543,36560,102623
42544,36561,102624
42545,36562,102628
42546,36563,102626
42547,36564,102635
42548,36565,102636
42549,36566,102638
42550,36567,102640
42551,36568,102643
42552,36569,102642
42553,36569,102643
42554,36570,102645
42555,36570,102647
42556,36571,102648
42557,36572,102653
42558,36573,102660
42559,36573,102659
42560,36574,102662
42561,36575,102670
42562,36575,102669
42563,36576,102671
42564,36577,102676
42565,36578,102682
42566,36579,102687
42567,36580,102690
42568,36581,102696
42569,36582,102697
42570,36583,102700
42571,36584,102699
42572,36585,102704
42573,36586,102703
42574,36587,102706
42575,36588,102707
42576,36589,102710
42577,36589,102712
42578,36590,102711
42579,36591,102715
42580,36591,102713
42581,36592,102713
42582,36592,102715
42583,36593,102716
42584,36594,102722
42585,36595,102725
42586,36596,102727
42587,36597,102726
42588,36598,102731
42589,36599,102735
42590,36600,102738
42591,36601,102741
42592,36602,102744
42593,36603,102746
42594,36604,102752
42595,36605,102753
42596,36606,102754
42597,36607,102757
42598,36607,102759
42599,36608,102760
42600,36609,102761
42601,36609,102763
42602,36610,102766
42603,36611,102769
42604,36611,102770
42605,36612,102770
42606,36612,102769
42607,36613,102772
42608,36614,102771
42609,36615,102789
42610,36616,102792
42611,36617,102791
42612,36618,102794
42613,36619,102797
42614,36619,102796
42615,36620,102799
42616,36621,102801
42617,36622,102804
42618,36623,102806
42619,36623,102805
42620,36624,102807
42621,36625,102810
42622,36625,102811
42623,36626,102811
42624,36627,102818
42625,36628,102823
42626,36629,102822
42627,36629,102823
42628,36630,102832
42629,36631,102834
42630,36631,102835
42631,36632,102835
42632,36633,102836
42633,36634,102839
42634,36635,102843
42635,36636,102840
42636,36637,102845
42637,36638,102853
42638,36638,102851
42639,36639,102852
42640,36639,102853
42641,36640,102857
42642,36641,102866
42643,36642,102865
42644,36643,102875
42645,36644,102879
42646,36645,102884
42647,36646,102883
42648,36647,102887
42649,36648,102888
42650,36649,102891
42651,36649,102890
42652,36650,102893
42653,36651,102896
42654,36652,102895
42655,36653,102900
42656,36654,102903
42657,36655,102911
42658,36656,102912
42659,36657,102913
42660,36657,102914
42661,36658,102916
42662,36659,102915
42663,36660,102919
42664,36661,102920
42665,36661,102919
42666,36662,102931
42667,36663,102933
42668,36664,102936
42669,36664,102934
42670,36665,102934
42671,36666,102937
42672,36667,102938
42673,36668,102942
42674,36669,102943
42675,36670,102944
42676,36671,102948
42677,36672,102951
42678,36673,102959
42679,36674,102957
42680,36675,102965
42681,36676,102966
42682,36677,102969
42683,36678,102971
42684,36679,102972
42685,36680,102980
42686,36681,102978
42687,36682,102989
42688,36682,102990
42689,36683,102995
42690,36684,103000
42691,36685,103004
42692,36686,103005
42693,36687,103011
42694,36688,103010
42695,36689,103012
42696,36689,103013
42697,36690,103017
42698,36691,103019
42699,36692,103021
42700,36693,103027
42701,36693,103026
42702,36694,103029
42703,36695,103030
42704,36696,103031
42705,36697,103032
42706,36698,103036
42707,36698,103034
42708,36699,103037
42709,36700,103041
42710,36701,103047
42711,36702,103049
42712,36703,103053
42713,36704,103054
42714,36705,103060
42715,36706,103059
42716,36706,103060
42717,36707,103066
42718,36707,103064
42719,36708,103072
42720,36709,103079
42721,36710,103080
42722,36711,103084
42723,36712,103087
42724,36712,103088
42725,36713,103088
42726,36714,103089
42727,36715,103091
42728,36716,103094
42729,36717,103092
42730,36718,103096
42731,36719,103095
42732,36720,103100
42733,36721,103101
42734,36722,103104
42735,36723,103103
42736,36724,103107
42737,36725,103108
42738,36726,103116
42739,36727,103118
42740,36727,103117
42741,36728,103117
42742,36729,103119
42743,36730,103122
42744,36731,103129
42745,36731,103128
42746,36732,103127
42747,36733,103132
42748,36734,103134
42749,36735,103136
42750,36736,103137
42751,36737,103144
42752,36738,103145
42753,36739,103151
42754,36740,103153
42755,36741,103152
42756,36742,103156
42757,36743,103167
42758,36744,103177
42759,36745,103180
42760,36746,103181
42761,36747,103182
42762,36748,103191
42763,36749,103190
42764,36750,103193
42765,36751,103194
42766,36752,103198
42767,36753,103197
42768,36753,103198
42769,36754,103203
42770,36755,103206
42771,36756,103209
42772,36757,103211
42773,36757,103210
42774,36758,103212
42775,36759,103213
42776,36760,103214
42777,36761,103215
42778,36762,103216
42779,36763,103218
42780,36764,103221
42781,36765,103222
42782,36766,103223
42783,36766,103225
42784,36767,103231
42785,36768,103230
42786,36769,103238
42787,36770,103242
42788,36771,103243
42789,36772,103246
42790,36773,103247
42791,36774,103252
42792,36775,103254
42793,36776,103255
42794,36777,103256
42795,36778,103258
42796,36779,103261
42797,36780,103263
42798,36780,103265
42799,36781,103265
42800,36782,103271
42801,36783,103272
42802,36784,103275
42803,36785,103278
42804,36786,103281
42805,36787,103282
42806,36788,103284
42807,36789,103285
42808,36790,103287
42809,36791,103295
42810,36792,103297
42811,36792,103298
42812,36793,103298
42813,36794,103305
42814,36795,103306
42815,36796,103311
42816,36796,103312
42817,36797,103312
42818,36797,103311
42819,36798,103315
42820,36799,103317
42821,36800,103316
42822,36801,103318
42823,36801,103319
42824,36802,103327
42825,36803,103332
42826,36804,103335
42827,36804,103333
42828,36805,103334
42829,36806,103338
42830,36807,103341
42831,36808,103343
42832,36809,103347
42833,36809,103344
42834,36810,103346
42835,36811,103349
42836,36812,103348
42837,36813,103350
42838,36814,103352
42839,36815,103354
42840,36816,103362
42841,36817,103367
42842,36817,103368
42843,36818,103370
42844,36819,103374
42845,36819,103375
42846,36820,103378
42847,36821,103381
42848,36822,103380
42849,36822,103381
42850,36823,103383
42851,36823,103384
42852,36824,103384
42853,36825,103385
42854,36826,103389
42855,36826,103388
42856,36827,103388
42857,36828,103391
42858,36829,103392
42859,36830,103396
42860,36831,103398
42861,36832,103400
42862,36833,103399
42863,36834,103406
42864,36835,103408
42865,36836,103415
42866,36836,103414
42867,36837,103420
42868,36837,103418
42869,36838,103418
42870,36838,103420
42871,36839,103426
42872,36840,103433
42873,36841,103432
42874,36842,103438
42875,36843,103439
42876,36844,103441
42877,36845,103442
42878,36846,103446
42879,36847,103448
42880,36848,103447
42881,36848,103449
42882,36849,103453
42883,36850,103454
42884,36851,103456
42885,36852,103464
42886,36853,103465
42887,36854,103469
42888,36855,103472
42889,36856,103474
42890,36857,103473
42891,36858,103479
42892,36859,103478
42893,36860,103480
42894,36860,103481
42895,36861,103481
42896,36861,103480
42897,36862,103482
42898,36863,103483
42899,36864,103489
42900,36865,103488
42901,36866,103490
42902,36867,103493
42903,36868,103494
42904,36869,103495
42905,36870,103496
42906,36871,103499
42907,36871,103498
42908,36872,103498
42909,36873,103502
42910,36874,103504
42911,36874,103503
42912,36875,103503
42913,36876,103505
42914,36877,103520
42915,36877,103519
42916,36878,103519
42917,36879,103523
42918,36880,103524
42919,36881,103525
42920,36882,103528
42921,36882,103527
42922,36883,103529
42923,36884,103531
42924,36885,103536
42925,36886,103541
42926,36887,103543
42927,36888,103547
42928,36888,103548
42929,36889,103548
42930,36890,103550
42931,36890,103552
42932,36891,103553
42933,36892,103566
42934,36892,103568
42935,36893,103567
42936,36894,103574
42937,36895,103576
42938,36896,103577
42939,36896,103579
42940,36897,103578
42941,36898,103583
42942,36899,103582
42943,36899,103581
42944,36900,103585
42945,36901,103586
42946,36902,103596
42947,36902,103597
42948,36903,103594
42949,36904,103605
42950,36904,103607
42951,36905,103607
42952,36906,103612
42953,36907,103622
42954,36908,103620
42955,36909,103628
42956,36910,103631
42957,36910,103632
42958,36911,103632
42959,36911,103631
42960,36912,103640
42961,36913,103648
42962,36914,103649
42963,36915,103652
42964,36916,103654
42965,36917,103655
42966,36918,103660
42967,36919,103661
42968,36919,103662
42969,36920,103664
42970,36921,103665
42971,36922,103667
42972,36922,103666
42973,36923,103666
42974,36924,103668
42975,36925,103669
42976,36926,103671
42977,36927,103672
42978,36928,103673
42979,36929,103678
42980,36930,103679
42981,36931,103680
42982,36932,103681
42983,36933,103682
42984,36934,103691
42985,36935,103694
42986,36936,103692
42987,36937,103698
42988,36938,103699
42989,36938,103698
42990,36939,103702
42991,36940,103703
42992,36940,103704
42993,36941,103712
42994,36942,103714
42995,36943,103719
42996,36943,103717
42997,36944,103720
42998,36945,103723
42999,36946,103729
43000,36947,103732
43001,36948,103733
43002,36949,103735
43003,36950,103741
43004,36951,103743
43005,36952,103746
43006,36953,103751
43007,36953,103750
43008,36954,103752
43009,36955,103756
43010,36956,103759
43011,36957,103758
43012,36958,103760
43013,36959,103767
43014,36960,103779
43015,36961,103778
43016,36962,103780
43017,36963,103786
43018,36963,103787
43019,36964,103787
43020,36964,103786
43021,36965,103788
43022,36966,103792
43023,36967,103794
43024,36968,103799
43025,36969,103802
43026,36970,103803
43027,36971,103804
43028,36972,103806
43029,36972,103805
43030,36973,103805
43031,36973,103807
43032,36974,103810
43033,36975,103811
43034,36976,103815
43035,36977,103819
43036,36978,103825
43037,36978,103823
43038,36979,103824
43039,36980,103826
43040,36981,103829
43041,36982,103833
43042,36982,103830
43043,36983,103832
43044,36984,103834
43045,36985,103837
43046,36985,103836
43047,36986,103839
43048,36987,103847
43049,36988,103852
43050,36988,103853
43051,36989,103853
43052,36990,103855
43053,36990,103858
43054,36991,103856
43055,36991,103858
43056,36992,103866
43057,36993,103868
43058,36994,103867
43059,36995,103869
43060,36996,103870
43061,36997,103871
43062,36998,103872
43063,36999,103874
43064,36999,103873
43065,37000,103873
43066,37001,103876
43067,37001,103878
43068,37002,103882
43069,37003,103883
43070,37003,103882
43071,37004,103885
43072,37005,103887
43073,37006,103888
43074,37006,103889
43075,37007,103889
43076,37008,103892
43077,37009,103891
43078,37010,103895
43079,37011,103897
43080,37012,103898
43081,37013,103899
43082,37013,103898
43083,37014,103901
43084,37015,103902
43085,37016,103906
43086,37017,103911
43087,37018,103909
43088,37019,103917
43089,37020,103921
43090,37021,103920
43091,37022,103923
43092,37023,103922
43093,37024,103925
43094,37025,103926
43095,37026,103928
43096,37027,103927
43097,37027,103930
43098,37028,103931
43099,37029,103937
43100,37030,103939
43101,37031,103941
43102,37032,103940
43103,37033,103945
43104,37034,103946
43105,37035,103947
43106,37036,103951
43107,37037,103952
43108,37038,103953
43109,37039,103960
43110,37040,103963
43111,37041,103962
43112,37042,103966
43113,37043,103969
43114,37044,103970
43115,37045,103971
43116,37046,103976
43117,37047,103977
43118,37048,103980
43119,37048,103978
43120,37049,103979
43121,37050,103982
43122,37051,103981
43123,37052,103990
43124,37053,103989
43125,37054,103992
43126,37054,103991
43127,37055,103991
43128,37056,103994
43129,37057,103995
43130,37057,103997
43131,37058,104000
43132,37059,103999
43133,37060,104001
43134,37061,104010
43135,37062,104021
43136,37063,104024
43137,37064,104026
43138,37065,104031
43139,37066,104033
43140,37067,104041
43141,37068,104042
43142,37069,104043
43143,37070,104044
43144,37071,104046
43145,37072,104047
43146,37073,104051
43147,37074,104053
43148,37075,104071
43149,37076,104076
43150,37077,104080
43151,37078,104084
43152,37079,104086
43153,37080,104089
43154,37081,104091
43155,37082,104094
43156,37083,104097
43157,37084,104101
43158,37084,104100
43159,37085,104102
43160,37086,104104
43161,37087,104105
43162,37088,104111
43163,37089,104115
43164,37089,104114
43165,37090,104116
43166,37091,104120
43167,37092,104121
43168,37093,104123
43169,37094,104128
43170,37095,104129
43171,37095,104130
43172,37096,104130
43173,37097,104136
43174,37098,104141
43175,37098,104142
43176,37099,104143
43177,37100,104148
43178,37101,104150
43179,37102,104152
43180,37102,104154
43181,37103,104154
43182,37104,104170
43183,37105,104173
43184,37106,104175
43185,37107,104174
43186,37108,104178
43187,37109,104177
43188,37109,104178
43189,37110,104183
43190,37111,104181
43191,37112,104188
43192,37113,104187
43193,37113,104189
43194,37114,104190
43195,37115,104194
43196,37116,104193
43197,37117,104196
43198,37117,104195
43199,37118,104199
43200,37119,104203
43201,37120,104206
43202,37121,104208
43203,37122,104213
43204,37123,104212
43205,37124,104215
43206,37125,104222
43207,37126,104221
43208,37127,104224
43209,37128,104227
43210,37129,104228
43211,37130,104232
43212,37131,104235
43213,37132,104236
43214,37133,104240
43215,37134,104241
43216,37135,104244
43217,37136,104245
43218,37137,104247
43219,37138,104248
43220,37139,104255
43221,37140,104259
43222,37141,104263
43223,37142,104264
43224,37143,104272
43225,37144,104275
43226,37145,104283
43227,37146,104282
43228,37147,104287
43229,37148,104286
43230,37149,104290
43231,37150,104296
43232,37151,104297
43233,37152,104301
43234,37153,104305
43235,37154,104306
43236,37155,104307
43237,37156,104310
43238,37156,104311
43239,37157,104308
43240,37157,104311
43241,37158,104312
43242,37159,104313
43243,37160,104318
43244,37160,104319
43245,37161,104327
43246,37162,104328
43247,37162,104327
43248,37163,104330
43249,37164,104332
43250,37165,104331
43251,37165,104332
43252,37166,104335
43253,37166,104334
43254,37167,104336
43255,37168,104337
43256,37169,104339
43257,37170,104340
43258,37171,104345
43259,37172,104346
43260,37173,104348
43261,37173,104349
43262,37174,104347
43263,37175,104351
43264,37175,104350
43265,37176,104350
43266,37176,104351
43267,37177,104353
43268,37178,104354
43269,37179,104357
43270,37180,104356
43271,37181,104364
43272,37182,104367
43273,37182,104369
43274,37183,104366
43275,37184,104371
43276,37185,104372
43277,37186,104375
43278,37187,104378
43279,37188,104383
43280,37189,104387
43281,37190,104392
43282,37191,104393
43283,37192,104396
43284,37193,104397
43285,37194,104403
43286,37195,104401
43287,37196,104404
43288,37197,104408
43289,37198,104411
43290,37199,104410
43291,37200,104415
43292,37201,104414
43293,37202,104419
43294,37203,104423
43295,37203,104421
43296,37204,104426
43297,37205,104427
43298,37206,104429
43299,37207,104431
43300,37208,104435
43301,37209,104442
43302,37210,104444
43303,37210,104446
43304,37211,104449
43305,37212,104452
43306,37213,104454
43307,37214,104457
43308,37215,104459
43309,37216,104458
43310,37217,104460
43311,37218,104461
43312,37219,104465
43313,37220,104466
43314,37221,104467
43315,37222,104468
43316,37223,104473
43317,37224,104472
43318,37225,104477
43319,37226,104478
43320,37227,104479
43321,37228,104486
43322,37228,104485
43323,37229,104490
43324,37229,104489
43325,37230,104491
43326,37230,104493
43327,37231,104494
43328,37232,104495
43329,37233,104497
43330,37233,104496
43331,37234,104496
43332,37235,104501
43333,37236,104499
43334,37237,104503
43335,37238,104504
43336,37239,104505
43337,37240,104510
43338,37241,104516
43339,37242,104522
43340,37243,104525
43341,37244,104524
43342,37245,104530
43343,37246,104533
43344,37247,104532
43345,37248,104535
43346,37249,104538
43347,37249,104537
43348,37250,104539
43349,37251,104542
43350,37252,104541
43351,37253,104546
43352,37254,104550
43353,37255,104556
43354,37256,104558
43355,37256,104557
43356,37257,104557
43357,37258,104560
43358,37259,104559
43359,37260,104561
43360,37261,104564
43361,37262,104566
43362,37263,104569
43363,37264,104570
43364,37265,104575
43365,37266,104573
43366,37266,104574
43367,37267,104577
43368,37267,104576
43369,37268,104576
43370,37269,104578
43371,37270,104579
43372,37271,104598
43373,37272,104595
43374,37273,104600
43375,37273,104599
43376,37274,104599
43377,37274,104600
43378,37275,104605
43379,37276,104606
43380,37277,104610
43381,37278,104612
43382,37279,104614
43383,37279,104617
43384,37280,104623
43385,37281,104649
43386,37282,104648
43387,37282,104649
43388,37283,104650
43389,37284,104651
43390,37285,104652
43391,37286,104655
43392,37286,104653
43393,37287,104656
43394,37288,104659
43395,37289,104658
43396,37289,104657
43397,37290,104660
43398,37291,104664
43399,37292,104665
43400,37293,104666
43401,37294,104670
43402,37295,104668
43403,37296,104672
43404,37297,104678
43405,37298,104679
43406,37299,104686
43407,37300,104685
43408,37301,104688
43409,37302,104689
43410,37303,104691
43411,37304,104697
43412,37304,104696
43413,37305,104699
43414,37305,104698
43415,37306,104700
43416,37307,104703
43417,37308,104708
43418,37309,104707
43419,37310,104710
43420,37311,104717
43421,37312,104728
43422,37312,104729
43423,37313,104737
43424,37314,104739
43425,37315,104740
43426,37316,104741
43427,37317,104742
43428,37317,104741
43429,37318,104744
43430,37318,104746
43431,37319,104748
43432,37320,104749
43433,37321,104752
43434,37322,104754
43435,37322,104755
43436,37323,104753
43437,37324,104756
43438,37325,104766
43439,37326,104764
43440,37326,104765
43441,37327,104768
43442,37328,104773
43443,37329,104771
43444,37330,104776
43445,37331,104781
43446,37332,104782
43447,37333,104784
43448,37334,104787
43449,37335,104788
43450,37336,104791
43451,37337,104798
43452,37338,104799
43453,37339,104824
43454,37340,104826
43455,37341,104827
43456,37342,104834
43457,37343,104831
43458,37343,104833
43459,37344,104838
43460,37345,104839
43461,37346,104846
43462,37347,104844
43463,37348,104852
43464,37348,104851
43465,37349,104855
43466,37350,104854
43467,37351,104858
43468,37352,104868
43469,37353,104870
43470,37353,104871
43471,37354,104873
43472,37355,104874
43473,37356,104880
43474,37357,104881
43475,37357,104883
43476,37358,104888
43477,37359,104891
43478,37360,104892
43479,37361,104893
43480,37362,104895
43481,37363,104894
43482,37364,104897
43483,37365,104896
43484,37366,104900
43485,37367,104903
43486,37368,104907
43487,37369,104909
43488,37369,104908
43489,37370,104908
43490,37371,104921
43491,37372,104922
43492,37373,104925
43493,37373,104924
43494,37374,104927
43495,37375,104929
43496,37376,104935
43497,37377,104938
43498,37378,104941
43499,37379,104939
43500,37379,104941
43501,37380,104942
43502,37381,104947
43503,37382,104949
43504,37383,104951
43505,37384,104957
43506,37385,104955
43507,37385,104957
43508,37386,104962
43509,37387,104965
43510,37388,104967
43511,37389,104968
43512,37390,104972
43513,37391,104971
43514,37392,104973
43515,37393,104981
43516,37394,104985
43517,37395,104988
43518,37396,104993
43519,37397,104995
43520,37397,104993
43521,37398,104998
43522,37398,104999
43523,37399,105002
43524,37400,105007
43525,37401,105006
43526,37401,105007
43527,37402,105011
43528,37403,105014
43529,37404,105020
43530,37405,105025
43531,37406,105026
43532,37407,105028
43533,37408,105032
43534,37409,105038
43535,37409,105037
43536,37410,105037
43537,37411,105042
43538,37412,105044
43539,37413,105045
43540,37414,105049
43541,37415,105050
43542,37416,105052
43543,37416,105051
43544,37417,105051
43545,37417,105052
43546,37418,105053
43547,37419,105055
43548,37420,105056
43549,37421,105058
43550,37422,105057
43551,37423,105062
43552,37424,105060
43553,37424,105061
43554,37425,105064
43555,37426,105076
43556,37427,105079
43557,37428,105083
43558,37429,105086
43559,37429,105088
43560,37430,105092
43561,37431,105093
43562,37432,105097
43563,37433,105095
43564,37434,105102
43565,37435,105103
43566,37436,105108
43567,37437,105112
43568,37438,105111
43569,37439,105114
43570,37439,105113
43571,37440,105115
43572,37441,105117
43573,37442,105116
43574,37443,105120
43575,37444,105121
43576,37445,105125
43577,37446,105129
43578,37447,105132
43579,37447,105133
43580,37448,105134
43581,37449,105136
43582,37450,105135
43583,37451,105141
43584,37452,105149
43585,37453,105151
43586,37454,105150
43587,37454,105151
43588,37455,105153
43589,37456,105152
43590,37457,105157
43591,37458,105156
43592,37459,105159
43593,37459,105158
43594,37460,105161
43595,37461,105164
43596,37461,105162
43597,37462,105163
43598,37463,105166
43599,37464,105168
43600,37464,105167
43601,37465,105169
43602,37466,105170
43603,37467,105175
43604,37467,105172
43605,37468,105174
43606,37468,105173
43607,37469,105177
43608,37470,105178
43609,37471,105182
43610,37471,105180
43611,37472,105189
43612,37472,105188
43613,37473,105191
43614,37474,105192
43615,37475,105201
43616,37476,105204
43617,37477,105207
43618,37478,105212
43619,37479,105211
43620,37479,105209
43621,37480,105215
43622,37481,105217
43623,37482,105219
43624,37482,105221
43625,37483,105222
43626,37484,105223
43627,37485,105226
43628,37486,105227
43629,37487,105228
43630,37488,105231
43631,37489,105230
43632,37490,105232
43633,37491,105236
43634,37492,105237
43635,37493,105238
43636,37494,105239
43637,37495,105242
43638,37496,105244
43639,37497,105243
43640,37498,105246
43641,37499,105245
43642,37500,105248
43643,37501,105251
43644,37502,105250
43645,37502,105251
43646,37503,105252
43647,37504,105253
43648,37505,105255
43649,37506,105256
43650,37506,105255
43651,37507,105257
43652,37508,105260
43653,37508,105261
43654,37509,105261
43655,37510,105262
43656,37511,105264
43657,37512,105263
43658,37513,105266
43659,37514,105267
43660,37515,105270
43661,37516,105272
43662,37517,105277
43663,37518,105275
43664,37519,105279
43665,37520,105280
43666,37521,105283
43667,37522,105286
43668,37523,105288
43669,37524,105296
43670,37525,105297
43671,37525,105298
43672,37526,105300
43673,37527,105303
43674,37528,105309
43675,37529,105308
43676,37530,105310
43677,37531,105311
43678,37532,105318
43679,37532,105317
43680,37533,105322
43681,37534,105319
43682,37535,105326
43683,37535,105324
43684,37536,105325
43685,37537,105330
43686,37538,105331
43687,37539,105334
43688,37540,105336
43689,37541,105339
43690,37542,105341
43691,37543,105348
43692,37544,105355
43693,37545,105354
43694,37546,105356
43695,37547,105357
43696,37548,105358
43697,37549,105360
43698,37550,105361
43699,37551,105362
43700,37552,105369
43701,37553,105373
43702,37554,105380
43703,37555,105382
43704,37556,105387
43705,37557,105392
43706,37557,105393
43707,37558,105391
43708,37559,105394
43709,37560,105395
43710,37561,105397
43711,37561,105398
43712,37562,105400
43713,37563,105402
43714,37564,105408
43715,37565,105409
43716,37566,105417
43717,37567,105419
43718,37568,105421
43719,37569,105426
43720,37570,105428
43721,37570,105427
43722,37571,105429
43723,37572,105430
43724,37573,105436
43725,37574,105437
43726,37574,105438
43727,37575,105442
43728,37575,105440
43729,37576,105440
43730,37577,105454
43731,37578,105464
43732,37578,105463
43733,37579,105465
43734,37580,105468
43735,37581,105466
43736,37582,105471
43737,37583,105469
43738,37584,105476
43739,37585,105478
43740,37586,105485
43741,37587,105487
43742,37588,105488
43743,37589,105489
43744,37590,105491
43745,37591,105492
43746,37591,105491
43747,37592,105495
43748,37593,105496
43749,37594,105498
43750,37595,105501
43751,37596,105502
43752,37597,105504
43753,37598,105505
43754,37599,105507
43755,37600,105506
43756,37601,105508
43757,37601,105509
43758,37602,105513
43759,37603,105516
43760,37604,105517
43761,37604,105518
43762,37605,105522
43763,37605,105521
43764,37606,105526
43765,37607,105528
43766,37608,105529
43767,37609,105530
43768,37610,105534
43769,37611,105535
43770,37612,105537
43771,37613,105538
43772,37614,105539
43773,37615,105547
43774,37616,105550
43775,37617,105551
43776,37618,105552
43777,37619,105559
43778,37620,105560
43779,37621,105566
43780,37622,105568
43781,37623,105570
43782,37624,105574
43783,37624,105573
43784,37625,105573
43785,37626,105576
43786,37627,105577
43787,37628,105590
43788,37629,105591
43789,37630,105593
43790,37631,105598
43791,37632,105597
43792,37633,105601
43793,37634,105603
43794,37635,105604
43795,37636,105608
43796,37637,105612
43797,37637,105613
43798,37638,105614
43799,37639,105617
43800,37640,105620
43801,37641,105622
43802,37642,105624
43803,37643,105625
43804,37644,105636
43805,37645,105635
43806,37645,105636
43807,37646,105640
43808,37647,105641
43809,37648,105647
43810,37649,105646
43811,37650,105652
43812,37651,105649
43813,37651,105652
43814,37652,105657
43815,37652,105656
43816,37653,105656
43817,37654,105662
43818,37654,105664
43819,37655,105664
43820,37656,105666
43821,37657,105671
43822,37657,105669
43823,37658,105673
43824,37659,105681
43825,37659,105679
43826,37660,105678
43827,37661,105684
43828,37662,105690
43829,37663,105692
43830,37664,105694
43831,37665,105698
43832,37666,105705
43833,37667,105702
43834,37667,105705
43835,37668,105714
43836,37669,105718
43837,37670,105719
43838,37671,105725
43839,37672,105727
43840,37673,105728
43841,37674,105731
43842,37675,105730
43843,37676,105734
43844,37676,105733
43845,37677,105736
43846,37677,105737
43847,37678,105737
43848,37679,105743
43849,37680,105744
43850,37681,105746
43851,37682,105745
43852,37682,105746
43853,37683,105747
43854,37684,105751
43855,37685,105755
43856,37686,105758
43857,37687,105757
43858,37687,105758
43859,37688,105760
43860,37689,105761
43861,37690,105762
43862,37691,105768
43863,37692,105777
43864,37693,105776
43865,37694,105778
43866,37695,105782
43867,37695,105780
43868,37696,105784
43869,37697,105786
43870,37697,105785
43871,37698,105787
43872,37699,105789
43873,37700,105788
43874,37701,105790
43875,37702,105791
43876,37702,105792
43877,37703,105795
43878,37704,105796
43879,37705,105797
43880,37706,105799
43881,37707,105801
43882,37708,105800
43883,37709,105804
43884,37710,105810
43885,37711,105814
43886,37712,105816
43887,37713,105817
43888,37714,105820
43889,37715,105825
43890,37716,105830
43891,37717,105832
43892,37718,105834
43893,37719,105837
43894,37719,105835
43895,37720,105835
43896,37721,105838
43897,37722,105839
43898,37723,105845
43899,37723,105843
43900,37724,105846
43901,37725,105848
43902,37726,105851
43903,37726,105850
43904,37727,105850
43905,37727,105851
43906,37728,105855
43907,37729,105853
43908,37730,105856
43909,37731,105857
43910,37732,105860
43911,37732,105859
43912,37733,105858
43913,37734,105862
43914,37734,105863
43915,37735,105863
43916,37736,105865
43917,37736,105864
43918,37737,105868
43919,37738,105869
43920,37739,105870
43921,37740,105873
43922,37741,105871
43923,37742,105875
43924,37743,105877
43925,37744,105881
43926,37745,105889
43927,37746,105891
43928,37746,105892
43929,37747,105900
43930,37748,105902
43931,37749,105901
43932,37750,105903
43933,37751,105906
43934,37751,105905
43935,37752,105909
43936,37753,105910
43937,37754,105913
43938,37755,105918
43939,37756,105920
43940,37757,105927
43941,37757,105926
43942,37758,105926
43943,37758,105928
43944,37759,105929
43945,37760,105933
43946,37761,105935
43947,37762,105936
43948,37763,105938
43949,37763,105937
43950,37764,105937
43951,37765,105942
43952,37766,105947
43953,37767,105952
43954,37768,105953
43955,37769,105956
43956,37770,105957
43957,37771,105959
43958,37772,105965
43959,37773,105966
43960,37773,105965
43961,37774,105970
43962,37775,105969
43963,37775,105968
43964,37776,105976
43965,37777,105975
43966,37778,105978
43967,37779,105979
43968,37780,105982
43969,37781,105989
43970,37782,105988
43971,37782,105989
43972,37783,105991
43973,37784,105993
43974,37785,105992
43975,37786,105996
43976,37787,105995
43977,37788,105998
43978,37788,105997
43979,37789,106009
43980,37789,106010
43981,37790,106015
43982,37791,106019
43983,37792,106020
43984,37793,106025
43985,37793,106024
43986,37794,106028
43987,37795,106030
43988,37796,106031
43989,37797,106034
43990,37798,106042
43991,37799,106046
43992,37799,106044
43993,37800,106047
43994,37801,106048
43995,37801,106049
43996,37802,106050
43997,37803,106051
43998,37804,106059
43999,37805,106060
44000,37806,106063
44001,37807,106064
44002,37807,106065
44003,37808,106075
44004,37808,106074
44005,37809,106074
44006,37810,106080
44007,37810,106081
44008,37811,106081
44009,37812,106084
44010,37813,106086
44011,37814,106088
44012,37815,106089
44013,37816,106094
44014,37817,106096
44015,37818,106101
44016,37819,106105
44017,37820,106102
44018,37821,106111
44019,37822,106115
44020,37823,106114
44021,37824,106118
44022,37825,106119
44023,37826,106120
44024,37827,106121
44025,37828,106122
44026,37829,106124
44027,37830,106135
44028,37831,106137
44029,37832,106142
44030,37833,106147
44031,37833,106146
44032,37834,106152
44033,37835,106158
44034,37836,106166
44035,37837,106169
44036,37838,106171
44037,37839,106170
44038,37840,106172
44039,37841,106176
44040,37842,106175
44041,37843,106177
44042,37844,106182
44043,37845,106184
44044,37846,106188
44045,37846,106187
44046,37847,106191
44047,37847,106190
44048,37848,106189
44049,37849,106192
44050,37850,106194
44051,37851,106204
44052,37852,106207
44053,37853,106206
44054,37854,106208
44055,37855,106211
44056,37856,106209
44057,37857,106213
44058,37858,106214
44059,37859,106220
44060,37859,106219
44061,37860,106219
44062,37860,106220
44063,37861,106221
44064,37862,106225
44065,37863,106227
44066,37864,106228
44067,37865,106234
44068,37866,106233
44069,37867,106243
44070,37868,106242
44071,37869,106244
44072,37870,106247
44073,37871,106250
44074,37872,106252
44075,37872,106249
44076,37873,106262
44077,37873,106261
44078,37874,106261
44079,37875,106265
44080,37876,106277
44081,37876,106276
44082,37877,106279
44083,37877,106280
44084,37878,106280
44085,37878,106278
44086,37879,106287
44087,37880,106288
44088,37880,106287
44089,37881,106289
44090,37882,106290
44091,37883,106292
44092,37884,106297
44093,37885,106298
44094,37885,106297
44095,37886,106302
44096,37887,106305
44097,37888,106313
44098,37889,106315
44099,37890,106314
44100,37891,106318
44101,37892,106319
44102,37893,106322
44103,37894,106324
44104,37895,106328
44105,37896,106329
44106,37897,106333
44107,37898,106334
44108,37898,106333
44109,37899,106337
44110,37900,106342
44111,37900,106341
44112,37901,106356
44113,37902,106354
44114,37903,106361
44115,37904,106362
44116,37905,106366
44117,37906,106368
44118,37906,106369
44119,37907,106371
44120,37908,106375
44121,37908,106374
44122,37909,106377
44123,37910,106376
44124,37911,106380
44125,37911,106382
44126,37912,106388
44127,37913,106387
44128,37914,106389
44129,37915,106391
44130,37916,106390
44131,37916,106392
44132,37917,106394
44133,37918,106393
44134,37919,106395
44135,37920,106397
44136,37920,106398
44137,37921,106398
44138,37922,106403
44139,37923,106404
44140,37924,106406
44141,37925,106416
44142,37926,106418
44143,37927,106424
44144,37928,106434
44145,37928,106433
44146,37929,106433
44147,37930,106451
44148,37931,106457
44149,37932,106458
44150,37933,106461
44151,37934,106460
44152,37935,106463
44153,37936,106464
44154,37937,106466
44155,37938,106467
44156,37939,106473
44157,37939,106472
44158,37940,106479
44159,37940,106480
44160,37941,106483
44161,37941,106482
44162,37942,106482
44163,37942,106483
44164,37943,106484
44165,37944,106485
44166,37945,106488
44167,37946,106489
44168,37947,106492
44169,37948,106496
44170,37949,106498
44171,37950,106499
44172,37951,106500
44173,37952,106502
44174,37953,106504
44175,37954,106505
44176,37955,106509
44177,37956,106512
44178,37957,106519
44179,37958,106521
44180,37959,106522
44181,37960,106523
44182,37961,106525
44183,37962,106531
44184,37963,106536
44185,37964,106539
44186,37965,106540
44187,37966,106543
44188,37967,106545
44189,37967,106542
44190,37968,106547
44191,37969,106550
44192,37970,106552
44193,37971,106568
44194,37972,106567
44195,37973,106569
44196,37974,106582
44197,37975,106583
44198,37975,106585
44199,37976,106585
44200,37977,106586
44201,37978,106587
44202,37979,106592
44203,37980,106596
44204,37981,106604
44205,37982,106603
44206,37982,106605
44207,37983,106606
44208,37984,106607
44209,37985,106611
44210,37986,106612
44211,37987,106617
44212,37988,106629
44213,37989,106634
44214,37990,106635
44215,37991,106636
44216,37992,106637
44217,37993,106639
44218,37994,106640
44219,37994,106641
44220,37995,106643
44221,37996,106646
44222,37997,106647
44223,37998,106651
44224,37999,106652
44225,38000,106654
44226,38001,106655
44227,38001,106656
44228,38002,106656
44229,38003,106657
44230,38004,106661
44231,38005,106662
44232,38006,106666
44233,38007,106667
44234,38008,106668
44235,38009,106670
44236,38010,106669
44237,38011,106671
44238,38012,106674
44239,38013,106672
44240,38014,106677
44241,38015,106676
44242,38016,106678
44243,38017,106683
44244,38017,106682
44245,38018,106684
44246,38019,106695
44247,38020,106698
44248,38021,106706
44249,38022,106707
44250,38023,106726
44251,38024,106728
44252,38025,106729
44253,38026,106731
44254,38026,106730
44255,38027,106733
44256,38028,106734
44257,38029,106736
44258,38030,106738
44259,38030,106735
44260,38031,106739
44261,38032,106752
44262,38033,106753
44263,38034,106754
44264,38035,106756
44265,38036,106759
44266,38037,106765
44267,38037,106767
44268,38038,106774
44269,38039,106782
44270,38040,106783
44271,38041,106784
44272,38042,106788
44273,38043,106790
44274,38044,106797
44275,38045,106796
44276,38046,106800
44277,38047,106801
44278,38048,106805
44279,38049,106804
44280,38050,106807
44281,38050,106808
44282,38051,106806
44283,38052,106812
44284,38053,106810
44285,38054,106816
44286,38055,106821
44287,38056,106822
44288,38057,106827
44289,38058,106831
44290,38059,106836
44291,38060,106834
44292,38061,106839
44293,38062,106843
44294,38063,106851
44295,38064,106856
44296,38065,106862
44297,38066,106863
44298,38067,106868
44299,38068,106873
44300,38069,106874
44301,38070,106881
44302,38070,106882
44303,38071,106886
44304,38072,106889
44305,38073,106887
44306,38074,106893
44307,38075,106894
44308,38076,106907
44309,38077,106906
44310,38078,106914
44311,38079,106912
44312,38080,106917
44313,38081,106919
44314,38081,106918
44315,38082,106918
44316,38083,106920
44317,38084,106926
44318,38085,106927
44319,38086,106931
44320,38087,106933
44321,38087,106931
44322,38088,106936
44323,38088,106935
44324,38089,106935
44325,38090,106943
44326,38090,106946
44327,38091,106944
44328,38092,106948
44329,38092,106949
44330,38093,106951
44331,38094,106954
44332,38095,106955
44333,38096,106956
44334,38097,106958
44335,38098,106959
44336,38099,106964
44337,38100,106963
44338,38101,106970
44339,38102,106972
44340,38103,106973
44341,38104,106976
44342,38105,106974
44343,38106,106977
44344,38106,106978
44345,38107,106980
44346,38108,106984
44347,38109,106988
44348,38110,106994
44349,38111,106993
44350,38112,106995
44351,38113,106997
44352,38114,107000
44353,38115,107008
44354,38116,107009
44355,38117,107010
44356,38118,107015
44357,38119,107019
44358,38120,107021
44359,38121,107022
44360,38122,107026
44361,38123,107023
44362,38124,107028
44363,38125,107029
44364,38126,107031
44365,38127,107033
44366,38128,107032
44367,38128,107033
44368,38129,107039
44369,38130,107043
44370,38131,107044
44371,38132,107051
44372,38133,107053
44373,38134,107055
44374,38135,107073
44375,38135,107072
44376,38136,107076
44377,38137,107080
44378,38137,107081
44379,38138,107078
44380,38139,107086
44381,38140,107090
44382,38141,107093
44383,38142,107106
44384,38143,107112
44385,38144,107113
44386,38145,107114
44387,38146,107118
44388,38146,107117
44389,38147,107120
44390,38148,107121
44391,38149,107126
44392,38150,107129
44393,38151,107133
44394,38152,107139
44395,38152,107140
44396,38153,107140
44397,38153,107139
44398,38154,107141
44399,38155,107147
44400,38156,107150
44401,38157,107155
44402,38158,107157
44403,38159,107159
44404,38160,107163
44405,38161,107167
44406,38162,107168
44407,38163,107169
44408,38164,107172
44409,38164,107173
44410,38165,107175
44411,38166,107176
44412,38166,107177
44413,38167,107178
44414,38168,107179
44415,38168,107178
44416,38169,107183
44417,38169,107184
44418,38170,107186
44419,38171,107185
44420,38171,107187
44421,38172,107189
44422,38173,107190
44423,38174,107195
44424,38175,107194
44425,38176,107199
44426,38177,107204
44427,38178,107210
44428,38178,107209
44429,38179,107208
44430,38179,107209
44431,38180,107212
44432,38181,107213
44433,38182,107214
44434,38182,107216
44435,38183,107219
44436,38184,107218
44437,38185,107223
44438,38186,107225
44439,38187,107228
44440,38188,107231
44441,38189,107232
44442,38189,107231
44443,38190,107234
44444,38190,107235
44445,38191,107235
44446,38192,107239
44447,38193,107246
44448,38194,107243
44449,38194,107246
44450,38195,107250
44451,38195,107249
44452,38196,107252
44453,38197,107251
44454,38198,107254
44455,38199,107256
44456,38200,107257
44457,38201,107260
44458,38202,107262
44459,38203,107266
44460,38204,107265
44461,38204,107266
44462,38205,107268
44463,38206,107271
44464,38206,107274
44465,38207,107274
44466,38208,107276
44467,38209,107277
44468,38210,107279
44469,38211,107278
44470,38212,107282
44471,38213,107283
44472,38214,107284
44473,38215,107288
44474,38216,107287
44475,38217,107300
44476,38218,107299
44477,38219,107304
44478,38219,107303
44479,38220,107305
44480,38221,107311
44481,38222,107312
44482,38223,107320
44483,38224,107322
44484,38225,107325
44485,38226,107326
44486,38227,107330
44487,38228,107336
44488,38229,107338
44489,38230,107339
44490,38231,107343
44491,38231,107345
44492,38232,107344
44493,38233,107347
44494,38234,107348
44495,38235,107350
44496,38236,107356
44497,38236,107358
44498,38237,107358
44499,38238,107360
44500,38239,107377
44501,38240,107378
44502,38240,107381
44503,38241,107379
44504,38242,107386
44505,38243,107389
44506,38244,107388
44507,38245,107400
44508,38245,107401
44509,38246,107402
44510,38247,107406
44511,38248,107408
44512,38249,107414
44513,38250,107415
44514,38251,107422
44515,38252,107423
44516,38253,107425
44517,38254,107426
44518,38255,107427
44519,38256,107431
44520,38257,107436
44521,38257,107437
44522,38258,107440
44523,38259,107442
44524,38260,107446
44525,38261,107451
44526,38262,107450
44527,38262,107449
44528,38263,107453
44529,38264,107459
44530,38264,107458
44531,38265,107460
44532,38266,107465
44533,38267,107467
44534,38268,107470
44535,38269,107472
44536,38270,107475
44537,38271,107482
44538,38271,107484
44539,38272,107491
44540,38272,107492
44541,38273,107493
44542,38273,107495
44543,38274,107494
44544,38275,107502
44545,38276,107500
44546,38277,107503
44547,38278,107504
44548,38279,107508
44549,38280,107507
44550,38280,107509
44551,38281,107514
44552,38281,107516
44553,38282,107518
44554,38283,107521
44555,38284,107524
44556,38284,107523
44557,38285,107522
44558,38286,107528
44559,38287,107526
44560,38288,107533
44561,38289,107536
44562,38290,107534
44563,38290,107536
44564,38291,107537
44565,38292,107540
44566,38293,107539
44567,38294,107542
44568,38294,107541
44569,38295,107541
44570,38296,107543
44571,38297,107548
44572,38298,107550
44573,38299,107551
44574,38300,107556
44575,38300,107555
44576,38301,107564
44577,38302,107568
44578,38302,107569
44579,38303,107575
44580,38304,107576
44581,38305,107580
44582,38306,107581
44583,38307,107584
44584,38308,107586
44585,38309,107585
44586,38310,107587
44587,38311,107592
44588,38312,107593
44589,38313,107594
44590,38314,107603
44591,38315,107601
44592,38316,107606
44593,38317,107610
44594,38318,107611
44595,38318,107610
44596,38319,107628
44597,38320,107629
44598,38321,107630
44599,38322,107633
44600,38322,107631
44601,38323,107631
44602,38324,107636
44603,38324,107634
44604,38325,107634
44605,38326,107640
44606,38327,107641
44607,38328,107651
44608,38329,107650
44609,38329,107651
44610,38330,107656
44611,38330,107655
44612,38331,107654
44613,38332,107657
44614,38333,107664
44615,38334,107666
44616,38335,107667
44617,38336,107678
44618,38337,107679
44619,38338,107682
44620,38339,107683
44621,38340,107688
44622,38341,107691
44623,38342,107692
44624,38342,107691
44625,38343,107697
44626,38344,107696
44627,38344,107697
44628,38345,107705
44629,38346,107706
44630,38347,107708
44631,38348,107719
44632,38349,107718
44633,38350,107725
44634,38351,107724
44635,38352,107728
44636,38353,107727
44637,38354,107730
44638,38355,107735
44639,38356,107737
44640,38357,107743
44641,38358,107748
44642,38359,107749
44643,38359,107750
44644,38360,107752
44645,38360,107750
44646,38361,107755
44647,38361,107753
44648,38362,107757
44649,38363,107758
44650,38364,107762
44651,38365,107763
44652,38366,107765
44653,38366,107767
44654,38367,107766
44655,38368,107770
44656,38368,107769
44657,38369,107773
44658,38370,107776
44659,38370,107777
44660,38371,107781
44661,38372,107778
44662,38372,107781
44663,38373,107783
44664,38373,107782
44665,38374,107784
44666,38375,107787
44667,38376,107788
44668,38377,107789
44669,38378,107793
44670,38379,107795
44671,38379,107792
44672,38380,107796
44673,38381,107799
44674,38382,107801
44675,38383,107800
44676,38383,107801
44677,38384,107802
44678,38385,107808
44679,38385,107807
44680,38386,107812
44681,38387,107815
44682,38388,107817
44683,38389,107818
44684,38390,107826
44685,38391,107828
44686,38392,107827
44687,38393,107832
44688,38394,107830
44689,38395,107835
44690,38396,107837
44691,38397,107839
44692,38397,107840
44693,38398,107841
44694,38399,107847
44695,38399,107848
44696,38400,107848
44697,38400,107847
44698,38401,107849
44699,38402,107850
44700,38403,107852
44701,38404,107851
44702,38405,107853
44703,38406,107857
44704,38407,107855
44705,38408,107872
44706,38408,107870
44707,38409,107874
44708,38410,107879
44709,38411,107880
44710,38412,107882
44711,38413,107883
44712,38414,107886
44713,38414,107885
44714,38415,107890
44715,38416,107887
44716,38417,107892
44717,38418,107893
44718,38419,107897
44719,38420,107904
44720,38421,107906
44721,38422,107907
44722,38423,107909
44723,38424,107908
44724,38425,107912
44725,38426,107910
44726,38427,107915
44727,38428,107914
44728,38429,107917
44729,38429,107918
44730,38430,107919
44731,38430,107918
44732,38431,107922
44733,38432,107920
44734,38433,107930
44735,38434,107934
44736,38435,107937
44737,38436,107939
44738,38437,107946
44739,38438,107951
44740,38439,107954
44741,38440,107955
44742,38440,107952
44743,38441,107961
44744,38442,107960
44745,38443,107965
44746,38444,107970
44747,38444,107972
44748,38445,107971
44749,38445,107973
44750,38446,107974
44751,38447,107976
44752,38448,107977
44753,38449,107979
44754,38450,107981
44755,38451,107980
44756,38451,107981
44757,38452,107984
44758,38452,107983
44759,38453,107982
44760,38453,107984
44761,38454,107985
44762,38455,107986
44763,38456,107994
44764,38457,107996
44765,38458,108006
44766,38459,108008
44767,38460,108010
44768,38461,108015
44769,38462,108014
44770,38463,108017
44771,38463,108019
44772,38464,108019
44773,38465,108020
44774,38466,108022
44775,38467,108027
44776,38468,108025
44777,38469,108031
44778,38470,108034
44779,38471,108036
44780,38472,108037
44781,38473,108039
44782,38474,108040
44783,38475,108041
44784,38476,108045
44785,38477,108043
44786,38478,108047
44787,38479,108048
44788,38480,108051
44789,38481,108049
44790,38482,108056
44791,38483,108057
44792,38484,108059
44793,38485,108058
44794,38486,108061
44795,38487,108064
44796,38488,108066
44797,38489,108067
44798,38490,108068
44799,38491,108069
44800,38492,108075
44801,38493,108072
44802,38493,108073
44803,38494,108079
44804,38495,108086
44805,38495,108083
44806,38496,108096
44807,38497,108100
44808,38498,108099
44809,38498,108100
44810,38499,108104
44811,38499,108102
44812,38500,108101
44813,38501,108109
44814,38502,108112
44815,38503,108117
44816,38503,108116
44817,38504,108116
44818,38504,108117
44819,38505,108118
44820,38506,108122
44821,38507,108132
44822,38508,108140
44823,38509,108141
44824,38510,108145
44825,38510,108144
44826,38511,108144
44827,38511,108145
44828,38512,108146
44829,38513,108147
44830,38514,108148
44831,38515,108151
44832,38516,108154
44833,38517,108153
44834,38518,108159
44835,38519,108157
44836,38519,108159
44837,38520,108160
44838,38521,108162
44839,38522,108164
44840,38523,108169
44841,38524,108171
44842,38525,108172
44843,38526,108181
44844,38527,108180
44845,38528,108182
44846,38529,108183
44847,38530,108186
44848,38531,108185
44849,38532,108190
44850,38533,108189
44851,38534,108192
44852,38535,108195
44853,38536,108211
44854,38537,108213
44855,38538,108214
44856,38539,108221
44857,38540,108222
44858,38541,108229
44859,38542,108228
44860,38543,108235
44861,38544,108234
44862,38545,108236
44863,38546,108237
44864,38547,108238
44865,38548,108239
44866,38549,108244
44867,38550,108243
44868,38551,108248
44869,38552,108249
44870,38553,108260
44871,38554,108262
44872,38555,108264
44873,38556,108267
44874,38557,108270
44875,38558,108278
44876,38559,108281
44877,38560,108285
44878,38561,108284
44879,38561,108285
44880,38562,108286
44881,38562,108288
44882,38563,108288
44883,38564,108289
44884,38565,108291
44885,38566,108290
44886,38567,108292
44887,38567,108293
44888,38568,108293
44889,38569,108295
44890,38569,108297
44891,38570,108299
44892,38571,108298
44893,38572,108300
44894,38573,108302
44895,38574,108308
44896,38575,108307
44897,38576,108309
44898,38577,108312
44899,38578,108310
44900,38579,108313
44901,38580,108322
44902,38581,108324
44903,38581,108327
44904,38582,108325
44905,38583,108332
44906,38584,108336
44907,38585,108337
44908,38586,108342
44909,38587,108341
44910,38587,108343
44911,38588,108344
44912,38589,108349
44913,38590,108348
44914,38591,108356
44915,38592,108360
44916,38593,108361
44917,38594,108366
44918,38595,108372
44919,38596,108373
44920,38597,108377
44921,38598,108378
44922,38599,108380
44923,38600,108381
44924,38601,108383
44925,38601,108382
44926,38602,108385
44927,38603,108386
44928,38603,108388
44929,38604,108390
44930,38605,108389
44931,38606,108394
44932,38607,108395
44933,38608,108399
44934,38609,108397
44935,38609,108400
44936,38610,108401
44937,38611,108402
44938,38612,108405
44939,38613,108407
44940,38614,108409
44941,38615,108412
44942,38616,108413
44943,38617,108414
44944,38618,108416
44945,38619,108417
44946,38619,108416
44947,38620,108424
44948,38621,108431
44949,38622,108433
44950,38623,108432
44951,38624,108441
44952,38625,108442
44953,38626,108443
44954,38627,108448
44955,38628,108451
44956,38629,108454
44957,38629,108455
44958,38630,108455
44959,38631,108456
44960,38632,108457
44961,38633,108464
44962,38634,108469
44963,38635,108472
44964,38636,108471
44965,38637,108473
44966,38638,108475
44967,38639,108476
44968,38639,108475
44969,38640,108481
44970,38641,108483
44971,38641,108484
44972,38642,108492
44973,38643,108494
44974,38643,108493
44975,38644,108493
44976,38644,108494
44977,38645,108499
44978,38646,108498
44979,38647,108504
44980,38648,108505
44981,38649,108507
44982,38650,108510
44983,38650,108508
44984,38651,108509
44985,38652,108512
44986,38652,108514
44987,38653,108511
44988,38654,108519
44989,38655,108520
44990,38655,108517
44991,38656,108522
44992,38657,108521
44993,38658,108523
44994,38659,108524
44995,38660,108527
44996,38661,108529
44997,38662,108530
44998,38663,108531
44999,38664,108537
45000,38664,108538
45001,38665,108538
45002,38666,108542
45003,38666,108541
45004,38667,108541
45005,38668,108546
45006,38668,108547
45007,38669,108549
45008,38670,108555
45009,38670,108553
45010,38671,108554
45011,38671,108553
45012,38672,108557
45013,38673,108558
45014,38674,108562
45015,38674,108561
45016,38675,108564
45017,38676,108563
45018,38676,108564
45019,38677,108573
45020,38678,108571
45021,38679,108576
45022,38680,108575
45023,38681,108584
45024,38682,108581
45025,38683,108589
45026,38684,108590
45027,38684,108589
45028,38685,108594
45029,38686,108599
45030,38686,108596
45031,38687,108597
45032,38688,108601
45033,38689,108603
45034,38690,108604
45035,38691,108611
45036,38692,108613
45037,38692,108615
45038,38693,108616
45039,38694,108617
45040,38695,108618
45041,38696,108628
45042,38697,108630
45043,38698,108632
45044,38699,108647
45045,38700,108648
45046,38701,108649
45047,38702,108658
45048,38703,108666
45049,38704,108667
45050,38705,108670
45051,38705,108671
45052,38706,108674
45053,38707,108679
45054,38708,108681
45055,38709,108680
45056,38709,108681
45057,38710,108683
45058,38711,108685
45059,38711,108687
45060,38712,108684
45061,38713,108693
45062,38714,108695
45063,38715,108696
45064,38715,108695
45065,38716,108697
45066,38717,108701
45067,38717,108699
45068,38718,108699
45069,38719,108705
45070,38719,108704
45071,38720,108709
45072,38721,108711
45073,38722,108713
45074,38723,108715
45075,38724,108717
45076,38725,108720
45077,38726,108722
45078,38727,108724
45079,38728,108723
45080,38729,108725
45081,38730,108730
45082,38730,108731
45083,38731,108733
45084,38732,108732
45085,38733,108737
45086,38733,108735
45087,38734,108734
45088,38735,108738
45089,38736,108741
45090,38737,108742
45091,38738,108744
45092,38739,108747
45093,38740,108751
45094,38740,108750
45095,38741,108755
45096,38742,108756
45097,38743,108759
45098,38743,108760
45099,38744,108764
45100,38744,108762
45101,38745,108765
45102,38746,108766
45103,38747,108768
45104,38747,108769
45105,38748,108772
45106,38749,108770
45107,38749,108771
45108,38750,108773
45109,38751,108785
45110,38752,108791
45111,38753,108789
45112,38754,108792
45113,38755,108795
45114,38756,108796
45115,38757,108800
45116,38758,108799
45117,38759,108801
45118,38760,108806
45119,38760,108807
45120,38761,108807
45121,38762,108812
45122,38762,108813
45123,38763,108813
45124,38764,108814
45125,38765,108820
45126,38766,108823
45127,38767,108825
45128,38768,108827
45129,38769,108834
45130,38770,108846
45131,38771,108847
45132,38772,108852
45133,38773,108853
45134,38774,108855
45135,38774,108854
45136,38775,108854
45137,38775,108855
45138,38776,108856
45139,38777,108859
45140,38778,108866
45141,38779,108867
45142,38780,108869
45143,38781,108871
45144,38782,108870
45145,38783,108889
45146,38784,108890
45147,38785,108898
45148,38785,108899
45149,38786,108906
45150,38787,108908
45151,38788,108910
45152,38789,108911
45153,38790,108913
45154,38791,108917
45155,38792,108920
45156,38792,108918
45157,38793,108922
45158,38794,108921
45159,38794,108922
45160,38795,108924
45161,38796,108925
45162,38797,108930
45163,38798,108934
45164,38799,108937
45165,38799,108938
45166,38800,108939
45167,38801,108941
45168,38801,108940
45169,38802,108940
45170,38803,108944
45171,38803,108942
45172,38804,108945
45173,38805,108951
45174,38806,108954
45175,38807,108958
45176,38808,108962
45177,38808,108959
45178,38809,108959
45179,38810,108964
45180,38810,108963
45181,38811,108967
45182,38811,108966
45183,38812,108966
45184,38813,108969
45185,38814,108970
45186,38815,108971
45187,38816,108973
45188,38817,108978
45189,38818,108979
45190,38819,108980
45191,38820,108984
45192,38821,108993
45193,38822,108995
45194,38823,109005
45195,38824,109012
45196,38825,109014
45197,38826,109018
45198,38826,109019
45199,38827,109032
45200,38828,109036
45201,38829,109037
45202,38830,109039
45203,38831,109041
45204,38832,109042
45205,38832,109041
45206,38833,109044
45207,38834,109046
45208,38835,109047
45209,38836,109048
45210,38837,109052
45211,38838,109055
45212,38839,109054
45213,38840,109058
45214,38841,109057
45215,38842,109061
45216,38843,109060
45217,38843,109061
45218,38844,109075
45219,38845,109078
45220,38845,109077
45221,38846,109084
45222,38847,109082
45223,38847,109083
45224,38848,109086
45225,38849,109091
45226,38850,109090
45227,38851,109094
45228,38851,109095
45229,38852,109095
45230,38853,109099
45231,38854,109100
45232,38855,109103
45233,38855,109102
45234,38856,109107
45235,38857,109114
45236,38858,109115
45237,38859,109117
45238,38859,109118
45239,38860,109120
45240,38860,109117
45241,38861,109122
45242,38862,109125
45243,38863,109131
45244,38864,109132
45245,38864,109131
45246,38865,109134
45247,38866,109133
45248,38867,109140
45249,38868,109143
45250,38869,109147
45251,38870,109146
45252,38870,109145
45253,38871,109157
45254,38872,109158
45255,38873,109167
45256,38874,109172
45257,38874,109171
45258,38875,109175
45259,38876,109176
45260,38876,109178
45261,38877,109179
45262,38878,109181
45263,38878,109180
45264,38879,109180
45265,38880,109183
45266,38881,109186
45267,38882,109191
45268,38883,109195
45269,38884,109196
45270,38884,109198
45271,38885,109200
45272,38885,109199
45273,38886,109199
45274,38887,109201
45275,38888,109205
45276,38889,109208
45277,38890,109207
45278,38891,109210
45279,38892,109211
45280,38892,109213
45281,38893,109213
45282,38894,109215
45283,38894,109216
45284,38895,109214
45285,38895,109215
45286,38896,109219
45287,38897,109220
45288,38898,109224
45289,38899,109225
45290,38900,109227
45291,38901,109236
45292,38902,109242
45293,38903,109249
45294,38904,109247
45295,38905,109251
45296,38906,109250
45297,38907,109252
45298,38908,109254
45299,38908,109253
45300,38909,109258
45301,38910,109256
45302,38911,109262
45303,38912,109261
45304,38912,109263
45305,38913,109266
45306,38914,109267
45307,38915,109268
45308,38916,109270
45309,38917,109277
45310,38917,109278
45311,38918,109278
45312,38919,109280
45313,38920,109282
45314,38921,109289
45315,38922,109293
45316,38923,109294
45317,38924,109296
45318,38924,109295
45319,38925,109295
45320,38926,109299
45321,38927,109302
45322,38928,109309
45323,38928,109308
45324,38929,109308
45325,38930,109313
45326,38931,109312
45327,38932,109316
45328,38932,109315
45329,38933,109315
45330,38934,109324
45331,38935,109325
45332,38936,109326
45333,38937,109327
45334,38937,109326
45335,38938,109330
45336,38939,109334
45337,38940,109333
45338,38940,109334
45339,38941,109336
45340,38942,109341
45341,38943,109344
45342,38944,109348
45343,38945,109347
45344,38946,109353
45345,38946,109354
45346,38947,109359
45347,38948,109360
45348,38948,109359
45349,38949,109365
45350,38950,109366
45351,38951,109367
45352,38952,109371
45353,38953,109377
45354,38954,109376
45355,38955,109382
45356,38956,109386
45357,38956,109387
45358,38957,109391
45359,38958,109393
45360,38959,109399
45361,38960,109403
45362,38960,109404
45363,38961,109402
45364,38962,109406
45365,38962,109407
45366,38963,109409
45367,38964,109410
45368,38965,109414
45369,38966,109413
45370,38967,109421
45371,38968,109420
45372,38969,109425
45373,38970,109426
45374,38971,109427
45375,38972,109429
45376,38973,109430
45377,38974,109432
45378,38975,109435
45379,38976,109438
45380,38977,109437
45381,38977,109438
45382,38978,109439
45383,38979,109444
45384,38980,109451
45385,38981,109460
45386,38982,109464
45387,38983,109468
45388,38984,109470
45389,38985,109474
45390,38986,109477
45391,38987,109478
45392,38987,109477
45393,38988,109484
45394,38989,109486
45395,38990,109489
45396,38991,109492
45397,38991,109491
45398,38992,109493
45399,38993,109494
45400,38994,109497
45401,38994,109496
45402,38995,109498
45403,38996,109503
45404,38997,109507
45405,38998,109505
45406,38999,109509
45407,39000,109510
45408,39001,109513
45409,39002,109517
45410,39003,109518
45411,39004,109520
45412,39005,109521
45413,39006,109522
45414,39007,109525
45415,39008,109526
45416,39009,109527
45417,39010,109530
45418,39010,109528
45419,39011,109534
45420,39012,109533
45421,39013,109535
45422,39014,109536
45423,39015,109538
45424,39016,109537
45425,39017,109540
45426,39017,109542
45427,39018,109548
45428,39019,109550
45429,39020,109549
45430,39021,109553
45431,39022,109556
45432,39023,109557
45433,39024,109561
45434,39025,109572
45435,39026,109579
45436,39026,109576
45437,39027,109578
45438,39028,109581
45439,39029,109585
45440,39029,109584
45441,39030,109584
45442,39031,109591
45443,39032,109603
45444,39032,109602
45445,39033,109604
45446,39034,109605
45447,39035,109606
45448,39036,109607
45449,39037,109608
45450,39038,109610
45451,39039,109609
45452,39040,109612
45453,39041,109615
45454,39042,109616
45455,39043,109617
45456,39044,109618
45457,39045,109619
45458,39046,109620
45459,39047,109621
45460,39048,109622
45461,39049,109626
45462,39050,109629
45463,39051,109631
45464,39052,109633
45465,39053,109647
45466,39054,109651
45467,39055,109652
45468,39056,109653
45469,39056,109655
45470,39057,109654
45471,39058,109656
45472,39059,109658
45473,39060,109659
45474,39061,109664
45475,39062,109665
45476,39063,109680
45477,39064,109683
45478,39064,109681
45479,39065,109688
45480,39066,109690
45481,39067,109693
45482,39067,109691
45483,39068,109692
45484,39069,109695
45485,39070,109694
45486,39070,109695
45487,39071,109696
45488,39072,109697
45489,39073,109698
45490,39073,109697
45491,39074,109699
45492,39075,109700
45493,39076,109705
45494,39077,109706
45495,39078,109708
45496,39079,109713
45497,39080,109714
45498,39081,109719
45499,39082,109720
45500,39083,109723
45501,39083,109722
45502,39084,109722
45503,39084,109721
45504,39085,109725
45505,39086,109729
45506,39087,109730
45507,39088,109731
45508,39088,109733
45509,39089,109734
45510,39090,109740
45511,39090,109741
45512,39091,109741
45513,39092,109745
45514,39093,109743
45515,39094,109750
45516,39095,109749
45517,39096,109754
45518,39097,109757
45519,39098,109762
45520,39099,109763
45521,39100,109764
45522,39101,109768
45523,39102,109767
45524,39103,109771
45525,39104,109770
45526,39105,109778
45527,39105,109777
45528,39106,109780
45529,39107,109781
45530,39108,109783
45531,39109,109782
45532,39110,109789
45533,39111,109792
45534,39112,109795
45535,39112,109794
45536,39113,109796
45537,39113,109794
45538,39114,109802
45539,39115,109804
45540,39116,109803
45541,39117,109806
45542,39118,109807
45543,39119,109810
45544,39120,109811
45545,39121,109812
45546,39121,109814
45547,39122,109814
45548,39123,109818
45549,39124,109819
45550,39125,109820
45551,39126,109821
45552,39127,109825
45553,39128,109827
45554,39129,109831
45555,39130,109833
45556,39131,109842
45557,39132,109841
45558,39133,109845
45559,39134,109846
45560,39135,109849
45561,39136,109848
45562,39137,109852
45563,39137,109851
45564,39138,109851
45565,39138,109852
45566,39139,109859
45567,39139,109860
45568,39140,109860
45569,39141,109862
45570,39142,109863
45571,39143,109866
45572,39143,109867
45573,39144,109869
45574,39145,109871
45575,39146,109886
45576,39146,109885
45577,39147,109885
45578,39148,109891
45579,39149,109892
45580,39150,109897
45581,39150,109898
45582,39151,109898
45583,39152,109899
45584,39153,109903
45585,39154,109904
45586,39155,109907
45587,39156,109909
45588,39157,109920
45589,39158,109921
45590,39159,109922
45591,39160,109924
45592,39161,109928
45593,39162,109930
45594,39163,109929
45595,39163,109930
45596,39164,109931
45597,39165,109932
45598,39166,109933
45599,39167,109936
45600,39168,109939
45601,39169,109938
45602,39170,109942
45603,39171,109944
45604,39172,109948
45605,39173,109957
45606,39174,109956
45607,39175,109958
45608,39176,109959
45609,39177,109960
45610,39178,109964
45611,39179,109966
45612,39180,109967
45613,39180,109966
45614,39181,109971
45615,39182,109977
45616,39183,109978
45617,39184,109979
45618,39185,109982
45619,39186,109983
45620,39187,109987
45621,39187,109985
45622,39188,109997
45623,39189,109998
45624,39190,109999
45625,39191,110001
45626,39192,110000
45627,39193,110002
45628,39194,110005
45629,39195,110007
45630,39196,110006
45631,39197,110011
45632,39198,110010
45633,39199,110012
45634,39200,110015
45635,39201,110014
45636,39202,110019
45637,39203,110018
45638,39204,110021
45639,39205,110020
45640,39206,110029
45641,39207,110030
45642,39208,110037
45643,39209,110044
45644,39210,110046
45645,39211,110049
45646,39212,110053
45647,39213,110052
45648,39214,110054
45649,39215,110057
45650,39215,110058
45651,39216,110060
45652,39217,110061
45653,39218,110064
45654,39218,110065
45655,39219,110067
45656,39220,110066
45657,39221,110068
45658,39222,110070
45659,39223,110074
45660,39224,110076
45661,39225,110077
45662,39226,110084
45663,39227,110082
45664,39228,110088
45665,39228,110087
45666,39229,110089
45667,39230,110091
45668,39231,110096
45669,39232,110102
45670,39233,110103
45671,39234,110104
45672,39235,110106
45673,39236,110111
45674,39237,110112
45675,39238,110113
45676,39239,110116
45677,39240,110117
45678,39241,110118
45679,39242,110123
45680,39243,110122
45681,39244,110127
45682,39245,110128
45683,39246,110131
45684,39247,110130
45685,39248,110137
45686,39249,110138
45687,39250,110142
45688,39251,110143
45689,39252,110146
45690,39252,110147
45691,39253,110147
45692,39254,110152
45693,39255,110153
45694,39256,110161
45695,39257,110163
45696,39258,110169
45697,39258,110168
45698,39259,110168
45699,39260,110170
45700,39261,110171
45701,39262,110172
45702,39262,110171
45703,39263,110175
45704,39264,110178
45705,39265,110179
45706,39266,110180
45707,39266,110179
45708,39267,110186
45709,39268,110185
45710,39269,110191
45711,39270,110193
45712,39271,110194
45713,39271,110193
45714,39272,110203
45715,39273,110204
45716,39274,110205
45717,39275,110208
45718,39276,110209
45719,39277,110216
45720,39277,110218
45721,39278,110220
45722,39279,110221
45723,39280,110225
45724,39281,110238
45725,39282,110237
45726,39283,110250
45727,39284,110247
45728,39284,110250
45729,39285,110252
45730,39286,110255
45731,39286,110256
45732,39287,110256
45733,39287,110255
45734,39288,110261
45735,39289,110264
45736,39290,110267
45737,39291,110270
45738,39292,110278
45739,39293,110277
45740,39294,110280
45741,39294,110281
45742,39295,110281
45743,39296,110287
45744,39297,110285
45745,39298,110289
45746,39299,110290
45747,39300,110291
45748,39301,110292
45749,39302,110297
45750,39303,110295
45751,39304,110303
45752,39305,110305
45753,39306,110307
45754,39306,110306
45755,39307,110308
45756,39308,110313
45757,39309,110312
45758,39310,110319
45759,39311,110325
45760,39312,110327
45761,39313,110328
45762,39314,110332
45763,39315,110343
45764,39316,110344
45765,39317,110346
45766,39318,110352
45767,39319,110353
45768,39320,110356
45769,39320,110354
45770,39321,110357
45771,39322,110359
45772,39323,110361
45773,39324,110365
45774,39325,110367
45775,39325,110366
45776,39326,110368
45777,39327,110369
45778,39328,110370
45779,39329,110371
45780,39330,110374
45781,39331,110376
45782,39332,110377
45783,39333,110378
45784,39334,110380
45785,39335,110381
45786,39336,110385
45787,39337,110393
45788,39337,110391
45789,39338,110397
45790,39339,110401
45791,39340,110402
45792,39341,110405
45793,39342,110407
45794,39343,110409
45795,39343,110410
45796,39344,110410
45797,39345,110412
45798,39346,110411
45799,39347,110427
45800,39348,110431
45801,39349,110436
45802,39350,110439
45803,39351,110441
45804,39352,110442
45805,39353,110447
45806,39354,110448
45807,39355,110453
45808,39355,110451
45809,39356,110454
45810,39357,110462
45811,39358,110464
45812,39359,110468
45813,39360,110476
45814,39361,110478
45815,39362,110480
45816,39363,110481
45817,39363,110479
45818,39364,110483
45819,39365,110485
45820,39366,110488
45821,39367,110492
45822,39368,110500
45823,39368,110499
45824,39369,110502
45825,39370,110512
45826,39371,110514
45827,39371,110513
45828,39372,110516
45829,39372,110517
45830,39373,110517
45831,39374,110520
45832,39375,110519
45833,39376,110523
45834,39376,110522
45835,39377,110521
45836,39378,110526
45837,39379,110531
45838,39380,110538
45839,39381,110541
45840,39382,110540
45841,39383,110542
45842,39384,110543
45843,39385,110544
45844,39386,110545
45845,39386,110544
45846,39387,110552
45847,39387,110553
45848,39388,110553
45849,39388,110550
45850,39389,110555
45851,39390,110554
45852,39390,110555
45853,39391,110561
45854,39392,110564
45855,39393,110565
45856,39394,110567
45857,39395,110566
45858,39395,110567
45859,39396,110569
45860,39397,110575
45861,39397,110574
45862,39398,110591
45863,39399,110592
45864,39400,110598
45865,39401,110599
45866,39402,110603
45867,39403,110605
45868,39404,110608
45869,39405,110612
45870,39406,110614
45871,39407,110618
45872,39407,110617
45873,39408,110617
45874,39409,110622
45875,39410,110621
45876,39411,110623
45877,39412,110624
45878,39413,110630
45879,39414,110632
45880,39415,110633
45881,39416,110639
45882,39417,110645
45883,39418,110647
45884,39419,110651
45885,39420,110658
45886,39421,110662
45887,39422,110667
45888,39423,110668
45889,39424,110669
45890,39425,110672
45891,39426,110673
45892,39427,110680
45893,39428,110683
45894,39429,110684
45895,39430,110685
45896,39430,110686
45897,39431,110689
45898,39432,110687
45899,39433,110691
45900,39434,110694
45901,39435,110696
45902,39436,110697
45903,39436,110699
45904,39437,110700
45905,39438,110701
45906,39439,110703
45907,39439,110702
45908,39440,110704
45909,39441,110706
45910,39442,110705
45911,39443,110709
45912,39444,110707
45913,39444,110710
45914,39445,110713
45915,39446,110716
45916,39447,110715
45917,39448,110719
45918,39448,110722
45919,39449,110725
45920,39450,110724
45921,39451,110726
45922,39452,110729
45923,39453,110730
45924,39454,110748
45925,39455,110747
45926,39456,110750
45927,39456,110751
45928,39457,110752
45929,39458,110756
45930,39459,110758
45931,39460,110759
45932,39461,110765
45933,39462,110766
45934,39463,110771
45935,39464,110778
45936,39465,110786
45937,39466,110787
45938,39467,110788
45939,39468,110790
45940,39469,110797
45941,39470,110795
45942,39471,110799
45943,39472,110800
45944,39473,110802
45945,39474,110803
45946,39475,110805
45947,39476,110807
45948,39477,110809
45949,39478,110810
45950,39479,110819
45951,39480,110817
45952,39481,110822
45953,39482,110823
45954,39483,110824
45955,39484,110826
45956,39485,110832
45957,39486,110834
45958,39487,110835
45959,39488,110837
45960,39489,110842
45961,39490,110841
45962,39491,110847
45963,39492,110851
45964,39493,110852
45965,39494,110861
45966,39495,110862
45967,39496,110868
45968,39496,110869
45969,39497,110877
45970,39498,110876
45971,39498,110877
45972,39499,110879
45973,39500,110880
45974,39501,110881
45975,39502,110883
45976,39503,110890
45977,39504,110892
45978,39505,110891
45979,39505,110892
45980,39506,110895
45981,39506,110896
45982,39507,110906
45983,39508,110905
45984,39509,110912
45985,39510,110913
45986,39510,110914
45987,39511,110914
45988,39511,110913
45989,39512,110920
45990,39513,110923
45991,39514,110922
45992,39515,110930
45993,39516,110931
45994,39517,110933
45995,39518,110934
45996,39519,110935
45997,39520,110936
45998,39521,110939
45999,39522,110941
46000,39522,110942
46001,39523,110942
46002,39524,110944
46003,39525,110943
46004,39526,110945
46005,39527,110952
46006,39528,110953
46007,39529,110957
46008,39530,110958
46009,39531,110964
46010,39531,110962
46011,39532,110965
46012,39533,110969
46013,39534,110972
46014,39535,110973
46015,39536,110980
46016,39537,110982
46017,39538,110986
46018,39538,110984
46019,39539,110988
46020,39539,110987
46021,39540,110989
46022,39541,110998
46023,39542,110999
46024,39543,111000
46025,39544,111002
46026,39544,111000
46027,39545,111007
46028,39546,111011
46029,39547,111014
46030,39548,111013
46031,39549,111028
46032,39549,111026
46033,39550,111027
46034,39550,111026
46035,39551,111030
46036,39552,111029
46037,39553,111031
46038,39554,111032
46039,39555,111036
46040,39556,111039
46041,39557,111041
46042,39558,111042
46043,39559,111044
46044,39559,111043
46045,39560,111053
46046,39561,111050
46047,39561,111051
46048,39562,111054
46049,39563,111060
46050,39564,111064
46051,39565,111063
46052,39566,111068
46053,39567,111065
46054,39567,111068
46055,39568,111074
46056,39569,111079
46057,39570,111084
46058,39571,111086
46059,39571,111088
46060,39572,111088
46061,39572,111086
46062,39573,111089
46063,39574,111093
46064,39575,111098
46065,39576,111100
46066,39576,111098
46067,39577,111101
46068,39577,111102
46069,39578,111102
46070,39579,111106
46071,39580,111114
46072,39581,111115
46073,39582,111116
46074,39583,111117
46075,39584,111119
46076,39585,111122
46077,39586,111121
46078,39587,111126
46079,39588,111127
46080,39589,111129
46081,39590,111128
46082,39591,111132
46083,39592,111136
46084,39593,111141
46085,39594,111140
46086,39595,111142
46087,39596,111144
46088,39597,111147
46089,39598,111149
46090,39599,111153
46091,39600,111154
46092,39601,111156
46093,39602,111163
46094,39603,111162
46095,39604,111166
46096,39604,111165
46097,39605,111174
46098,39605,111173
46099,39606,111175
46100,39607,111177
46101,39607,111176
46102,39608,111178
46103,39609,111180
46104,39610,111184
46105,39611,111187
46106,39612,111190
46107,39613,111189
46108,39614,111202
46109,39615,111203
46110,39615,111202
46111,39616,111205
46112,39617,111204
46113,39618,111208
46114,39618,111207
46115,39619,111209
46116,39620,111210
46117,39621,111216
46118,39622,111217
46119,39623,111221
46120,39623,111219
46121,39624,111222
46122,39625,111224
46123,39626,111223
46124,39627,111234
46125,39628,111240
46126,39629,111244
46127,39630,111243
46128,39631,111245
46129,39632,111249
46130,39633,111250
46131,39634,111252
46132,39635,111255
46133,39636,111256
46134,39637,111263
46135,39638,111267
46136,39639,111269
46137,39640,111271
46138,39641,111270
46139,39642,111272
46140,39642,111274
46141,39643,111274
46142,39644,111279
46143,39645,111283
46144,39646,111291
46145,39647,111302
46146,39648,111304
46147,39649,111307
46148,39650,111308
46149,39651,111310
46150,39652,111311
46151,39653,111316
46152,39654,111318
46153,39654,111319
46154,39655,111322
46155,39656,111325
46156,39656,111326
46157,39657,111329
46158,39657,111330
46159,39658,111334
46160,39659,111335
46161,39660,111336
46162,39661,111337
46163,39662,111339
46164,39663,111343
46165,39664,111344
46166,39665,111345
46167,39666,111351
46168,39667,111350
46169,39668,111356
46170,39669,111359
46171,39670,111360
46172,39670,111361
46173,39671,111361
46174,39671,111360
46175,39672,111362
46176,39673,111373
46177,39674,111371
46178,39675,111374
46179,39676,111375
46180,39677,111382
46181,39678,111383
46182,39678,111381
46183,39679,111387
46184,39680,111388
46185,39680,111387
46186,39681,111390
46187,39682,111400
46188,39683,111401
46189,39684,111404
46190,39685,111406
46191,39686,111407
46192,39687,111409
46193,39688,111408
46194,39689,111418
46195,39690,111425
46196,39691,111429
46197,39692,111428
46198,39693,111438
46199,39693,111435
46200,39694,111439
46201,39695,111448
46202,39696,111455
46203,39697,111456
46204,39698,111457
46205,39699,111469
46206,39700,111468
46207,39700,111467
46208,39701,111471
46209,39702,111473
46210,39703,111472
46211,39704,111476
46212,39705,111478
46213,39706,111477
46214,39707,111487
46215,39707,111488
46216,39708,111495
46217,39709,111496
46218,39710,111501
46219,39711,111503
46220,39712,111502
46221,39713,111507
46222,39714,111511
46223,39715,111516
46224,39716,111517
46225,39717,111519
46226,39718,111520
46227,39719,111522
46228,39719,111523
46229,39720,111524
46230,39721,111527
46231,39722,111526
46232,39723,111529
46233,39724,111531
46234,39725,111534
46235,39726,111535
46236,39727,111537
46237,39728,111536
46238,39729,111539
46239,39730,111540
46240,39731,111541
46241,39731,111540
46242,39732,111547
46243,39733,111548
46244,39734,111553
46245,39735,111557
46246,39736,111560
46247,39737,111564
46248,39738,111566
46249,39738,111567
46250,39739,111569
46251,39740,111572
46252,39741,111573
46253,39742,111575
46254,39743,111576
46255,39744,111584
46256,39745,111589
46257,39746,111591
46258,39747,111595
46259,39748,111594
46260,39749,111598
46261,39750,111596
46262,39751,111601
46263,39751,111600
46264,39752,111603
46265,39753,111605
46266,39754,111613
46267,39755,111617
46268,39755,111616
46269,39756,111619
46270,39757,111620
46271,39758,111627
46272,39759,111628
46273,39760,111631
46274,39761,111634
46275,39762,111633
46276,39763,111649
46277,39764,111650
46278,39765,111651
46279,39766,111654
46280,39767,111655
46281,39768,111656
46282,39769,111657
46283,39769,111658
46284,39770,111661
46285,39771,111659
46286,39772,111664
46287,39773,111671
46288,39774,111672
46289,39775,111678
46290,39776,111686
46291,39777,111687
46292,39778,111693
46293,39779,111694
46294,39780,111695
46295,39781,111710
46296,39782,111713
46297,39783,111725
46298,39784,111726
46299,39785,111727
46300,39786,111728
46301,39787,111729
46302,39788,111735
46303,39789,111736
46304,39790,111739
46305,39791,111740
46306,39791,111739
46307,39792,111746
46308,39793,111749
46309,39794,111752
46310,39794,111753
46311,39795,111755
46312,39795,111757
46313,39796,111760
46314,39797,111761
46315,39798,111764
46316,39799,111763
46317,39800,111768
46318,39801,111771
46319,39802,111773
46320,39803,111777
46321,39803,111776
46322,39804,111778
46323,39805,111779
46324,39806,111781
46325,39807,111780
46326,39808,111791
46327,39809,111792
46328,39810,111796
46329,39811,111799
46330,39812,111798
46331,39812,111799
46332,39813,111808
46333,39814,111814
46334,39814,111816
46335,39815,111817
46336,39816,111824
46337,39817,111827
46338,39818,111828
46339,39819,111830
46340,39819,111829
46341,39820,111829
46342,39821,111833
46343,39822,111832
46344,39823,111835
46345,39824,111834
46346,39825,111839
46347,39825,111840
46348,39826,111841
46349,39827,111842
46350,39827,111843
46351,39828,111844
46352,39829,111845
46353,39830,111846
46354,39831,111847
46355,39832,111854
46356,39833,111855
46357,39834,111858
46358,39834,111859
46359,39835,111860
46360,39836,111861
46361,39837,111862
46362,39838,111865
46363,39839,111869
46364,39840,111870
46365,39841,111877
46366,39842,111876
46367,39843,111879
46368,39844,111881
46369,39845,111884
46370,39846,111885
46371,39847,111886
46372,39848,111888
46373,39849,111893
46374,39850,111895
46375,39851,111894
46376,39852,111897
46377,39853,111896
46378,39854,111900
46379,39855,111914
46380,39856,111913
46381,39856,111912
46382,39857,111915
46383,39858,111916
46384,39859,111917
46385,39860,111922
46386,39861,111924
46387,39862,111923
46388,39862,111924
46389,39863,111927
46390,39863,111926
46391,39864,111925
46392,39864,111927
46393,39865,111930
46394,39865,111928
46395,39866,111929
46396,39867,111934
46397,39868,111935
46398,39869,111937
46399,39870,111940
46400,39871,111946
46401,39872,111947
46402,39873,111949
46403,39874,111950
46404,39874,111948
46405,39875,111953
46406,39875,111954
46407,39876,111955
46408,39877,111957
46409,39878,111958
46410,39879,111961
46411,39880,111963
46412,39881,111968
46413,39882,111969
46414,39883,111970
46415,39884,111973
46416,39885,111977
46417,39886,111978
46418,39887,111981
46419,39888,111980
46420,39889,111983
46421,39890,111985
46422,39891,111984
46423,39892,111986
46424,39893,111987
46425,39893,111988
46426,39894,111992
46427,39895,111996
46428,39896,111995
46429,39897,112005
46430,39898,112006
46431,39899,112007
46432,39900,112008
46433,39901,112009
46434,39901,112010
46435,39902,112018
46436,39903,112020
46437,39904,112026
46438,39905,112028
46439,39906,112029
46440,39907,112031
46441,39908,112033
46442,39909,112034
46443,39909,112033
46444,39910,112035
46445,39911,112036
46446,39912,112040
46447,39912,112039
46448,39913,112043
46449,39913,112044
46450,39914,112046
46451,39914,112045
46452,39915,112048
46453,39916,112049
46454,39917,112054
46455,39918,112062
46456,39919,112065
46457,39920,112064
46458,39920,112065
46459,39921,112071
46460,39922,112070
46461,39923,112072
46462,39923,112073
46463,39924,112073
46464,39924,112072
46465,39925,112077
46466,39926,112076
46467,39927,112079
46468,39928,112085
46469,39929,112086
46470,39930,112087
46471,39931,112089
46472,39932,112092
46473,39933,112096
46474,39934,112099
46475,39935,112103
46476,39936,112105
46477,39937,112106
46478,39938,112107
46479,39939,112109
46480,39940,112110
46481,39941,112125
46482,39942,112126
46483,39943,112137
46484,39944,112138
46485,39944,112140
46486,39945,112142
46487,39946,112148
46488,39947,112149
46489,39948,112153
46490,39949,112159
46491,39950,112161
46492,39951,112160
46493,39952,112172
46494,39953,112176
46495,39953,112177
46496,39954,112174
46497,39955,112183
46498,39956,112182
46499,39957,112193
46500,39957,112190
46501,39958,112192
46502,39959,112195
46503,39959,112194
46504,39960,112196
46505,39960,112195
46506,39961,112199
46507,39962,112203
46508,39963,112206
46509,39964,112208
46510,39965,112210
46511,39966,112211
46512,39966,112210
46513,39967,112212
46514,39968,112216
46515,39969,112227
46516,39970,112228
46517,39971,112230
46518,39972,112231
46519,39973,112232
46520,39974,112234
46521,39975,112235
46522,39976,112236
46523,39977,112239
46524,39977,112237
46525,39978,112240
46526,39979,112241
46527,39980,112243
46528,39981,112245
46529,39982,112246
46530,39982,112247
46531,39983,112261
46532,39984,112263
46533,39985,112264
46534,39986,112270
46535,39987,112274
46536,39988,112277
46537,39989,112281
46538,39990,112280
46539,39991,112282
46540,39992,112284
46541,39993,112296
46542,39994,112293
46543,39995,112297
46544,39995,112298
46545,39996,112298
46546,39997,112300
46547,39998,112301
46548,39999,112305
46549,40000,112313
46550,40001,112317
46551,40002,112323
46552,40003,112324
46553,40004,112328
46554,40005,112334
46555,40006,112336
46556,40006,112338
46557,40007,112340
46558,40007,112341
46559,40008,112343
46560,40008,112344
46561,40009,112344
46562,40010,112348
46563,40011,112350
46564,40012,112355
46565,40013,112361
46566,40014,112363
46567,40015,112364
46568,40016,112369
46569,40017,112372
46570,40018,112376
46571,40019,112377
46572,40019,112380
46573,40020,112381
46574,40021,112385
46575,40022,112384
46576,40023,112386
46577,40024,112390
46578,40025,112395
46579,40026,112398
46580,40027,112401
46581,40028,112400
46582,40028,112401
46583,40029,112405
46584,40030,112404
46585,40031,112412
46586,40032,112417
46587,40032,112415
46588,40033,112424
46589,40034,112423
46590,40034,112422
46591,40035,112426
46592,40035,112425
46593,40036,112427
46594,40037,112429
46595,40038,112430
46596,40039,112432
46597,40040,112435
46598,40041,112439
46599,40042,112437
46600,40043,112442
46601,40044,112444
46602,40045,112446
46603,40046,112447
46604,40047,112450
46605,40048,112453
46606,40048,112452
46607,40049,112452
46608,40050,112455
46609,40051,112461
46610,40052,112467
46611,40052,112466
46612,40053,112469
46613,40054,112470
46614,40055,112471
46615,40056,112473
46616,40057,112474
46617,40057,112475
46618,40058,112475
46619,40059,112479
46620,40059,112477
46621,40060,112477
46622,40061,112482
46623,40061,112480
46624,40062,112487
46625,40063,112484
46626,40064,112491
46627,40065,112492
46628,40066,112493
46629,40067,112494
46630,40068,112495
46631,40069,112498
46632,40069,112501
46633,40070,112499
46634,40071,112504
46635,40072,112502
46636,40073,112505
46637,40074,112506
46638,40075,112507
46639,40076,112512
46640,40077,112510
46641,40078,112513
46642,40079,112517
46643,40079,112515
46644,40080,112514
46645,40081,112518
46646,40082,112524
46647,40083,112523
46648,40083,112524
46649,40084,112528
46650,40085,112530
46651,40085,112529
46652,40086,112532
46653,40087,112531
46654,40088,112534
46655,40089,112541
46656,40090,112539
46657,40091,112546
46658,40092,112549
46659,40093,112550
46660,40094,112551
46661,40095,112554
46662,40096,112557
46663,40097,112559
46664,40098,112561
46665,40099,112562
46666,40100,112563
46667,40101,112565
46668,40102,112567
46669,40103,112569
46670,40104,112572
46671,40105,112574
46672,40106,112577
46673,40107,112578
46674,40107,112579
46675,40108,112587
46676,40109,112584
46677,40109,112585
46678,40110,112589
46679,40111,112588
46680,40112,112590
46681,40113,112599
46682,40114,112597
46683,40115,112600
46684,40116,112605
46685,40117,112610
46686,40118,112627
46687,40119,112628
46688,40120,112635
46689,40121,112633
46690,40122,112636
46691,40123,112637
46692,40123,112636
46693,40124,112639
46694,40125,112638
46695,40125,112639
46696,40126,112643
46697,40127,112651
46698,40128,112653
46699,40129,112652
46700,40130,112656
46701,40131,112661
46702,40132,112662
46703,40132,112661
46704,40133,112665
46705,40133,112663
46706,40134,112672
46707,40135,112677
46708,40136,112679
46709,40137,112680
46710,40138,112681
46711,40139,112682
46712,40140,112687
46713,40141,112685
46714,40141,112686
46715,40142,112691
46716,40143,112695
46717,40144,112697
46718,40145,112696
46719,40145,112697
46720,40146,112704
46721,40147,112701
46722,40148,112705
46723,40149,112706
46724,40149,112709
46725,40150,112709
46726,40151,112710
46727,40152,112711
46728,40153,112712
46729,40154,112717
46730,40155,112716
46731,40156,112720
46732,40157,112722
46733,40158,112723
46734,40159,112725
46735,40160,112726
46736,40161,112728
46737,40162,112729
46738,40163,112732
46739,40164,112737
46740,40165,112751
46741,40166,112750
46742,40167,112753
46743,40168,112755
46744,40169,112758
46745,40170,112759
46746,40171,112762
46747,40172,112763
46748,40173,112766
46749,40173,112765
46750,40174,112765
46751,40174,112766
46752,40175,112775
46753,40175,112774
46754,40176,112776
46755,40177,112778
46756,40178,112777
46757,40179,112784
46758,40180,112785
46759,40180,112784
46760,40181,112787
46761,40182,112795
46762,40183,112798
46763,40184,112799
46764,40185,112810
46765,40186,112814
46766,40187,112822
46767,40187,112819
46768,40188,112819
46769,40189,112824
46770,40189,112825
46771,40190,112825
46772,40191,112828
46773,40192,112830
46774,40193,112832
46775,40194,112833
46776,40194,112832
46777,40195,112838
46778,40196,112841
46779,40197,112846
46780,40198,112849
46781,40199,112850
46782,40199,112851
46783,40200,112852
46784,40201,112857
46785,40202,112860
46786,40203,112858
46787,40204,112862
46788,40205,112865
46789,40205,112866
46790,40206,112866
46791,40207,112867
46792,40208,112869
46793,40209,112870
46794,40210,112871
46795,40211,112872
46796,40212,112873
46797,40212,112872
46798,40213,112875
46799,40214,112879
46800,40215,112878
46801,40215,112879
46802,40216,112881
46803,40217,112885
46804,40218,112884
46805,40219,112887
46806,40220,112888
46807,40221,112889
46808,40222,112893
46809,40223,112894
46810,40224,112896
46811,40225,112895
46812,40226,112897
46813,40227,112899
46814,40228,112910
46815,40229,112912
46816,40230,112914
46817,40231,112915
46818,40232,112920
46819,40233,112918
46820,40234,112921
46821,40234,112923
46822,40235,112922
46823,40236,112924
46824,40237,112925
46825,40238,112926
46826,40239,112927
46827,40240,112929
46828,40241,112928
46829,40242,112938
46830,40243,112939
46831,40244,112940
46832,40245,112943
46833,40245,112944
46834,40246,112944
46835,40246,112943
46836,40247,112945
46837,40248,112948
46838,40249,112950
46839,40250,112962
46840,40250,112960
46841,40251,112961
46842,40251,112960
46843,40252,112967
46844,40253,112968
46845,40254,112978
46846,40255,112979
46847,40255,112978
46848,40256,112983
46849,40257,112984
46850,40257,112983
46851,40258,112985
46852,40258,112986
46853,40259,112986
46854,40260,112987
46855,40261,112989
46856,40262,112990
46857,40263,112995
46858,40264,112999
46859,40265,113004
46860,40266,113002
46861,40267,113009
46862,40268,113021
46863,40269,113027
46864,40270,113026
46865,40270,113025
46866,40271,113030
46867,40272,113034
46868,40273,113035
46869,40274,113037
46870,40275,113036
46871,40276,113041
46872,40277,113044
46873,40278,113047
46874,40279,113050
46875,40279,113049
46876,40280,113051
46877,40281,113052
46878,40281,113051
46879,40282,113053
46880,40283,113063
46881,40284,113062
46882,40285,113066
46883,40285,113065
46884,40286,113065
46885,40287,113069
46886,40287,113067
46887,40288,113068
46888,40289,113071
46889,40290,113073
46890,40291,113076
46891,40292,113077
46892,40293,113078
46893,40294,113079
46894,40295,113083
46895,40296,113082
46896,40297,113084
46897,40298,113090
46898,40299,113089
46899,40300,113091
46900,40300,113092
46901,40301,113094
46902,40302,113095
46903,40303,113096
46904,40304,113099
46905,40305,113098
46906,40305,113100
46907,40306,113101
46908,40307,113103
46909,40308,113105
46910,40309,113109
46911,40310,113110
46912,40311,113118
46913,40312,113121
46914,40313,113124
46915,40314,113130
46916,40315,113129
46917,40316,113133
46918,40316,113134
46919,40317,113134
46920,40318,113144
46921,40319,113145
46922,40320,113148
46923,40321,113147
46924,40322,113149
46925,40323,113151
46926,40324,113156
46927,40325,113157
46928,40325,113158
46929,40326,113160
46930,40327,113162
46931,40328,113163
46932,40329,113167
46933,40330,113169
46934,40330,113168
46935,40331,113168
46936,40332,113170
46937,40332,113171
46938,40333,113172
46939,40334,113174
46940,40334,113173
46941,40335,113176
46942,40336,113177
46943,40336,113176
46944,40337,113179
46945,40338,113183
46946,40339,113182
46947,40340,113188
46948,40341,113194
46949,40342,113195
46950,40343,113197
46951,40344,113202
46952,40345,113201
46953,40346,113207
46954,40346,113206
46955,40347,113206
46956,40347,113205
46957,40348,113208
46958,40349,113214
46959,40350,113215
46960,40351,113219
46961,40352,113222
46962,40353,113221
46963,40354,113226
46964,40355,113225
46965,40356,113227
46966,40357,113238
46967,40358,113243
46968,40359,113240
46969,40360,113244
46970,40361,113245
46971,40362,113249
46972,40363,113248
46973,40363,113247
46974,40364,113261
46975,40364,113262
46976,40365,113262
46977,40366,113264
46978,40367,113263
46979,40368,113270
46980,40369,113275
46981,40370,113274
46982,40371,113277
46983,40371,113278
46984,40372,113279
46985,40373,113281
46986,40374,113280
46987,40375,113286
46988,40376,113287
46989,40377,113288
46990,40377,113287
46991,40378,113290
46992,40378,113291
46993,40379,113292
46994,40380,113293
46995,40381,113298
46996,40381,113297
46997,40382,113300
46998,40383,113302
46999,40383,113300
47000,40384,113303
47001,40385,113305
47002,40386,113312
47003,40386,113310
47004,40387,113311
47005,40388,113313
47006,40389,113315
47007,40390,113319
47008,40391,113322
47009,40392,113328
47010,40393,113335
47011,40394,113336
47012,40395,113338
47013,40395,113337
47014,40396,113340
47015,40397,113342
47016,40398,113346
47017,40399,113352
47018,40400,113351
47019,40401,113357
47020,40401,113356
47021,40402,113358
47022,40403,113361
47023,40404,113362
47024,40405,113366
47025,40406,113363
47026,40407,113368
47027,40408,113370
47028,40409,113375
47029,40410,113380
47030,40410,113379
47031,40411,113382
47032,40412,113384
47033,40413,113385
47034,40413,113386
47035,40414,113388
47036,40415,113389
47037,40415,113392
47038,40416,113391
47039,40417,113394
47040,40417,113395
47041,40418,113402
47042,40419,113406
47043,40420,113408
47044,40421,113410
47045,40422,113416
47046,40423,113418
47047,40424,113417
47048,40425,113419
47049,40426,113422
47050,40427,113423
47051,40428,113424
47052,40429,113428
47053,40430,113437
47054,40430,113436
47055,40431,113436
47056,40432,113439
47057,40433,113440
47058,40433,113439
47059,40434,113441
47060,40435,113444
47061,40436,113447
47062,40437,113450
47063,40437,113449
47064,40438,113452
47065,40439,113459
47066,40440,113458
47067,40440,113456
47068,40441,113463
47069,40442,113464
47070,40443,113465
47071,40444,113467
47072,40445,113468
47073,40445,113467
47074,40446,113472
47075,40447,113470
47076,40448,113479
47077,40449,113481
47078,40450,113487
47079,40451,113489
47080,40452,113492
47081,40452,113491
47082,40453,113490
47083,40454,113494
47084,40454,113495
47085,40455,113495
47086,40456,113497
47087,40457,113499
47088,40458,113505
47089,40459,113506
47090,40460,113511
47091,40461,113510
47092,40462,113515
47093,40463,113516
47094,40464,113520
47095,40465,113525
47096,40466,113527
47097,40467,113526
47098,40468,113528
47099,40469,113531
47100,40470,113532
47101,40471,113536
47102,40471,113538
47103,40472,113538
47104,40473,113543
47105,40474,113549
47106,40475,113552
47107,40476,113553
47108,40477,113559
47109,40477,113558
47110,40478,113558
47111,40479,113561
47112,40480,113560
47113,40481,113562
47114,40482,113563
47115,40483,113565
47116,40484,113566
47117,40485,113567
47118,40486,113568
47119,40486,113570
47120,40487,113571
47121,40488,113573
47122,40489,113572
47123,40489,113573
47124,40490,113577
47125,40491,113582
47126,40492,113587
47127,40493,113591
47128,40494,113600
47129,40495,113604
47130,40496,113612
47131,40497,113613
47132,40497,113612
47133,40498,113615
47134,40498,113616
47135,40499,113618
47136,40500,113620
47137,40501,113621
47138,40502,113627
47139,40503,113624
47140,40504,113628
47141,40505,113634
47142,40506,113637
47143,40507,113639
47144,40508,113640
47145,40509,113641
47146,40510,113643
47147,40511,113645
47148,40512,113654
47149,40513,113655
47150,40514,113659
47151,40515,113661
47152,40516,113662
47153,40517,113663
47154,40518,113665
47155,40519,113664
47156,40520,113667
47157,40521,113670
47158,40522,113671
47159,40523,113672
47160,40524,113675
47161,40525,113677
47162,40526,113680
47163,40527,113678
47164,40527,113681
47165,40528,113686
47166,40529,113692
47167,40530,113702
47168,40531,113707
47169,40532,113709
47170,40532,113710
47171,40533,113710
47172,40534,113711
47173,40534,113712
47174,40535,113713
47175,40536,113714
47176,40537,113718
47177,40538,113719
47178,40539,113720
47179,40540,113721
47180,40541,113725
47181,40541,113726
47182,40542,113731
47183,40543,113733
47184,40544,113732
47185,40544,113733
47186,40545,113739
47187,40546,113740
47188,40547,113743
47189,40548,113744
47190,40549,113746
47191,40550,113747
47192,40551,113753
47193,40551,113750
47194,40552,113751
47195,40553,113755
47196,40554,113754
47197,40555,113759
47198,40556,113761
47199,40557,113762
47200,40557,113763
47201,40558,113765
47202,40559,113768
47203,40560,113769
47204,40560,113768
47205,40561,113774
47206,40561,113771
47207,40562,113772
47208,40562,113771
47209,40563,113775
47210,40564,113776
47211,40565,113783
47212,40566,113788
47213,40566,113790
47214,40567,113789
47215,40568,113792
47216,40569,113793
47217,40570,113794
47218,40571,113795
47219,40572,113812
47220,40573,113811
47221,40574,113814
47222,40575,113813
47223,40576,113815
47224,40577,113816
47225,40578,113820
47226,40578,113822
47227,40579,113823
47228,40580,113827
47229,40581,113829
47230,40582,113828
47231,40583,113830
47232,40584,113833
47233,40584,113832
47234,40585,113831
47235,40586,113837
47236,40587,113843
47237,40587,113840
47238,40588,113842
47239,40589,113846
47240,40590,113847
47241,40591,113851
47242,40592,113852
47243,40593,113853
47244,40593,113852
47245,40594,113858
47246,40595,113860
47247,40596,113876
47248,40597,113884
47249,40598,113882
47250,40599,113886
47251,40599,113885
47252,40600,113891
47253,40601,113889
47254,40601,113890
47255,40602,113894
47256,40603,113896
47257,40604,113898
47258,40604,113897
47259,40605,113899
47260,40606,113900
47261,40607,113907
47262,40607,113906
47263,40608,113909
47264,40609,113910
47265,40610,113914
47266,40611,113915
47267,40612,113917
47268,40613,113916
47269,40614,113918
47270,40615,113921
47271,40616,113929
47272,40617,113930
47273,40618,113934
47274,40619,113932
47275,40620,113937
47276,40621,113938
47277,40622,113943
47278,40622,113942
47279,40623,113947
47280,40624,113946
47281,40625,113952
47282,40626,113953
47283,40627,113958
47284,40628,113960
47285,40629,113963
47286,40630,113962
47287,40631,113967
47288,40632,113966
47289,40633,113970
47290,40634,113972
47291,40634,113973
47292,40635,113975
47293,40636,113976
47294,40637,113977
47295,40638,113978
47296,40639,113980
47297,40640,113981
47298,40640,113980
47299,40641,113988
47300,40642,113991
47301,40642,113990
47302,40643,113990
47303,40644,113993
47304,40645,113995
47305,40646,113994
47306,40647,114000
47307,40648,114004
47308,40649,114009
47309,40650,114013
47310,40650,114012
47311,40651,114015
47312,40652,114018
47313,40653,114021
47314,40654,114022
47315,40655,114033
47316,40656,114034
47317,40657,114037
47318,40657,114038
47319,40658,114040
47320,40659,114042
47321,40659,114040
47322,40660,114046
47323,40660,114044
47324,40661,114047
47325,40662,114055
47326,40663,114058
47327,40664,114059
47328,40665,114060
47329,40665,114059
47330,40666,114067
47331,40667,114069
47332,40668,114077
47333,40668,114076
47334,40669,114082
47335,40670,114083
47336,40671,114084
47337,40672,114085
47338,40673,114086
47339,40674,114087
47340,40675,114089
47341,40676,114092
47342,40677,114093
47343,40678,114097
47344,40679,114095
47345,40680,114101
47346,40680,114099
47347,40681,114108
47348,40682,114112
47349,40683,114113
47350,40684,114114
47351,40685,114118
47352,40686,114119
47353,40686,114117
47354,40687,114120
47355,40688,114121
47356,40689,114123
47357,40690,114122
47358,40691,114130
47359,40691,114127
47360,40692,114128
47361,40693,114134
47362,40694,114135
47363,40694,114137
47364,40695,114137
47365,40695,114136
47366,40696,114139
47367,40697,114144
47368,40698,114143
47369,40699,114147
47370,40700,114151
47371,40701,114152
47372,40702,114153
47373,40703,114154
47374,40704,114157
47375,40705,114155
47376,40706,114164
47377,40706,114163
47378,40707,114161
47379,40708,114165
47380,40709,114167
47381,40710,114175
47382,40711,114178
47383,40712,114180
47384,40713,114179
47385,40714,114182
47386,40715,114184
47387,40716,114186
47388,40717,114185
47389,40718,114195
47390,40719,114198
47391,40720,114204
47392,40721,114206
47393,40722,114205
47394,40723,114207
47395,40724,114210
47396,40725,114211
47397,40725,114212
47398,40726,114212
47399,40727,114214
47400,40728,114213
47401,40729,114218
47402,40730,114217
47403,40731,114225
47404,40732,114228
47405,40733,114230
47406,40734,114231
47407,40734,114230
47408,40735,114232
47409,40735,114233
47410,40736,114238
47411,40736,114239
47412,40737,114241
47413,40738,114240
47414,40739,114247
47415,40740,114248
47416,40741,114255
47417,40742,114252
47418,40743,114256
47419,40743,114257
47420,40744,114257
47421,40744,114256
47422,40745,114263
47423,40746,114267
47424,40746,114264
47425,40747,114272
47426,40748,114274
47427,40749,114279
47428,40750,114280
47429,40751,114286
47430,40752,114287
47431,40753,114291
47432,40753,114293
47433,40754,114296
47434,40755,114300
47435,40756,114303
47436,40757,114307
47437,40758,114306
47438,40759,114309
47439,40759,114310
47440,40760,114310
47441,40761,114311
47442,40762,114320
47443,40763,114322
47444,40764,114327
47445,40765,114328
47446,40766,114336
47447,40767,114339
47448,40768,114338
47449,40769,114341
47450,40769,114340
47451,40770,114348
47452,40770,114346
47453,40771,114346
47454,40772,114350
47455,40773,114352
47456,40774,114357
47457,40775,114355
47458,40776,114359
47459,40777,114361
47460,40778,114362
47461,40779,114363
47462,40780,114367
47463,40781,114365
47464,40782,114368
47465,40783,114369
47466,40783,114370
47467,40784,114370
47468,40785,114371
47469,40786,114376
47470,40787,114379
47471,40788,114384
47472,40789,114385
47473,40790,114388
47474,40791,114390
47475,40792,114391
47476,40793,114392
47477,40794,114395
47478,40795,114396
47479,40796,114398
47480,40797,114397
47481,40798,114399
47482,40799,114400
47483,40800,114402
47484,40800,114401
47485,40801,114409
47486,40802,114410
47487,40803,114413
47488,40804,114411
47489,40805,114415
47490,40806,114416
47491,40807,114419
47492,40808,114429
47493,40809,114430
47494,40809,114429
47495,40810,114440
47496,40811,114439
47497,40812,114446
47498,40813,114451
47499,40814,114450
47500,40815,114455
47501,40815,114453
47502,40816,114454
47503,40817,114457
47504,40818,114458
47505,40819,114459
47506,40820,114465
47507,40820,114468
47508,40821,114468
47509,40822,114472
47510,40823,114476
47511,40824,114477
47512,40825,114480
47513,40826,114481
47514,40827,114483
47515,40827,114481
47516,40828,114489
47517,40829,114498
47518,40830,114499
47519,40831,114502
47520,40832,114501
47521,40832,114500
47522,40833,114510
47523,40834,114514
47524,40835,114515
47525,40836,114517
47526,40837,114518
47527,40838,114522
47528,40839,114526
47529,40840,114527
47530,40840,114529
47531,40841,114529
47532,40842,114537
47533,40843,114536
47534,40843,114538
47535,40844,114540
47536,40845,114545
47537,40846,114548
47538,40847,114547
47539,40848,114550
47540,40849,114553
47541,40850,114554
47542,40851,114556
47543,40852,114559
47544,40853,114564
47545,40854,114569
47546,40855,114573
47547,40856,114571
47548,40857,114576
47549,40858,114574
47550,40858,114577
47551,40859,114580
47552,40860,114581
47553,40861,114585
47554,40862,114584
47555,40863,114592
47556,40863,114593
47557,40864,114593
47558,40865,114595
47559,40866,114596
47560,40867,114598
47561,40868,114600
47562,40869,114604
47563,40870,114603
47564,40871,114605
47565,40872,114616
47566,40873,114614
47567,40873,114615
47568,40874,114618
47569,40875,114617
47570,40876,114621
47571,40877,114620
47572,40878,114626
47573,40879,114624
47574,40880,114630
47575,40881,114629
47576,40882,114637
47577,40883,114636
47578,40884,114641
47579,40885,114645
47580,40886,114646
47581,40887,114651
47582,40888,114652
47583,40888,114653
47584,40889,114657
47585,40890,114659
47586,40891,114663
47587,40891,114662
47588,40892,114672
47589,40893,114673
47590,40894,114678
47591,40894,114679
47592,40895,114680
47593,40896,114684
47594,40897,114685
47595,40898,114686
47596,40899,114689
47597,40900,114693
47598,40900,114695
47599,40901,114692
47600,40902,114702
47601,40902,114701
47602,40903,114701
47603,40904,114703
47604,40905,114705
47605,40906,114707
47606,40907,114708
47607,40908,114709
47608,40909,114713
47609,40910,114712
47610,40911,114716
47611,40912,114727
47612,40913,114728
47613,40914,114729
47614,40915,114731
47615,40916,114733
47616,40917,114739
47617,40918,114740
47618,40919,114741
47619,40919,114740
47620,40920,114744
47621,40921,114746
47622,40922,114745
47623,40923,114751
47624,40923,114752
47625,40924,114752
47626,40925,114754
47627,40926,114764
47628,40927,114765
47629,40928,114772
47630,40929,114774
47631,40930,114778
47632,40931,114777
47633,40932,114781
47634,40933,114784
47635,40934,114787
47636,40935,114792
47637,40936,114795
47638,40937,114794
47639,40937,114795
47640,40938,114798
47641,40939,114801
47642,40940,114800
47643,40940,114801
47644,40941,114803
47645,40942,114804
47646,40943,114811
47647,40944,114813
47648,40945,114812
47649,40946,114815
47650,40947,114816
47651,40948,114818
47652,40949,114825
47653,40950,114832
47654,40951,114833
47655,40952,114837
47656,40953,114839
47657,40954,114840
47658,40955,114843
47659,40955,114842
47660,40956,114841
47661,40957,114844
47662,40958,114848
47663,40959,114852
47664,40960,114856
47665,40961,114854
47666,40962,114859
47667,40963,114860
47668,40964,114866
47669,40965,114867
47670,40966,114868
47671,40967,114869
47672,40968,114870
47673,40969,114876
47674,40970,114875
47675,40970,114877
47676,40971,114879
47677,40972,114884
47678,40973,114891
47679,40974,114890
47680,40975,114896
47681,40976,114897
47682,40977,114899
47683,40978,114898
47684,40979,114900
47685,40980,114906
47686,40981,114904
47687,40982,114907
47688,40983,114911
47689,40984,114910
47690,40984,114911
47691,40985,114912
47692,40986,114914
47693,40987,114913
47694,40988,114918
47695,40989,114926
47696,40990,114928
47697,40991,114931
47698,40992,114932
47699,40992,114931
47700,40993,114934
47701,40993,114933
47702,40994,114938
47703,40995,114939
47704,40996,114942
47705,40997,114943
47706,40998,114946
47707,40999,114948
47708,41000,114947
47709,41001,114949
47710,41001,114952
47711,41002,114953
47712,41003,114954
47713,41004,114955
47714,41005,114956
47715,41006,114960
47716,41007,114957
47717,41008,114964
47718,41009,114969
47719,41010,114971
47720,41011,114977
47721,41012,114976
47722,41013,114978
47723,41014,114986
47724,41015,114985
47725,41016,114988
47726,41017,114989
47727,41018,114991
47728,41019,114994
47729,41020,114995
47730,41021,114997
47731,41021,114996
47732,41022,115001
47733,41023,114998
47734,41024,115004
47735,41025,115002
47736,41026,115006
47737,41027,115007
47738,41028,115011
47739,41029,115012
47740,41030,115014
47741,41031,115017
47742,41032,115018
47743,41032,115019
47744,41033,115019
47745,41034,115021
47746,41035,115026
47747,41036,115031
47748,41037,115036
47749,41038,115041
47750,41039,115042
47751,41040,115043
47752,41040,115042
47753,41041,115048
47754,41041,115049
47755,41042,115052
47756,41043,115054
47757,41044,115058
47758,41045,115057
47759,41046,115060
47760,41047,115066
47761,41047,115065
47762,41048,115069
47763,41049,115072
47764,41050,115078
47765,41051,115075
47766,41052,115080
47767,41053,115086
47768,41054,115087
47769,41055,115090
47770,41056,115093
47771,41057,115096
47772,41058,115097
47773,41058,115098
47774,41059,115101
47775,41060,115104
47776,41061,115106
47777,41062,115108
47778,41063,115111
47779,41063,115109
47780,41064,115110
47781,41065,115119
47782,41066,115120
47783,41067,115122
47784,41068,115125
47785,41068,115124
47786,41069,115133
47787,41070,115136
47788,41070,115138
47789,41071,115142
47790,41072,115145
47791,41073,115143
47792,41074,115147
47793,41075,115149
47794,41076,115150
47795,41077,115153
47796,41078,115154
47797,41079,115159
47798,41080,115161
47799,41081,115168
47800,41082,115170
47801,41083,115178
47802,41084,115185
47803,41084,115186
47804,41085,115186
47805,41086,115187
47806,41087,115189
47807,41087,115188
47808,41088,115192
47809,41088,115191
47810,41089,115190
47811,41090,115195
47812,41091,115196
47813,41092,115198
47814,41093,115202
47815,41093,115204
47816,41094,115203
47817,41095,115208
47818,41096,115212
47819,41097,115216
47820,41098,115213
47821,41099,115220
47822,41100,115221
47823,41101,115226
47824,41102,115229
47825,41103,115231
47826,41104,115233
47827,41105,115239
47828,41106,115245
47829,41106,115246
47830,41107,115248
47831,41107,115251
47832,41108,115251
47833,41109,115252
47834,41110,115253
47835,41110,115254
47836,41111,115256
47837,41112,115258
47838,41113,115262
47839,41114,115266
47840,41115,115267
47841,41116,115272
47842,41117,115273
47843,41118,115277
47844,41119,115276
47845,41119,115275
47846,41120,115280
47847,41121,115281
47848,41122,115282
47849,41123,115283
47850,41124,115284
47851,41125,115286
47852,41125,115284
47853,41126,115289
47854,41127,115292
47855,41128,115300
47856,41129,115301
47857,41130,115302
47858,41131,115307
47859,41132,115310
47860,41133,115309
47861,41134,115313
47862,41134,115314
47863,41135,115323
47864,41136,115325
47865,41137,115327
47866,41137,115326
47867,41138,115326
47868,41139,115334
47869,41140,115341
47870,41141,115342
47871,41141,115343
47872,41142,115351
47873,41143,115353
47874,41144,115354
47875,41145,115355
47876,41146,115359
47877,41147,115358
47878,41148,115361
47879,41149,115363
47880,41150,115362
47881,41151,115365
47882,41152,115368
47883,41153,115367
47884,41153,115370
47885,41154,115379
47886,41155,115377
47887,41155,115378
47888,41156,115383
47889,41156,115384
47890,41157,115384
47891,41158,115385
47892,41159,115386
47893,41160,115387
47894,41161,115388
47895,41161,115387
47896,41162,115393
47897,41163,115397
47898,41164,115401
47899,41165,115400
47900,41166,115402
47901,41167,115403
47902,41168,115405
47903,41169,115408
47904,41170,115411
47905,41171,115412
47906,41171,115411
47907,41172,115415
47908,41173,115416
47909,41174,115420
47910,41175,115421
47911,41176,115422
47912,41177,115423
47913,41178,115427
47914,41179,115429
47915,41180,115428
47916,41181,115442
47917,41181,115444
47918,41182,115443
47919,41183,115445
47920,41184,115447
47921,41184,115446
47922,41185,115448
47923,41186,115454
47924,41187,115455
47925,41187,115456
47926,41188,115456
47927,41189,115457
47928,41190,115459
47929,41191,115464
47930,41191,115466
47931,41192,115466
47932,41193,115468
47933,41194,115469
47934,41195,115470
47935,41196,115473
47936,41197,115480
47937,41197,115479
47938,41198,115478
47939,41199,115485
47940,41200,115486
47941,41201,115488
47942,41202,115492
47943,41203,115493
47944,41204,115494
47945,41205,115499
47946,41206,115501
47947,41207,115504
47948,41208,115508
47949,41209,115510
47950,41209,115509
47951,41210,115511
47952,41210,115509
47953,41211,115512
47954,41212,115515
47955,41213,115514
47956,41214,115519
47957,41215,115520
47958,41216,115532
47959,41217,115531
47960,41218,115534
47961,41219,115533
47962,41220,115538
47963,41220,115535
47964,41221,115537
47965,41222,115543
47966,41223,115546
47967,41224,115547
47968,41225,115560
47969,41226,115561
47970,41227,115563
47971,41228,115565
47972,41229,115569
47973,41230,115570
47974,41231,115574
47975,41232,115571
47976,41233,115575
47977,41234,115578
47978,41235,115579
47979,41236,115580
47980,41236,115581
47981,41237,115582
47982,41238,115583
47983,41239,115585
47984,41240,115589
47985,41241,115592
47986,41242,115595
47987,41243,115599
47988,41244,115600
47989,41245,115602
47990,41246,115608
47991,41247,115615
47992,41248,115620
47993,41249,115619
47994,41250,115623
47995,41251,115621
47996,41252,115627
47997,41253,115629
47998,41254,115630
47999,41254,115631
48000,41255,115632
48001,41256,115639
48002,41257,115638
48003,41257,115640
48004,41258,115641
48005,41259,115642
48006,41260,115644
48007,41261,115643
48008,41262,115645
48009,41263,115646
48010,41264,115650
48011,41264,115649
48012,41265,115653
48013,41266,115652
48014,41267,115654
48015,41268,115657
48016,41268,115655
48017,41269,115661
48018,41270,115675
48019,41271,115677
48020,41272,115679
48021,41272,115678
48022,41273,115680
48023,41274,115683
48024,41275,115684
48025,41276,115691
48026,41277,115690
48027,41277,115689
48028,41278,115693
48029,41279,115703
48030,41280,115708
48031,41281,115707
48032,41282,115710
48033,41283,115709
48034,41284,115713
48035,41285,115712
48036,41285,115713
48037,41286,115714
48038,41287,115715
48039,41288,115718
48040,41288,115716
48041,41289,115716
48042,41290,115719
48043,41291,115720
48044,41292,115724
48045,41293,115727
48046,41294,115728
48047,41295,115735
48048,41296,115732
48049,41297,115736
48050,41298,115738
48051,41299,115740
48052,41300,115741
48053,41301,115744
48054,41302,115746
48055,41303,115748
48056,41304,115762
48057,41305,115764
48058,41306,115771
48059,41306,115770
48060,41307,115770
48061,41307,115772
48062,41308,115774
48063,41309,115779
48064,41310,115783
48065,41310,115782
48066,41311,115789
48067,41312,115794
48068,41313,115798
48069,41314,115799
48070,41315,115802
48071,41316,115804
48072,41317,115807
48073,41318,115805
48074,41319,115811
48075,41320,115812
48076,41321,115818
48077,41322,115821
48078,41323,115822
48079,41324,115824
48080,41325,115825
48081,41326,115832
48082,41327,115836
48083,41327,115837
48084,41328,115843
48085,41329,115841
48086,41330,115844
48087,41331,115847
48088,41332,115848
48089,41333,115853
48090,41333,115850
48091,41334,115854
48092,41335,115858
48093,41336,115866
48094,41337,115871
48095,41338,115869
48096,41339,115872
48097,41340,115879
48098,41341,115881
48099,41342,115882
48100,41343,115884
48101,41344,115887
48102,41344,115888
48103,41345,115893
48104,41346,115892
48105,41347,115900
48106,41348,115906
48107,41349,115910
48108,41350,115911
48109,41351,115912
48110,41352,115913
48111,41353,115914
48112,41353,115915
48113,41354,115915
48114,41355,115918
48115,41356,115920
48116,41357,115923
48117,41357,115924
48118,41358,115936
48119,41359,115937
48120,41360,115938
48121,41360,115937
48122,41361,115941
48123,41362,115944
48124,41362,115943
48125,41363,115946
48126,41364,115947
48127,41365,115950
48128,41366,115948
48129,41366,115949
48130,41367,115952
48131,41368,115954
48132,41369,115953
48133,41370,115959
48134,41371,115964
48135,41372,115968
48136,41373,115972
48137,41374,115973
48138,41375,115976
48139,41375,115975
48140,41376,115977
48141,41377,115978
48142,41377,115977
48143,41378,115980
48144,41379,115983
48145,41380,115986
48146,41381,115987
48147,41382,115989
48148,41383,115990
48149,41384,115993
48150,41385,115992
48151,41386,115998
48152,41387,116000
48153,41388,116001
48154,41389,116002
48155,41390,116004
48156,41391,116008
48157,41391,116005
48158,41392,116006
48159,41393,116011
48160,41394,116009
48161,41394,116011
48162,41395,116019
48163,41396,116028
48164,41396,116027
48165,41397,116034
48166,41398,116039
48167,41398,116041
48168,41399,116043
48169,41399,116042
48170,41400,116048
48171,41401,116050
48172,41402,116052
48173,41403,116061
48174,41403,116062
48175,41404,116066
48176,41404,116065
48177,41405,116065
48178,41406,116075
48179,41407,116079
48180,41408,116080
48181,41409,116083
48182,41409,116081
48183,41410,116081
48184,41411,116085
48185,41412,116084
48186,41413,116090
48187,41413,116088
48188,41414,116089
48189,41415,116091
48190,41416,116092
48191,41417,116097
48192,41418,116099
48193,41418,116100
48194,41419,116101
48195,41420,116104
48196,41421,116105
48197,41422,116106
48198,41423,116111
48199,41424,116113
48200,41425,116114
48201,41426,116115
48202,41427,116117
48203,41428,116126
48204,41429,116127
48205,41430,116128
48206,41431,116134
48207,41432,116133
48208,41433,116135
48209,41434,116137
48210,41435,116139
48211,41436,116140
48212,41437,116144
48213,41438,116145
48214,41439,116146
48215,41440,116148
48216,41441,116152
48217,41442,116153
48218,41442,116154
48219,41443,116158
48220,41444,116164
48221,41445,116168
48222,41446,116172
48223,41447,116171
48224,41448,116178
48225,41449,116181
48226,41449,116179
48227,41450,116180
48228,41451,116187
48229,41452,116189
48230,41453,116195
48231,41454,116197
48232,41455,116196
48233,41456,116198
48234,41457,116201
48235,41458,116209
48236,41459,116220
48237,41460,116222
48238,41461,116223
48239,41462,116225
48240,41463,116229
48241,41464,116230
48242,41465,116233
48243,41466,116236
48244,41467,116243
48245,41467,116245
48246,41468,116245
48247,41469,116247
48248,41469,116248
48249,41470,116248
48250,41471,116250
48251,41472,116251
48252,41473,116253
48253,41474,116252
48254,41475,116257
48255,41476,116256
48256,41477,116258
48257,41478,116259
48258,41478,116258
48259,41479,116261
48260,41480,116268
48261,41481,116271
48262,41482,116270
48263,41482,116271
48264,41483,116273
48265,41484,116276
48266,41485,116277
48267,41486,116278
48268,41487,116279
48269,41488,116284
48270,41489,116286
48271,41489,116285
48272,41490,116287
48273,41490,116288
48274,41491,116289
48275,41492,116291
48276,41493,116290
48277,41493,116291
48278,41494,116294
48279,41495,116302
48280,41496,116307
48281,41497,116312
48282,41498,116313
48283,41499,116315
48284,41499,116316
48285,41500,116316
48286,41500,116314
48287,41501,116317
48288,41502,116318
48289,41503,116322
48290,41504,116324
48291,41505,116330
48292,41506,116335
48293,41507,116338
48294,41508,116345
48295,41509,116344
48296,41509,116345
48297,41510,116349
48298,41510,116350
48299,41511,116350
48300,41512,116353
48301,41513,116357
48302,41514,116354
48303,41515,116358
48304,41516,116359
48305,41517,116361
48306,41518,116362
48307,41519,116363
48308,41520,116365
48309,41520,116364
48310,41521,116364
48311,41522,116368
48312,41523,116373
48313,41523,116371
48314,41524,116371
48315,41525,116374
48316,41526,116378
48317,41527,116380
48318,41528,116384
48319,41529,116385
48320,41530,116391
48321,41531,116389
48322,41532,116392
48323,41533,116393
48324,41534,116394
48325,41535,116396
48326,41535,116395
48327,41536,116397
48328,41537,116398
48329,41538,116399
48330,41539,116402
48331,41540,116412
48332,41541,116411
48333,41542,116415
48334,41543,116417
48335,41543,116415
48336,41544,116418
48337,41545,116422
48338,41546,116420
48339,41547,116433
48340,41548,116434
48341,41548,116432
48342,41549,116440
48343,41550,116443
48344,41551,116445
48345,41552,116453
48346,41553,116454
48347,41554,116458
48348,41555,116460
48349,41556,116463
48350,41557,116473
48351,41558,116474
48352,41559,116477
48353,41560,116479
48354,41561,116478
48355,41562,116481
48356,41563,116482
48357,41564,116483
48358,41565,116485
48359,41566,116499
48360,41567,116497
48361,41568,116501
48362,41569,116504
48363,41570,116509
48364,41571,116512
48365,41572,116511
48366,41573,116514
48367,41574,116515
48368,41575,116516
48369,41576,116519
48370,41577,116522
48371,41578,116521
48372,41579,116527
48373,41580,116528
48374,41581,116529
48375,41582,116534
48376,41583,116533
48377,41584,116536
48378,41585,116535
48379,41585,116536
48380,41586,116540
48381,41587,116541
48382,41588,116544
48383,41589,116547
48384,41590,116548
48385,41591,116550
48386,41592,116551
48387,41593,116553
48388,41594,116555
48389,41595,116556
48390,41596,116557
48391,41597,116558
48392,41598,116560
48393,41599,116562
48394,41600,116561
48395,41601,116566
48396,41602,116567
48397,41602,116570
48398,41603,116569
48399,41604,116571
48400,41605,116572
48401,41606,116573
48402,41607,116574
48403,41608,116576
48404,41608,116575
48405,41609,116575
48406,41610,116577
48407,41611,116578
48408,41612,116582
48409,41612,116579
48410,41613,116584
48411,41614,116583
48412,41615,116591
48413,41616,116597
48414,41616,116596
48415,41617,116596
48416,41618,116599
48417,41619,116601
48418,41620,116602
48419,41621,116608
48420,41622,116610
48421,41623,116613
48422,41624,116614
48423,41624,116615
48424,41625,116615
48425,41626,116620
48426,41627,116624
48427,41627,116625
48428,41628,116629
48429,41629,116628
48430,41629,116626
48431,41630,116630
48432,41630,116631
48433,41631,116631
48434,41632,116637
48435,41633,116634
48436,41634,116641
48437,41635,116639
48438,41636,116642
48439,41637,116643
48440,41638,116644
48441,41639,116645
48442,41640,116646
48443,41641,116650
48444,41642,116649
48445,41642,116651
48446,41643,116652
48447,41643,116653
48448,41644,116653
48449,41645,116656
48450,41646,116662
48451,41647,116663
48452,41647,116665
48453,41648,116667
48454,41649,116671
48455,41649,116670
48456,41650,116673
48457,41651,116674
48458,41652,116680
48459,41652,116679
48460,41653,116679
48461,41653,116680
48462,41654,116685
48463,41654,116684
48464,41655,116688
48465,41656,116690
48466,41657,116695
48467,41657,116693
48468,41658,116694
48469,41659,116699
48470,41660,116698
48471,41661,116701
48472,41662,116703
48473,41663,116710
48474,41664,116712
48475,41665,116714
48476,41666,116717
48477,41667,116718
48478,41668,116721
48479,41669,116720
48480,41669,116721
48481,41670,116724
48482,41671,116725
48483,41672,116728
48484,41673,116730
48485,41674,116729
48486,41675,116733
48487,41676,116735
48488,41677,116736
48489,41678,116743
48490,41679,116744
48491,41680,116746
48492,41681,116750
48493,41682,116751
48494,41683,116755
48495,41683,116752
48496,41684,116758
48497,41685,116761
48498,41685,116762
48499,41686,116762
48500,41686,116760
48501,41687,116766
48502,41688,116767
48503,41689,116769
48504,41690,116772
48505,41690,116773
48506,41691,116777
48507,41692,116778
48508,41693,116781
48509,41693,116779
48510,41694,116784
48511,41695,116783
48512,41696,116785
48513,41696,116787
48514,41697,116791
48515,41697,116792
48516,41698,116793
48517,41699,116796
48518,41699,116799
48519,41700,116798
48520,41701,116800
48521,41702,116804
48522,41703,116805
48523,41704,116810
48524,41705,116813
48525,41705,116812
48526,41706,116818
48527,41707,116817
48528,41707,116816
48529,41708,116823
48530,41709,116824
48531,41710,116825
48532,41711,116831
48533,41712,116832
48534,41713,116838
48535,41714,116842
48536,41714,116839
48537,41715,116841
48538,41716,116851
48539,41717,116850
48540,41718,116862
48541,41719,116863
48542,41720,116868
48543,41721,116875
48544,41722,116877
48545,41723,116878
48546,41724,116884
48547,41725,116883
48548,41726,116888
48549,41727,116893
48550,41728,116896
48551,41729,116895
48552,41730,116897
48553,41731,116901
48554,41732,116900
48555,41733,116903
48556,41734,116902
48557,41735,116906
48558,41736,116910
48559,41737,116909
48560,41738,116912
48561,41739,116920
48562,41739,116919
48563,41740,116919
48564,41741,116923
48565,41742,116922
48566,41743,116926
48567,41744,116927
48568,41745,116930
48569,41746,116933
48570,41747,116936
48571,41748,116937
48572,41749,116941
48573,41750,116942
48574,41751,116944
48575,41752,116945
48576,41753,116949
48577,41754,116955
48578,41755,116957
48579,41756,116959
48580,41756,116958
48581,41757,116960
48582,41758,116964
48583,41759,116969
48584,41760,116968
48585,41761,116971
48586,41761,116970
48587,41762,116970
48588,41763,116976
48589,41764,116975
48590,41765,116980
48591,41766,116981
48592,41767,116984
48593,41767,116983
48594,41768,116982
48595,41769,116986
48596,41769,116985
48597,41770,116985
48598,41770,116986
48599,41771,116988
48600,41772,116993
48601,41773,116998
48602,41774,116997
48603,41775,117001
48604,41776,117002
48605,41777,117003
48606,41778,117004
48607,41779,117006
48608,41780,117015
48609,41780,117013
48610,41781,117013
48611,41782,117019
48612,41783,117021
48613,41784,117023
48614,41785,117024
48615,41786,117029
48616,41787,117034
48617,41788,117032
48618,41789,117036
48619,41789,117035
48620,41790,117047
48621,41791,117051
48622,41791,117050
48623,41792,117050
48624,41793,117053
48625,41794,117052
48626,41794,117053
48627,41795,117056
48628,41796,117057
48629,41797,117059
48630,41798,117064
48631,41798,117062
48632,41799,117066
48633,41800,117068
48634,41800,117069
48635,41801,117072
48636,41802,117070
48637,41803,117075
48638,41804,117078
48639,41804,117076
48640,41805,117076
48641,41806,117079
48642,41807,117080
48643,41808,117082
48644,41809,117085
48645,41810,117086
48646,41811,117087
48647,41812,117092
48648,41813,117096
48649,41814,117097
48650,41815,117100
48651,41816,117102
48652,41817,117104
48653,41818,117105
48654,41819,117108
48655,41820,117113
48656,41821,117116
48657,41821,117115
48658,41822,117120
48659,41823,117123
48660,41824,117128
48661,41825,117131
48662,41826,117139
48663,41827,117138
48664,41827,117139
48665,41828,117145
48666,41829,117149
48667,41830,117150
48668,41831,117151
48669,41832,117153
48670,41832,117154
48671,41833,117156
48672,41834,117155
48673,41834,117156
48674,41835,117157
48675,41836,117164
48676,41837,117165
48677,41838,117166
48678,41839,117168
48679,41840,117170
48680,41841,117175
48681,41841,117176
48682,41842,117176
48683,41843,117183
48684,41844,117182
48685,41845,117187
48686,41846,117189
48687,41846,117190
48688,41847,117191
48689,41848,117194
48690,41849,117197
48691,41850,117198
48692,41851,117204
48693,41852,117207
48694,41852,117206
48695,41853,117211
48696,41854,117216
48697,41854,117217
48698,41855,117221
48699,41856,117220
48700,41857,117222
48701,41858,117223
48702,41859,117227
48703,41859,117228
48704,41860,117232
48705,41861,117233
48706,41861,117232
48707,41862,117236
48708,41863,117234
48709,41864,117237
48710,41864,117238
48711,41865,117238
48712,41866,117239
48713,41867,117243
48714,41867,117242
48715,41868,117244
48716,41869,117245
48717,41870,117247
48718,41870,117250
48719,41871,117249
48720,41872,117251
48721,41873,117254
48722,41874,117259
48723,41875,117268
48724,41876,117266
48725,41876,117268
48726,41877,117269
48727,41878,117270
48728,41878,117269
48729,41879,117274
48730,41879,117272
48731,41880,117275
48732,41881,117276
48733,41882,117285
48734,41883,117289
48735,41883,117288
48736,41884,117290
48737,41884,117291
48738,41885,117295
48739,41886,117294
48740,41887,117296
48741,41888,117298
48742,41889,117297
48743,41890,117300
48744,41891,117302
48745,41891,117305
48746,41892,117306
48747,41893,117307
48748,41894,117310
48749,41895,117308
48750,41896,117315
48751,41897,117318
48752,41898,117324
48753,41899,117327
48754,41899,117326
48755,41900,117329
48756,41901,117334
48757,41902,117336
48758,41903,117337
48759,41904,117346
48760,41905,117348
48761,41906,117349
48762,41907,117352
48763,41908,117358
48764,41909,117357
48765,41910,117360
48766,41910,117359
48767,41911,117359
48768,41912,117361
48769,41913,117362
48770,41914,117363
48771,41915,117364
48772,41916,117367
48773,41917,117368
48774,41918,117375
48775,41919,117374
48776,41920,117376
48777,41921,117380
48778,41922,117387
48779,41922,117388
48780,41923,117386
48781,41923,117388
48782,41924,117389
48783,41924,117390
48784,41925,117393
48785,41926,117396
48786,41927,117394
48787,41928,117397
48788,41929,117400
48789,41930,117402
48790,41931,117408
48791,41931,117409
48792,41932,117407
48793,41932,117409
48794,41933,117411
48795,41934,117410
48796,41934,117411
48797,41935,117412
48798,41936,117413
48799,41936,117412
48800,41937,117425
48801,41938,117427
48802,41939,117426
48803,41940,117428
48804,41941,117429
48805,41942,117435
48806,41943,117434
48807,41944,117438
48808,41945,117440
48809,41946,117442
48810,41946,117441
48811,41947,117441
48812,41947,117442
48813,41948,117445
48814,41949,117444
48815,41950,117450
48816,41951,117449
48817,41952,117451
48818,41953,117454
48819,41954,117456
48820,41955,117455
48821,41956,117461
48822,41956,117463
48823,41957,117462
48824,41958,117465
48825,41959,117464
48826,41960,117467
48827,41961,117468
48828,41962,117471
48829,41962,117472
48830,41963,117473
48831,41964,117479
48832,41964,117478
48833,41965,117478
48834,41966,117481
48835,41967,117482
48836,41968,117483
48837,41969,117488
48838,41970,117494
48839,41970,117493
48840,41971,117493
48841,41972,117497
48842,41973,117501
48843,41974,117506
48844,41975,117508
48845,41976,117515
48846,41976,117514
48847,41977,117516
48848,41978,117523
48849,41979,117525
48850,41980,117531
48851,41981,117530
48852,41981,117529
48853,41982,117536
48854,41983,117543
48855,41984,117540
48856,41985,117557
48857,41986,117559
48858,41986,117560
48859,41987,117560
48860,41988,117562
48861,41989,117564
48862,41990,117569
48863,41991,117571
48864,41992,117573
48865,41993,117576
48866,41994,117577
48867,41995,117578
48868,41996,117586
48869,41997,117585
48870,41998,117588
48871,41999,117590
48872,42000,117594
48873,42001,117597
48874,42002,117600
48875,42003,117599
48876,42003,117600
48877,42004,117603
48878,42004,117604
48879,42005,117606
48880,42006,117608
48881,42007,117609
48882,42008,117610
48883,42009,117612
48884,42010,117620
48885,42011,117619
48886,42012,117623
48887,42013,117625
48888,42014,117631
48889,42015,117633
48890,42016,117637
48891,42016,117635
48892,42017,117645
48893,42018,117655
48894,42019,117653
48895,42020,117656
48896,42020,117657
48897,42021,117659
48898,42021,117658
48899,42022,117663
48900,42022,117660
48901,42023,117665
48902,42024,117664
48903,42025,117667
48904,42026,117669
48905,42027,117668
48906,42027,117669
48907,42028,117673
48908,42028,117672
48909,42029,117674
48910,42030,117678
48911,42031,117677
48912,42032,117680
48913,42033,117690
48914,42034,117691
48915,42035,117692
48916,42036,117694
48917,42037,117696
48918,42038,117705
48919,42039,117706
48920,42040,117708
48921,42041,117711
48922,42042,117721
48923,42042,117722
48924,42043,117723
48925,42044,117725
48926,42045,117724
48927,42046,117728
48928,42046,117727
48929,42047,117739
48930,42048,117738
48931,42049,117745
48932,42050,117746
48933,42050,117745
48934,42051,117748
48935,42052,117750
48936,42052,117748
48937,42053,117760
48938,42053,117759
48939,42054,117762
48940,42055,117763
48941,42056,117764
48942,42057,117765
48943,42058,117767
48944,42059,117775
48945,42060,117774
48946,42060,117775
48947,42061,117779
48948,42062,117777
48949,42063,117780
48950,42064,117781
48951,42065,117783
48952,42066,117784
48953,42067,117785
48954,42067,117786
48955,42068,117789
48956,42069,117790
48957,42070,117791
48958,42071,117795
48959,42071,117794
48960,42072,117797
48961,42073,117800
48962,42074,117801
48963,42075,117805
48964,42075,117808
48965,42076,117809
48966,42077,117811
48967,42078,117821
48968,42079,117823
48969,42080,117822
48970,42081,117828
48971,42082,117829
48972,42083,117832
48973,42084,117834
48974,42085,117837
48975,42086,117839
48976,42086,117837
48977,42087,117844
48978,42087,117846
48979,42088,117849
48980,42088,117851
48981,42089,117850
48982,42089,117851
48983,42090,117853
48984,42090,117852
48985,42091,117852
48986,42091,117853
48987,42092,117863
48988,42093,117867
48989,42094,117864
48990,42095,117872
48991,42096,117873
48992,42097,117883
48993,42097,117882
48994,42098,117891
48995,42098,117889
48996,42099,117888
48997,42100,117892
48998,42101,117897
48999,42102,117898
49000,42103,117899
49001,42104,117902
49002,42104,117901
49003,42105,117906
49004,42106,117909
49005,42106,117907
49006,42107,117908
49007,42108,117911
49008,42109,117912
49009,42110,117916
49010,42111,117918
49011,42112,117920
49012,42112,117921
49013,42113,117922
49014,42113,117923
49015,42114,117929
49016,42115,117932
49017,42116,117934
49018,42117,117933
49019,42117,117934
49020,42118,117937
49021,42119,117940
49022,42120,117941
49023,42120,117942
49024,42121,117942
49025,42121,117943
49026,42122,117945
49027,42123,117950
49028,42124,117958
49029,42124,117959
49030,42125,117971
49031,42125,117974
49032,42126,117973
49033,42127,117975
49034,42128,117977
49035,42128,117976
49036,42129,117982
49037,42130,117984
49038,42131,117987
49039,42132,117990
49040,42133,117999
49041,42134,117998
49042,42135,118000
49043,42136,118004
49044,42136,118003
49045,42137,118010
49046,42138,118011
49047,42139,118018
49048,42140,118021
49049,42141,118023
49050,42142,118025
49051,42143,118024
49052,42144,118031
49053,42145,118035
49054,42146,118034
49055,42147,118036
49056,42148,118038
49057,42149,118046
49058,42150,118050
49059,42151,118049
49060,42152,118055
49061,42153,118056
49062,42154,118057
49063,42155,118060
49064,42156,118061
49065,42156,118060
49066,42157,118065
49067,42157,118064
49068,42158,118063
49069,42159,118067
49070,42160,118072
49071,42161,118074
49072,42161,118075
49073,42162,118076
49074,42163,118077
49075,42164,118079
49076,42165,118086
49077,42166,118085
49078,42166,118086
49079,42167,118087
49080,42168,118091
49081,42169,118093
49082,42170,118097
49083,42171,118098
49084,42171,118097
49085,42172,118105
49086,42172,118104
49087,42173,118104
49088,42174,118114
49089,42175,118113
49090,42176,118115
49091,42177,118119
49092,42178,118121
49093,42179,118120
49094,42179,118121
49095,42180,118122
49096,42181,118135
49097,42182,118137
49098,42183,118138
49099,42184,118142
49100,42184,118140
49101,42185,118143
49102,42186,118145
49103,42187,118151
49104,42188,118161
49105,42189,118164
49106,42190,118163
49107,42191,118167
49108,42192,118166
49109,42193,118179
49110,42193,118178
49111,42194,118178
49112,42195,118183
49113,42196,118189
49114,42196,118190
49115,42197,118191
49116,42197,118190
49117,42198,118196
49118,42199,118195
49119,42200,118200
49120,42201,118198
49121,42202,118201
49122,42203,118205
49123,42203,118204
49124,42204,118202
49125,42205,118210
49126,42206,118215
49127,42207,118217
49128,42208,118219
49129,42209,118224
49130,42210,118232
49131,42211,118237
49132,42212,118240
49133,42213,118241
49134,42213,118240
49135,42214,118244
49136,42215,118249
49137,42216,118253
49138,42217,118254
49139,42218,118255
49140,42219,118260
49141,42220,118259
49142,42221,118263
49143,42222,118265
49144,42223,118266
49145,42223,118267
49146,42224,118269
49147,42225,118271
49148,42226,118276
49149,42227,118282
49150,42228,118280
49151,42229,118284
49152,42230,118292
49153,42231,118293
49154,42232,118294
49155,42233,118295
49156,42234,118296
49157,42235,118300
49158,42236,118301
49159,42237,118305
49160,42238,118303
49161,42239,118308
49162,42239,118307
49163,42240,118306
49164,42241,118310
49165,42242,118312
49166,42243,118314
49167,42244,118315
49168,42245,118323
49169,42246,118324
49170,42247,118327
49171,42248,118328
49172,42249,118333
49173,42250,118335
49174,42251,118337
49175,42252,118338
49176,42253,118343
49177,42254,118341
49178,42255,118345
49179,42256,118346
49180,42257,118353
49181,42258,118359
49182,42259,118367
49183,42259,118369
49184,42260,118368
49185,42261,118375
49186,42262,118376
49187,42263,118378
49188,42264,118380
49189,42265,118381
49190,42266,118383
49191,42266,118381
49192,42267,118388
49193,42268,118387
49194,42269,118389
49195,42270,118394
49196,42271,118398
49197,42272,118396
49198,42273,118401
49199,42274,118403
49200,42274,118404
49201,42275,118402
49202,42276,118406
49203,42277,118413
49204,42278,118418
49205,42279,118419
49206,42280,118423
49207,42280,118424
49208,42281,118424
49209,42282,118427
49210,42283,118429
49211,42284,118443
49212,42285,118448
49213,42286,118447
49214,42287,118452
49215,42288,118454
49216,42289,118455
49217,42290,118458
49218,42290,118457
49219,42291,118459
49220,42292,118461
49221,42292,118460
49222,42293,118460
49223,42293,118461
49224,42294,118463
49225,42295,118462
49226,42296,118471
49227,42296,118473
49228,42297,118479
49229,42298,118487
49230,42299,118495
49231,42300,118497
49232,42301,118502
49233,42302,118501
49234,42303,118508
49235,42303,118507
49236,42304,118507
49237,42304,118509
49238,42305,118511
49239,42306,118512
49240,42307,118513
49241,42308,118517
49242,42309,118524
49243,42309,118523
49244,42310,118525
49245,42311,118529
49246,42311,118526
49247,42312,118528
49248,42313,118531
49249,42314,118534
49250,42315,118533
49251,42316,118540
49252,42317,118542
49253,42318,118544
49254,42319,118545
49255,42320,118546
49256,42321,118549
49257,42322,118551
49258,42322,118550
49259,42323,118552
49260,42324,118553
49261,42325,118555
49262,42325,118554
49263,42326,118559
49264,42326,118556
49265,42327,118564
49266,42328,118567
49267,42329,118580
49268,42330,118582
49269,42331,118586
49270,42332,118591
49271,42333,118592
49272,42334,118593
49273,42335,118595
49274,42336,118598
49275,42337,118601
49276,42337,118599
49277,42338,118604
49278,42339,118610
49279,42340,118611
49280,42341,118617
49281,42342,118618
49282,42343,118627
49283,42344,118625
49284,42345,118633
49285,42346,118634
49286,42347,118637
49287,42348,118641
49288,42349,118642
49289,42350,118646
49290,42350,118645
49291,42351,118645
49292,42352,118647
49293,42353,118649
49294,42353,118648
49295,42354,118651
49296,42355,118654
49297,42356,118657
49298,42357,118658
49299,42358,118661
49300,42359,118659
49301,42359,118660
49302,42360,118662
49303,42361,118665
49304,42361,118664
49305,42362,118667
49306,42363,118670
49307,42363,118669
49308,42364,118669
49309,42364,118670
49310,42365,118673
49311,42366,118672
49312,42367,118674
49313,42368,118675
49314,42369,118676
49315,42370,118678
49316,42371,118679
49317,42372,118685
49318,42372,118683
49319,42373,118683
49320,42374,118687
49321,42374,118688
49322,42375,118689
49323,42376,118691
49324,42376,118690
49325,42377,118690
49326,42378,118694
49327,42378,118695
49328,42379,118695
49329,42379,118694
49330,42380,118698
49331,42381,118699
49332,42382,118702
49333,42383,118703
49334,42384,118704
49335,42385,118706
49336,42386,118709
49337,42387,118707
49338,42388,118711
49339,42388,118712
49340,42389,118712
49341,42389,118711
49342,42390,118713
49343,42391,118714
49344,42392,118719
49345,42393,118718
49346,42394,118723
49347,42394,118725
49348,42395,118722
49349,42396,118732
49350,42397,118740
49351,42398,118741
49352,42399,118742
49353,42400,118744
49354,42401,118745
49355,42402,118746
49356,42403,118747
49357,42404,118748
49358,42405,118757
49359,42406,118755
49360,42407,118759
49361,42408,118761
49362,42409,118762
49363,42409,118763
49364,42410,118767
49365,42411,118766
49366,42412,118770
49367,42413,118769
49368,42414,118771
49369,42415,118772
49370,42416,118773
49371,42416,118774
49372,42417,118774
49373,42418,118777
49374,42419,118778
49375,42420,118782
49376,42421,118781
49377,42422,118784
49378,42423,118787
49379,42424,118792
49380,42425,118799
49381,42426,118797
49382,42427,118806
49383,42428,118809
49384,42429,118810
49385,42429,118809
49386,42430,118817
49387,42431,118823
49388,42432,118825
49389,42433,118827
49390,42434,118826
49391,42435,118828
49392,42436,118832
49393,42437,118833
49394,42438,118837
49395,42439,118841
49396,42440,118842
49397,42441,118843
49398,42442,118844
49399,42443,118845
49400,42444,118859
49401,42445,118860
49402,42446,118863
49403,42447,118861
49404,42448,118866
49405,42449,118870
49406,42450,118869
49407,42451,118872
49408,42452,118876
49409,42452,118877
49410,42453,118878
49411,42454,118882
49412,42455,118883
49413,42456,118886
49414,42457,118887
49415,42458,118890
49416,42459,118901
49417,42460,118902
49418,42461,118905
49419,42462,118907
49420,42463,118912
49421,42464,118919
49422,42465,118922
49423,42466,118921
49424,42466,118923
49425,42467,118927
49426,42468,118930
49427,42469,118931
49428,42470,118936
49429,42471,118942
49430,42472,118941
49431,42473,118945
49432,42474,118946
49433,42475,118947
49434,42476,118950
49435,42477,118956
49436,42478,118957
49437,42479,118958
49438,42480,118965
49439,42481,118964
49440,42482,118966
49441,42483,118967
49442,42484,118973
49443,42485,118976
49444,42486,118978
49445,42487,118982
49446,42487,118981
49447,42488,118980
49448,42489,118983
49449,42490,118985
49450,42491,118984
49451,42491,118985
49452,42492,118993
49453,42493,118997
49454,42494,118999
49455,42495,119005
49456,42496,119008
49457,42497,119009
49458,42498,119011
49459,42499,119015
49460,42500,119016
49461,42501,119017
49462,42502,119024
49463,42503,119026
49464,42504,119033
49465,42505,119036
49466,42506,119040
49467,42507,119041
49468,42508,119042
49469,42509,119044
49470,42510,119043
49471,42510,119046
49472,42511,119047
49473,42512,119049
49474,42513,119051
49475,42513,119050
49476,42514,119050
49477,42515,119053
49478,42515,119052
49479,42516,119052
49480,42517,119058
49481,42518,119061
49482,42519,119069
49483,42520,119067
49484,42521,119070
49485,42522,119071
49486,42523,119073
49487,42524,119072
49488,42525,119074
49489,42526,119075
49490,42527,119077
49491,42527,119076
49492,42528,119076
49493,42529,119080
49494,42529,119079
49495,42530,119083
49496,42531,119087
49497,42532,119090
49498,42533,119091
49499,42533,119093
49500,42534,119095
49501,42535,119098
49502,42536,119099
49503,42537,119106
49504,42538,119105
49505,42539,119111
49506,42540,119116
49507,42541,119115
49508,42541,119116
49509,42542,119119
49510,42542,119118
49511,42543,119118
49512,42544,119125
49513,42545,119129
49514,42546,119135
49515,42547,119148
49516,42548,119147
49517,42549,119152
49518,42550,119155
49519,42550,119154
49520,42551,119154
49521,42552,119164
49522,42553,119172
49523,42554,119177
49524,42554,119176
49525,42555,119175
49526,42555,119176
49527,42556,119179
49528,42557,119181
49529,42557,119180
49530,42558,119182
49531,42559,119185
49532,42560,119184
49533,42561,119188
49534,42562,119187
49535,42563,119192
49536,42563,119191
49537,42564,119191
49538,42565,119196
49539,42565,119193
49540,42566,119194
49541,42567,119200
49542,42568,119199
49543,42569,119203
49544,42570,119205
49545,42571,119218
49546,42572,119220
49547,42573,119221
49548,42574,119234
49549,42575,119236
49550,42576,119237
49551,42577,119238
49552,42578,119240
49553,42579,119241
49554,42580,119243
49555,42581,119244
49556,42582,119246
49557,42583,119254
49558,42584,119253
49559,42585,119256
49560,42586,119263
49561,42587,119262
49562,42588,119267
49563,42589,119272
49564,42590,119271
49565,42591,119273
49566,42591,119274
49567,42592,119275
49568,42593,119277
49569,42593,119278
49570,42594,119279
49571,42595,119281
49572,42596,119282
49573,42596,119281
49574,42597,119284
49575,42598,119283
49576,42599,119285
49577,42600,119288
49578,42601,119289
49579,42602,119290
49580,42603,119292
49581,42604,119295
49582,42604,119294
49583,42605,119294
49584,42605,119295
49585,42606,119300
49586,42607,119301
49587,42607,119302
49588,42608,119302
49589,42609,119304
49590,42610,119305
49591,42611,119307
49592,42611,119306
49593,42612,119310
49594,42613,119309
49595,42613,119310
49596,42614,119311
49597,42615,119313
49598,42615,119314
49599,42616,119314
49600,42616,119313
49601,42617,119320
49602,42618,119322
49603,42619,119321
49604,42620,119325
49605,42621,119323
49606,42622,119329
49607,42623,119330
49608,42624,119331
49609,42624,119330
49610,42625,119332
49611,42626,119337
49612,42627,119335
49613,42628,119339
49614,42629,119341
49615,42630,119340
49616,42631,119342
49617,42632,119343
49618,42633,119344
49619,42633,119345
49620,42634,119346
49621,42635,119347
49622,42636,119350
49623,42637,119349
49624,42638,119351
49625,42639,119357
49626,42640,119356
49627,42641,119360
49628,42641,119359
49629,42642,119359
49630,42642,119358
49631,42643,119365
49632,42644,119369
49633,42644,119366
49634,42645,119371
49635,42645,119372
49636,42646,119373
49637,42647,119376
49638,42648,119378
49639,42649,119379
49640,42650,119380
49641,42651,119382
49642,42652,119385
49643,42652,119384
49644,42653,119384
49645,42654,119386
49646,42655,119389
49647,42656,119388
49648,42656,119389
49649,42657,119394
49650,42658,119396
49651,42659,119395
49652,42660,119400
49653,42661,119403
49654,42662,119404
49655,42663,119405
49656,42664,119411
49657,42665,119414
49658,42666,119418
49659,42667,119419
49660,42668,119424
49661,42668,119426
49662,42669,119430
49663,42670,119431
49664,42671,119440
49665,42672,119442
49666,42672,119444
49667,42673,119443
49668,42674,119448
49669,42675,119452
49670,42676,119454
49671,42677,119455
49672,42678,119456
49673,42679,119459
49674,42680,119460
49675,42681,119461
49676,42681,119462
49677,42682,119464
49678,42682,119465
49679,42683,119466
49680,42684,119471
49681,42685,119474
49682,42686,119477
49683,42687,119478
49684,42688,119479
49685,42689,119488
49686,42690,119493
49687,42691,119497
49688,42692,119498
49689,42693,119508
49690,42694,119509
49691,42695,119516
49692,42696,119514
49693,42696,119515
49694,42697,119518
49695,42698,119519
49696,42698,119518
49697,42699,119527
49698,42700,119528
49699,42701,119529
49700,42702,119533
49701,42703,119530
49702,42704,119539
49703,42705,119538
49704,42706,119547
49705,42706,119548
49706,42707,119551
49707,42708,119550
49708,42709,119552
49709,42710,119560
49710,42711,119559
49711,42711,119560
49712,42712,119572
49713,42713,119570
49714,42714,119577
49715,42715,119580
49716,42716,119582
49717,42717,119587
49718,42718,119588
49719,42719,119589
49720,42720,119591
49721,42720,119590
49722,42721,119590
49723,42722,119595
49724,42722,119596
49725,42723,119596
49726,42723,119595
49727,42724,119597
49728,42725,119600
49729,42726,119604
49730,42727,119603
49731,42728,119608
49732,42728,119605
49733,42729,119605
49734,42729,119608
49735,42730,119609
49736,42731,119611
49737,42732,119619
49738,42733,119620
49739,42734,119621
49740,42735,119623
49741,42736,119624
49742,42737,119626
49743,42738,119629
49744,42739,119630
49745,42740,119634
49746,42741,119640
49747,42742,119649
49748,42742,119648
49749,42743,119648
49750,42744,119650
49751,42745,119653
49752,42746,119654
49753,42747,119661
49754,42748,119664
49755,42749,119663
49756,42750,119665
49757,42751,119666
49758,42752,119669
49759,42753,119667
49760,42754,119672
49761,42754,119673
49762,42755,119671
49763,42756,119676
49764,42757,119675
49765,42758,119678
49766,42759,119681
49767,42760,119684
49768,42760,119683
49769,42761,119691
49770,42761,119692
49771,42762,119690
49772,42763,119693
49773,42764,119694
49774,42765,119696
49775,42766,119700
49776,42767,119701
49777,42768,119704
49778,42768,119706
49779,42769,119706
49780,42769,119705
49781,42770,119707
49782,42771,119708
49783,42772,119712
49784,42773,119716
49785,42773,119714
49786,42774,119719
49787,42774,119717
49788,42775,119725
49789,42776,119726
49790,42776,119728
49791,42777,119729
49792,42777,119730
49793,42778,119732
49794,42779,119738
49795,42780,119742
49796,42781,119743
49797,42782,119744
49798,42782,119745
49799,42783,119747
49800,42784,119751
49801,42784,119750
49802,42785,119748
49803,42786,119756
49804,42787,119762
49805,42787,119763
49806,42788,119766
49807,42788,119765
49808,42789,119765
49809,42790,119767
49810,42791,119774
49811,42792,119775
49812,42792,119774
49813,42793,119776
49814,42793,119777
49815,42794,119777
49816,42795,119779
49817,42796,119783
49818,42796,119784
49819,42797,119784
49820,42798,119786
49821,42799,119791
49822,42799,119788
49823,42800,119794
49824,42801,119792
49825,42802,119796
49826,42802,119798
49827,42803,119798
49828,42804,119799
49829,42805,119803
49830,42805,119802
49831,42806,119802
49832,42807,119804
49833,42808,119806
49834,42809,119805
49835,42809,119806
49836,42810,119807
49837,42811,119812
49838,42811,119811
49839,42812,119811
49840,42812,119812
49841,42813,119814
49842,42814,119817
49843,42814,119819
49844,42815,119819
49845,42815,119818
49846,42816,119823
49847,42817,119820
49848,42817,119822
49849,42818,119825
49850,42819,119833
49851,42820,119839
49852,42821,119837
49853,42822,119845
49854,42823,119848
49855,42824,119851
49856,42825,119853
49857,42826,119855
49858,42827,119861
49859,42828,119862
49860,42829,119863
49861,42830,119867
49862,42830,119866
49863,42831,119866
49864,42832,119868
49865,42833,119869
49866,42834,119871
49867,42835,119872
49868,42836,119873
49869,42836,119874
49870,42837,119875
49871,42838,119877
49872,42838,119879
49873,42839,119879
49874,42840,119882
49875,42840,119881
49876,42841,119883
49877,42842,119884
49878,42843,119885
49879,42844,119886
49880,42845,119895
49881,42845,119893
49882,42846,119893
49883,42847,119897
49884,42848,119900
49885,42849,119901
49886,42850,119905
49887,42850,119906
49888,42851,119908
49889,42852,119909
49890,42853,119910
49891,42853,119909
49892,42854,119917
49893,42855,119921
49894,42856,119919
49895,42857,119922
49896,42858,119924
49897,42859,119925
49898,42859,119926
49899,42860,119929
49900,42861,119935
49901,42862,119937
49902,42863,119943
49903,42864,119947
49904,42865,119948
49905,42866,119950
49906,42866,119951
49907,42867,119951
49908,42867,119950
49909,42868,119955
49910,42868,119956
49911,42869,119959
49912,42870,119960
49913,42871,119964
49914,42872,119967
49915,42873,119970
49916,42874,119975
49917,42875,119976
49918,42876,119977
49919,42877,119981
49920,42877,119979
49921,42878,119982
49922,42879,119983
49923,42880,119987
49924,42881,119986
49925,42882,119990
49926,42883,119989
49927,42883,119990
49928,42884,119991
49929,42885,119994
49930,42886,120004
49931,42887,120003
49932,42888,120009
49933,42888,120010
49934,42889,120010
49935,42890,120011
49936,42891,120016
49937,42892,120019
49938,42893,120032
49939,42894,120040
49940,42895,120041
49941,42896,120042
49942,42897,120043
49943,42898,120045
49944,42899,120051
49945,42900,120050
49946,42900,120051
49947,42901,120052
49948,42902,120054
49949,42903,120055
49950,42904,120058
49951,42905,120066
49952,42906,120068
49953,42907,120067
49954,42907,120068
49955,42908,120072
49956,42909,120086
49957,42910,120084
49958,42911,120090
49959,42912,120087
49960,42913,120091
49961,42914,120093
49962,42915,120097
49963,42916,120098
49964,42916,120099
49965,42917,120107
49966,42918,120108
49967,42919,120118
49968,42919,120116
49969,42920,120117
49970,42921,120120
49971,42922,120121
49972,42923,120123
49973,42924,120125
49974,42925,120128
49975,42926,120137
49976,42927,120140
49977,42927,120139
49978,42928,120141
49979,42929,120143
49980,42929,120142
49981,42930,120148
49982,42931,120153
49983,42932,120154
49984,42933,120155
49985,42934,120156
49986,42935,120159
49987,42936,120162
49988,42937,120161
49989,42938,120166
49990,42939,120171
49991,42940,120174
49992,42940,120175
49993,42941,120176
49994,42942,120183
49995,42943,120184
49996,42944,120186
49997,42945,120185
49998,42946,120189
49999,42946,120188
50000,42947,120188
50001,42948,120194
50002,42949,120195
50003,42950,120196
50004,42951,120199
50005,42952,120200
50006,42953,120201
50007,42954,120204
50008,42955,120205
50009,42955,120204
50010,42956,120207
50011,42957,120212
50012,42957,120209
50013,42958,120210
50014,42959,120213
50015,42960,120214
50016,42961,120221
50017,42962,120223
50018,42963,120224
50019,42964,120230
50020,42965,120236
50021,42966,120237
50022,42967,120238
50023,42968,120242
50024,42969,120240
50025,42970,120250
50026,42970,120247
50027,42971,120251
50028,42972,120254
50029,42973,120252
50030,42974,120262
50031,42975,120261
50032,42976,120267
50033,42977,120268
50034,42978,120270
50035,42979,120278
50036,42980,120280
50037,42981,120282
50038,42982,120283
50039,42983,120287
50040,42984,120296
50041,42985,120297
50042,42986,120298
50043,42987,120307
50044,42988,120306
50045,42989,120315
50046,42990,120319
50047,42991,120323
50048,42992,120326
50049,42992,120325
50050,42993,120327
50051,42994,120335
50052,42995,120339
50053,42996,120338
50054,42997,120342
50055,42998,120343
50056,42999,120347
50057,42999,120346
50058,43000,120353
50059,43000,120352
50060,43001,120350
50061,43002,120354
50062,43003,120359
50063,43004,120361
50064,43005,120365
50065,43006,120364
50066,43007,120368
50067,43008,120367
50068,43009,120369
50069,43010,120376
50070,43011,120382
50071,43011,120383
50072,43012,120387
50073,43013,120388
50074,43014,120391
50075,43015,120390
50076,43015,120391
50077,43016,120392
50078,43017,120396
50079,43018,120399
50080,43019,120422
50081,43020,120423
50082,43021,120427
50083,43022,120426
50084,43022,120427
50085,43023,120429
50086,43024,120428
50087,43024,120429
50088,43025,120432
50089,43026,120436
50090,43027,120441
50091,43028,120442
50092,43029,120443
50093,43030,120445
50094,43031,120449
50095,43032,120453
50096,43033,120456
50097,43034,120466
50098,43035,120467
50099,43036,120472
50100,43037,120474
50101,43038,120477
50102,43039,120479
50103,43040,120480
50104,43040,120483
50105,43041,120484
50106,43041,120486
50107,43042,120487
50108,43043,120492
50109,43044,120501
50110,43045,120504
50111,43046,120506
50112,43047,120508
50113,43047,120507
50114,43048,120507
50115,43049,120511
50116,43049,120509
50117,43050,120512
50118,43050,120511
50119,43051,120519
50120,43052,120518
50121,43053,120520
50122,43054,120522
50123,43055,120524
50124,43056,120527
50125,43057,120529
50126,43057,120528
50127,43058,120531
50128,43059,120532
50129,43060,120536
50130,43061,120539
50131,43062,120540
50132,43063,120545
50133,43064,120543
50134,43065,120547
50135,43066,120546
50136,43067,120556
50137,43068,120554
50138,43069,120561
50139,43069,120559
50140,43070,120559
50141,43071,120563
50142,43072,120564
50143,43073,120567
50144,43074,120568
50145,43075,120574
50146,43076,120578
50147,43076,120576
50148,43077,120576
50149,43078,120582
50150,43079,120584
50151,43079,120583
50152,43080,120585
50153,43080,120584
50154,43081,120589
50155,43082,120590
50156,43083,120591
50157,43084,120597
50158,43084,120596
50159,43085,120601
50160,43086,120605
50161,43086,120604
50162,43087,120604
50163,43087,120605
50164,43088,120606
50165,43089,120608
50166,43090,120617
50167,43091,120620
50168,43092,120621
50169,43093,120627
50170,43094,120629
50171,43095,120628
50172,43096,120630
50173,43097,120633
50174,43098,120636
50175,43099,120635
50176,43100,120645
50177,43101,120643
50178,43102,120647
50179,43103,120649
50180,43104,120654
50181,43105,120655
50182,43106,120656
50183,43107,120658
50184,43108,120669
50185,43108,120667
50186,43109,120676
50187,43110,120686
50188,43111,120688
50189,43112,120689
50190,43113,120690
50191,43114,120702
50192,43115,120703
50193,43116,120706
50194,43117,120708
50195,43118,120713
50196,43119,120719
50197,43120,120724
50198,43121,120727
50199,43122,120737
50200,43123,120736
50201,43124,120738
50202,43125,120739
50203,43126,120742
50204,43127,120749
50205,43128,120754
50206,43129,120756
50207,43129,120758
50208,43130,120758
50209,43131,120759
50210,43132,120760
50211,43133,120765
50212,43134,120766
50213,43135,120770
50214,43136,120773
50215,43136,120771
50216,43137,120771
50217,43138,120774
50218,43139,120781
50219,43140,120782
50220,43141,120787
50221,43142,120785
50222,43143,120794
50223,43144,120793
50224,43145,120799
50225,43145,120798
50226,43146,120798
50227,43146,120799
50228,43147,120809
50229,43148,120810
50230,43149,120822
50231,43150,120833
50232,43150,120832
50233,43151,120832
50234,43152,120835
50235,43153,120836
50236,43154,120840
50237,43155,120839
50238,43156,120841
50239,43156,120842
50240,43157,120842
50241,43158,120850
50242,43159,120852
50243,43160,120851
50244,43161,120853
50245,43162,120854
50246,43163,120855
50247,43163,120856
50248,43164,120859
50249,43165,120862
50250,43165,120860
50251,43166,120863
50252,43167,120865
50253,43168,120864
50254,43168,120865
50255,43169,120870
50256,43169,120869
50257,43170,120872
50258,43170,120871
50259,43171,120874
50260,43172,120877
50261,43173,120879
50262,43174,120881
50263,43175,120888
50264,43176,120887
50265,43176,120886
50266,43177,120890
50267,43178,120895
50268,43179,120898
50269,43180,120900
50270,43181,120908
50271,43182,120909
50272,43183,120911
50273,43184,120912
50274,43184,120913
50275,43185,120914
50276,43186,120927
50277,43187,120926
50278,43188,120928
50279,43189,120929
50280,43190,120930
50281,43191,120932
50282,43192,120931
50283,43193,120933
50284,43194,120934
50285,43195,120938
50286,43196,120940
50287,43196,120941
50288,43197,120942
50289,43197,120940
50290,43198,120947
50291,43199,120946
50292,43200,120950
50293,43201,120952
50294,43202,120955
50295,43203,120959
50296,43204,120958
50297,43204,120957
50298,43205,120960
50299,43206,120962
50300,43207,120965
50301,43208,120970
50302,43209,120971
50303,43209,120969
50304,43210,120976
50305,43211,120975
50306,43212,120979
50307,43212,120980
50308,43213,120980
50309,43214,120983
50310,43215,120984
50311,43216,120987
50312,43217,120994
50313,43218,120996
50314,43219,120999
50315,43220,121001
50316,43221,121004
50317,43222,121003
50318,43223,121006
50319,43224,121010
50320,43225,121013
50321,43226,121011
50322,43227,121015
50323,43228,121016
50324,43229,121017
50325,43230,121020
50326,43231,121022
50327,43232,121023
50328,43233,121032
50329,43234,121034
50330,43235,121036
50331,43235,121037
50332,43236,121035
50333,43236,121036
50334,43237,121041
50335,43237,121039
50336,43238,121039
50337,43239,121043
50338,43240,121042
50339,43241,121045
50340,43242,121052
50341,43243,121051
50342,43243,121052
50343,43244,121055
50344,43245,121057
50345,43246,121056
50346,43247,121061
50347,43248,121072
50348,43249,121073
50349,43250,121075
50350,43251,121076
50351,43252,121082
50352,43253,121083
50353,43253,121085
50354,43254,121086
50355,43255,121087
50356,43256,121091
50357,43257,121093
50358,43257,121092
50359,43258,121097
50360,43259,121095
50361,43260,121098
50362,43260,121099
50363,43261,121105
50364,43262,121106
50365,43263,121109
50366,43263,121108
50367,43264,121108
50368,43265,121113
50369,43266,121111
50370,43267,121117
50371,43267,121114
50372,43268,121114
50373,43269,121120
50374,43270,121119
50375,43270,121118
50376,43271,121123
50377,43271,121124
50378,43272,121126
50379,43273,121128
50380,43274,121130
50381,43274,121129
50382,43275,121129
50383,43275,121130
50384,43276,121138
50385,43276,121139
50386,43277,121141
50387,43278,121145
50388,43278,121142
50389,43279,121142
50390,43280,121155
50391,43281,121164
50392,43282,121169
50393,43283,121171
50394,43284,121173
50395,43284,121171
50396,43285,121174
50397,43286,121177
50398,43286,121175
50399,43287,121175
50400,43288,121183
50401,43289,121182
50402,43290,121187
50403,43291,121189
50404,43292,121194
50405,43293,121195
50406,43294,121197
50407,43294,121196
50408,43295,121199
50409,43296,121198
50410,43297,121201
50411,43298,121205
50412,43299,121210
50413,43299,121209
50414,43300,121214
50415,43301,121212
50416,43301,121213
50417,43302,121216
50418,43302,121215
50419,43303,121222
50420,43304,121225
50421,43304,121226
50422,43305,121226
50423,43306,121234
50424,43307,121235
50425,43308,121236
50426,43309,121237
50427,43310,121242
50428,43310,121240
50429,43311,121239
50430,43312,121243
50431,43313,121245
50432,43314,121254
50433,43315,121256
50434,43316,121257
50435,43316,121255
50436,43317,121258
50437,43318,121260
50438,43319,121261
50439,43320,121263
50440,43320,121262
50441,43321,121262
50442,43321,121263
50443,43322,121266
50444,43323,121268
50445,43324,121270
50446,43324,121272
50447,43325,121272
50448,43326,121273
50449,43327,121276
50450,43328,121279
50451,43329,121280
50452,43330,121281
50453,43331,121283
50454,43331,121282
50455,43332,121284
50456,43333,121285
50457,43334,121287
50458,43335,121289
50459,43336,121291
50460,43337,121297
50461,43338,121301
50462,43339,121303
50463,43340,121304
50464,43341,121313
50465,43342,121311
50466,43343,121316
50467,43344,121320
50468,43345,121319
50469,43346,121323
50470,43347,121324
50471,43348,121327
50472,43348,121328
50473,43349,121329
50474,43350,121334
50475,43351,121352
50476,43352,121353
50477,43353,121354
50478,43354,121355
50479,43355,121359
50480,43356,121360
50481,43356,121361
50482,43357,121364
50483,43358,121363
50484,43359,121366
50485,43360,121376
50486,43361,121389
50487,43361,121387
50488,43362,121390
50489,43363,121391
50490,43364,121392
50491,43365,121400
50492,43365,121401
50493,43366,121401
50494,43366,121403
50495,43367,121404
50496,43368,121407
50497,43369,121414
50498,43370,121416
50499,43371,121419
50500,43372,121421
50501,43373,121420
50502,43374,121423
50503,43375,121437
50504,43376,121436
50505,43377,121438
50506,43378,121439
50507,43379,121442
50508,43380,121441
50509,43381,121448
50510,43382,121457
50511,43383,121456
50512,43384,121460
50513,43385,121463
50514,43386,121465
50515,43387,121468
50516,43388,121471
50517,43389,121474
50518,43390,121475
50519,43391,121478
50520,43392,121481
50521,43392,121479
50522,43393,121484
50523,43394,121485
50524,43395,121489
50525,43395,121487
50526,43396,121490
50527,43397,121491
50528,43398,121496
50529,43399,121498
50530,43400,121500
50531,43401,121506
50532,43402,121505
50533,43402,121506
50534,43403,121507
50535,43403,121510
50536,43404,121510
50537,43405,121515
50538,43406,121517
50539,43407,121518
50540,43408,121520
50541,43409,121522
50542,43410,121527
50543,43411,121529
50544,43412,121533
50545,43412,121531
50546,43413,121537
50547,43414,121542
50548,43415,121545
50549,43416,121550
50550,43417,121549
50551,43418,121551
50552,43419,121558
50553,43420,121561
50554,43421,121565
50555,43422,121566
50556,43423,121568
50557,43424,121570
50558,43425,121573
50559,43426,121578
50560,43427,121577
50561,43428,121581
50562,43428,121583
50563,43429,121585
50564,43429,121584
50565,43430,121592
50566,43431,121595
50567,43432,121602
50568,43433,121608
50569,43434,121609
50570,43434,121610
50571,43435,121610
50572,43436,121613
50573,43437,121621
50574,43438,121618
50575,43439,121622
50576,43440,121625
50577,43441,121626
50578,43441,121624
50579,43442,121633
50580,43443,121645
50581,43444,121643
50582,43445,121648
50583,43446,121651
50584,43446,121648
50585,43447,121653
50586,43447,121654
50587,43448,121657
50588,43448,121656
50589,43449,121656
50590,43450,121665
50591,43451,121667
50592,43452,121670
50593,43452,121669
50594,43453,121673
50595,43453,121672
50596,43454,121672
50597,43455,121678
50598,43455,121677
50599,43456,121677
50600,43456,121678
50601,43457,121681
50602,43457,121679
50603,43458,121687
50604,43459,121689
50605,43459,121688
50606,43460,121691
50607,43461,121697
50608,43462,121699
50609,43462,121698
50610,43463,121701
50611,43464,121703
50612,43465,121702
50613,43466,121707
50614,43466,121706
50615,43467,121710
50616,43467,121709
50617,43468,121709
50618,43469,121715
50619,43470,121714
50620,43471,121718
50621,43472,121720
50622,43472,121721
50623,43473,121721
50624,43474,121724
50625,43475,121725
50626,43476,121727
50627,43477,121726
50628,43477,121728
50629,43478,121730
50630,43479,121729
50631,43480,121735
50632,43481,121742
50633,43482,121751
50634,43482,121752
50635,43483,121750
50636,43483,121752
50637,43484,121756
50638,43485,121754
50639,43486,121761
50640,43487,121763
50641,43487,121764
50642,43488,121764
50643,43489,121768
50644,43490,121767
50645,43491,121769
50646,43492,121772
50647,43493,121775
50648,43494,121774
50649,43495,121776
50650,43496,121777
50651,43497,121785
50652,43498,121784
50653,43499,121791
50654,43499,121792
50655,43500,121800
50656,43501,121803
50657,43501,121805
50658,43502,121806
50659,43503,121807
50660,43504,121809
50661,43505,121810
50662,43506,121815
50663,43507,121820
50664,43508,121823
50665,43509,121824
50666,43510,121828
50667,43511,121832
50668,43512,121837
50669,43513,121841
50670,43513,121838
50671,43514,121843
50672,43515,121848
50673,43516,121847
50674,43516,121848
50675,43517,121849
50676,43518,121854
50677,43519,121855
50678,43520,121857
50679,43521,121856
50680,43522,121870
50681,43523,121869
50682,43524,121878
50683,43525,121879
50684,43526,121882
50685,43527,121883
50686,43528,121884
50687,43529,121889
50688,43530,121888
50689,43531,121891
50690,43532,121890
50691,43532,121891
50692,43533,121896
50693,43534,121901
50694,43534,121899
50695,43535,121898
50696,43536,121902
50697,43537,121904
50698,43538,121908
50699,43539,121910
50700,43540,121912
50701,43541,121922
50702,43541,121921
50703,43542,121925
50704,43543,121923
50705,43544,121926
50706,43545,121928
50707,43546,121931
50708,43547,121934
50709,43548,121938
50710,43549,121937
50711,43550,121940
50712,43551,121945
50713,43552,121944
50714,43553,121950
50715,43554,121951
50716,43555,121952
50717,43556,121954
50718,43557,121956
50719,43557,121955
50720,43558,121957
50721,43559,121958
50722,43559,121957
50723,43560,121959
50724,43560,121962
50725,43561,121963
50726,43562,121970
50727,43563,121974
50728,43563,121975
50729,43564,121977
50730,43565,121978
50731,43565,121979
50732,43566,121979
50733,43567,121986
50734,43568,121988
50735,43569,121989
50736,43570,121991
50737,43571,121990
50738,43572,121997
50739,43573,121999
50740,43574,122004
50741,43575,122003
50742,43576,122008
50743,43576,122007
50744,43577,122011
50745,43578,122010
50746,43579,122013
50747,43579,122014
50748,43580,122014
50749,43581,122020
50750,43582,122019
50751,43582,122020
50752,43583,122028
50753,43584,122038
50754,43585,122044
50755,43585,122042
50756,43586,122042
50757,43587,122046
50758,43588,122050
50759,43588,122052
50760,43589,122054
50761,43590,122053
50762,43591,122056
50763,43592,122060
50764,43593,122064
50765,43594,122069
50766,43595,122074
50767,43596,122075
50768,43597,122078
50769,43598,122082
50770,43599,122084
50771,43600,122085
50772,43600,122087
50773,43601,122086
50774,43602,122091
50775,43602,122088
50776,43603,122094
50777,43604,122097
50778,43605,122096
50779,43605,122097
50780,43606,122104
50781,43606,122103
50782,43607,122103
50783,43608,122105
50784,43609,122106
50785,43610,122110
50786,43611,122115
50787,43612,122117
50788,43612,122116
50789,43613,122118
50790,43614,122121
50791,43615,122120
50792,43616,122123
50793,43616,122122
50794,43617,122124
50795,43618,122125
50796,43619,122130
50797,43620,122131
50798,43621,122146
50799,43622,122147
50800,43623,122148
50801,43624,122163
50802,43625,122169
50803,43626,122166
50804,43627,122171
50805,43627,122170
50806,43628,122172
50807,43629,122173
50808,43630,122174
50809,43631,122178
50810,43631,122177
50811,43632,122182
50812,43632,122180
50813,43633,122180
50814,43633,122181
50815,43634,122185
50816,43635,122184
50817,43636,122186
50818,43637,122187
50819,43637,122189
50820,43638,122198
50821,43639,122196
50822,43640,122203
50823,43641,122204
50824,43642,122205
50825,43643,122208
50826,43644,122213
50827,43645,122214
50828,43646,122219
50829,43647,122220
50830,43648,122222
50831,43649,122226
50832,43650,122225
50833,43651,122228
50834,43652,122233
50835,43653,122236
50836,43654,122235
50837,43655,122241
50838,43655,122242
50839,43656,122245
50840,43657,122248
50841,43658,122254
50842,43659,122256
50843,43659,122254
50844,43660,122260
50845,43661,122257
50846,43661,122260
50847,43662,122265
50848,43663,122264
50849,43664,122277
50850,43665,122281
50851,43665,122282
50852,43666,122282
50853,43667,122283
50854,43668,122291
50855,43669,122293
50856,43669,122294
50857,43670,122299
50858,43671,122312
50859,43672,122315
50860,43673,122314
50861,43674,122318
50862,43675,122317
50863,43676,122322
50864,43677,122324
50865,43677,122323
50866,43678,122326
50867,43679,122334
50868,43680,122335
50869,43681,122339
50870,43681,122338
50871,43682,122338
50872,43683,122344
50873,43684,122343
50874,43685,122348
50875,43686,122352
50876,43687,122357
50877,43688,122356
50878,43689,122358
50879,43690,122361
50880,43691,122362
50881,43692,122368
50882,43693,122367
50883,43694,122372
50884,43695,122373
50885,43696,122378
50886,43697,122375
50887,43698,122379
50888,43699,122382
50889,43699,122384
50890,43700,122392
50891,43700,122389
50892,43701,122390
50893,43702,122393
50894,43703,122394
50895,43704,122395
50896,43705,122397
50897,43705,122396
50898,43706,122398
50899,43707,122399
50900,43708,122404
50901,43709,122405
50902,43710,122410
50903,43711,122415
50904,43712,122416
50905,43712,122415
50906,43713,122418
50907,43714,122420
50908,43715,122421
50909,43715,122419
50910,43716,122422
50911,43717,122425
50912,43718,122424
50913,43719,122426
50914,43720,122428
50915,43721,122429
50916,43722,122433
50917,43722,122431
50918,43723,122430
50919,43723,122432
50920,43724,122437
50921,43725,122446
50922,43726,122448
50923,43727,122451
50924,43727,122452
50925,43728,122452
50926,43729,122466
50927,43730,122468
50928,43731,122476
50929,43732,122482
50930,43733,122484
50931,43734,122485
50932,43734,122486
50933,43735,122490
50934,43736,122491
50935,43737,122492
50936,43738,122493
50937,43738,122494
50938,43739,122497
50939,43740,122498
50940,43741,122501
50941,43741,122500
50942,43742,122499
50943,43743,122504
50944,43744,122505
50945,43745,122514
50946,43746,122515
50947,43747,122516
50948,43748,122517
50949,43749,122522
50950,43750,122530
50951,43750,122529
50952,43751,122532
50953,43752,122533
50954,43753,122534
50955,43754,122536
50956,43755,122539
50957,43756,122541
50958,43757,122543
50959,43757,122545
50960,43758,122550
50961,43758,122547
50962,43759,122554
50963,43760,122556
50964,43761,122559
50965,43762,122558
50966,43762,122557
50967,43763,122563
50968,43763,122561
50969,43764,122565
50970,43765,122566
50971,43766,122570
50972,43766,122567
50973,43767,122576
50974,43768,122578
50975,43769,122579
50976,43770,122581
50977,43771,122582
50978,43772,122585
50979,43773,122591
50980,43774,122594
50981,43775,122599
50982,43775,122598
50983,43776,122605
50984,43777,122604
50985,43778,122606
50986,43779,122610
50987,43780,122609
50988,43780,122608
50989,43781,122611
50990,43782,122613
50991,43783,122614
50992,43784,122616
50993,43785,122615
50994,43786,122622
50995,43787,122624
50996,43787,122623
50997,43788,122626
50998,43789,122625
50999,43790,122627
51000,43791,122630
51001,43792,122631
51002,43793,122633
51003,43794,122634
51004,43794,122633
51005,43795,122636
51006,43795,122635
51007,43796,122635
51008,43797,122640
51009,43798,122639
51010,43798,122640
51011,43799,122641
51012,43799,122644
51013,43800,122643
51014,43800,122642
51015,43801,122654
51016,43802,122656
51017,43802,122655
51018,43803,122659
51019,43804,122660
51020,43805,122663
51021,43806,122665
51022,43806,122666
51023,43807,122668
51024,43808,122670
51025,43809,122672
51026,43810,122674
51027,43811,122678
51028,43812,122679
51029,43813,122680
51030,43814,122683
51031,43815,122684
51032,43816,122686
51033,43817,122688
51034,43818,122694
51035,43819,122693
51036,43819,122694
51037,43820,122699
51038,43821,122702
51039,43821,122703
51040,43822,122704
51041,43823,122706
51042,43824,122707
51043,43825,122715
51044,43826,122718
51045,43827,122720
51046,43828,122721
51047,43829,122722
51048,43830,122726
51049,43831,122724
51050,43832,122729
51051,43833,122730
51052,43834,122731
51053,43835,122732
51054,43836,122733
51055,43837,122738
51056,43838,122739
51057,43839,122740
51058,43839,122739
51059,43840,122745
51060,43841,122746
51061,43842,122747
51062,43843,122751
51063,43844,122754
51064,43844,122755
51065,43845,122753
51066,43846,122763
51067,43847,122760
51068,43848,122764
51069,43849,122768
51070,43850,122766
51071,43851,122773
51072,43851,122774
51073,43852,122775
51074,43852,122776
51075,43853,122782
51076,43854,122784
51077,43855,122787
51078,43856,122795
51079,43857,122798
51080,43858,122799
51081,43858,122798
51082,43859,122801
51083,43860,122802
51084,43861,122803
51085,43862,122804
51086,43863,122807
51087,43864,122809
51088,43865,122816
51089,43866,122815
51090,43867,122818
51091,43868,122817
51092,43869,122821
51093,43870,122820
51094,43871,122822
51095,43872,122824
51096,43872,122823
51097,43873,122826
51098,43874,122825
51099,43875,122831
51100,43876,122833
51101,43876,122832
51102,43877,122836
51103,43878,122840
51104,43878,122841
51105,43879,122843
51106,43880,122846
51107,43881,122845
51108,43882,122850
51109,43883,122851
51110,43884,122853
51111,43885,122856
51112,43886,122857
51113,43887,122863
51114,43888,122873
51115,43889,122879
51116,43890,122886
51117,43891,122890
51118,43892,122887
51119,43893,122891
51120,43894,122893
51121,43895,122895
51122,43896,122899
51123,43897,122900
51124,43898,122905
51125,43899,122903
51126,43900,122907
51127,43901,122909
51128,43902,122910
51129,43903,122912
51130,43904,122915
51131,43904,122914
51132,43905,122914
51133,43906,122917
51134,43906,122916
51135,43907,122922
51136,43908,122923
51137,43908,122924
51138,43909,122924
51139,43910,122930
51140,43911,122931
51141,43912,122944
51142,43913,122955
51143,43914,122956
51144,43915,122963
51145,43916,122960
51146,43917,122976
51147,43918,122978
51148,43919,122979
51149,43920,122982
51150,43921,122984
51151,43922,122986
51152,43923,122987
51153,43924,122989
51154,43925,122997
51155,43926,123001
51156,43927,123003
51157,43928,123004
51158,43929,123005
51159,43930,123007
51160,43931,123009
51161,43932,123010
51162,43933,123011
51163,43934,123012
51164,43935,123014
51165,43936,123018
51166,43936,123016
51167,43937,123023
51168,43938,123026
51169,43939,123027
51170,43939,123025
51171,43940,123030
51172,43940,123031
51173,43941,123033
51174,43942,123042
51175,43942,123044
51176,43943,123046
51177,43944,123052
51178,43945,123049
51179,43946,123056
51180,43947,123060
51181,43948,123064
51182,43949,123065
51183,43949,123064
51184,43950,123069
51185,43951,123075
51186,43952,123079
51187,43953,123078
51188,43954,123080
51189,43955,123087
51190,43956,123090
51191,43957,123089
51192,43958,123095
51193,43959,123098
51194,43959,123097
51195,43960,123096
51196,43961,123101
51197,43962,123103
51198,43963,123105
51199,43964,123110
51200,43965,123109
51201,43966,123115
51202,43967,123116
51203,43968,123119
51204,43969,123118
51205,43969,123119
51206,43970,123124
51207,43971,123128
51208,43972,123129
51209,43973,123130
51210,43974,123134
51211,43975,123137
51212,43975,123136
51213,43976,123136
51214,43977,123140
51215,43978,123143
51216,43979,123145
51217,43979,123144
51218,43980,123144
51219,43981,123146
51220,43982,123147
51221,43983,123153
51222,43984,123155
51223,43985,123158
51224,43985,123159
51225,43986,123161
51226,43987,123167
51227,43987,123168
51228,43988,123168
51229,43989,123170
51230,43990,123171
51231,43991,123172
51232,43992,123185
51233,43993,123186
51234,43994,123188
51235,43995,123189
51236,43996,123191
51237,43996,123192
51238,43997,123192
51239,43998,123193
51240,43999,123194
51241,44000,123195
51242,44001,123197
51243,44002,123196
51244,44003,123205
51245,44004,123213
51246,44005,123212
51247,44006,123214
51248,44007,123217
51249,44008,123218
51250,44009,123221
51251,44009,123220
51252,44010,123220
51253,44011,123222
51254,44012,123223
51255,44013,123227
51256,44014,123232
51257,44015,123230
51258,44016,123234
51259,44016,123235
51260,44017,123235
51261,44018,123236
51262,44019,123237
51263,44020,123243
51264,44021,123248
51265,44022,123253
51266,44023,123255
51267,44023,123253
51268,44024,123257
51269,44025,123260
51270,44026,123263
51271,44027,123265
51272,44028,123269
51273,44029,123266
51274,44030,123270
51275,44031,123275
51276,44031,123276
51277,44032,123276
51278,44033,123277
51279,44034,123279
51280,44035,123282
51281,44036,123280
51282,44037,123286
51283,44038,123293
51284,44039,123297
51285,44040,123302
51286,44040,123303
51287,44041,123305
51288,44042,123309
51289,44043,123307
51290,44044,123311
51291,44045,123310
51292,44046,123312
51293,44046,123314
51294,44047,123314
51295,44048,123315
51296,44049,123316
51297,44050,123320
51298,44050,123317
51299,44051,123321
51300,44052,123331
51301,44053,123330
51302,44054,123336
51303,44055,123333
51304,44056,123337
51305,44057,123340
51306,44058,123339
51307,44059,123342
51308,44060,123349
51309,44061,123350
51310,44062,123352
51311,44063,123357
51312,44063,123356
51313,44064,123360
51314,44065,123361
51315,44066,123364
51316,44067,123365
51317,44068,123376
51318,44069,123375
51319,44070,123377
51320,44071,123382
51321,44072,123383
51322,44073,123386
51323,44074,123388
51324,44075,123392
51325,44076,123395
51326,44077,123398
51327,44077,123397
51328,44078,123403
51329,44079,123406
51330,44080,123407
51331,44081,123410
51332,44082,123414
51333,44083,123418
51334,44084,123421
51335,44084,123420
51336,44085,123422
51337,44086,123424
51338,44087,123423
51339,44088,123425
51340,44088,123426
51341,44089,123426
51342,44089,123427
51343,44090,123444
51344,44091,123447
51345,44092,123446
51346,44092,123447
51347,44093,123452
51348,44094,123453
51349,44095,123454
51350,44096,123456
51351,44096,123457
51352,44097,123458
51353,44098,123461
51354,44099,123463
51355,44100,123462
51356,44100,123463
51357,44101,123468
51358,44102,123467
51359,44103,123470
51360,44104,123472
51361,44105,123471
51362,44106,123475
51363,44107,123481
51364,44108,123483
51365,44109,123485
51366,44109,123486
51367,44110,123491
51368,44111,123495
51369,44112,123498
51370,44113,123500
51371,44113,123499
51372,44114,123502
51373,44114,123503
51374,44115,123505
51375,44116,123513
51376,44117,123515
51377,44118,123517
51378,44119,123518
51379,44120,123521
51380,44121,123535
51381,44122,123534
51382,44123,123540
51383,44123,123539
51384,44124,123537
51385,44124,123538
51386,44125,123543
51387,44126,123545
51388,44127,123548
51389,44128,123552
51390,44129,123549
51391,44129,123552
51392,44130,123553
51393,44131,123556
51394,44132,123557
51395,44133,123563
51396,44133,123562
51397,44134,123562
51398,44135,123565
51399,44136,123566
51400,44137,123567
51401,44137,123566
51402,44138,123571
51403,44139,123570
51404,44140,123574
51405,44141,123578
51406,44141,123576
51407,44142,123576
51408,44143,123586
51409,44144,123591
51410,44145,123598
51411,44146,123606
51412,44146,123605
51413,44147,123605
51414,44148,123616
51415,44148,123615
51416,44149,123613
51417,44150,123618
51418,44151,123619
51419,44152,123620
51420,44153,123621
51421,44154,123622
51422,44155,123624
51423,44156,123627
51424,44157,123626
51425,44158,123629
51426,44159,123638
51427,44160,123643
51428,44161,123652
51429,44162,123653
51430,44163,123656
51431,44164,123655
51432,44165,123657
51433,44166,123664
51434,44167,123666
51435,44168,123670
51436,44169,123669
51437,44170,123671
51438,44171,123672
51439,44172,123674
51440,44172,123675
51441,44173,123682
51442,44174,123687
51443,44175,123686
51444,44176,123688
51445,44177,123692
51446,44178,123699
51447,44178,123700
51448,44179,123701
51449,44180,123708
51450,44181,123710
51451,44182,123713
51452,44183,123720
51453,44184,123721
51454,44185,123725
51455,44186,123726
51456,44187,123727
51457,44188,123732
51458,44189,123733
51459,44190,123739
51460,44190,123737
51461,44191,123737
51462,44192,123745
51463,44193,123744
51464,44194,123748
51465,44195,123752
51466,44196,123751
51467,44197,123753
51468,44198,123754
51469,44199,123757
51470,44199,123758
51471,44200,123759
51472,44201,123763
51473,44202,123767
51474,44203,123768
51475,44204,123773
51476,44205,123774
51477,44206,123775
51478,44207,123776
51479,44208,123779
51480,44209,123778
51481,44210,123782
51482,44211,123784
51483,44212,123783
51484,44213,123790
51485,44214,123791
51486,44215,123792
51487,44216,123796
51488,44217,123798
51489,44217,123799
51490,44218,123799
51491,44219,123801
51492,44220,123805
51493,44220,123806
51494,44221,123814
51495,44222,123817
51496,44223,123816
51497,44223,123817
51498,44224,123824
51499,44225,123822
51500,44226,123825
51501,44226,123826
51502,44227,123826
51503,44228,123828
51504,44229,123829
51505,44230,123832
51506,44231,123833
51507,44232,123841
51508,44232,123842
51509,44233,123840
51510,44234,123845
51511,44235,123847
51512,44236,123849
51513,44237,123850
51514,44238,123852
51515,44239,123862
51516,44239,123860
51517,44240,123861
51518,44241,123866
51519,44241,123867
51520,44242,123867
51521,44243,123869
51522,44244,123872
51523,44245,123873
51524,44246,123879
51525,44247,123878
51526,44248,123882
51527,44249,123881
51528,44250,123884
51529,44251,123885
51530,44252,123887
51531,44253,123886
51532,44254,123888
51533,44255,123894
51534,44256,123895
51535,44256,123896
51536,44257,123897
51537,44258,123899
51538,44258,123898
51539,44259,123902
51540,44260,123905
51541,44261,123908
51542,44262,123909
51543,44263,123914
51544,44264,123915
51545,44264,123917
51546,44265,123918
51547,44266,123919
51548,44267,123921
51549,44268,123922
51550,44269,123924
51551,44269,123925
51552,44270,123926
51553,44270,123925
51554,44271,123927
51555,44272,123931
51556,44273,123933
51557,44274,123935
51558,44275,123940
51559,44276,123938
51560,44277,123942
51561,44278,123944
51562,44278,123943
51563,44279,123945
51564,44280,123946
51565,44281,123948
51566,44282,123949
51567,44283,123951
51568,44284,123950
51569,44285,123954
51570,44286,123952
51571,44287,123958
51572,44288,123959
51573,44289,123962
51574,44290,123964
51575,44291,123970
51576,44291,123969
51577,44292,123971
51578,44293,123972
51579,44294,123974
51580,44295,123975
51581,44296,123977
51582,44297,123980
51583,44298,123983
51584,44298,123982
51585,44299,123982
51586,44300,123984
51587,44301,123986
51588,44301,123984
51589,44302,123991
51590,44303,123989
51591,44304,123996
51592,44305,123999
51593,44306,124000
51594,44307,124001
51595,44308,124008
51596,44309,124011
51597,44310,124010
51598,44311,124019
51599,44312,124025
51600,44313,124028
51601,44314,124032
51602,44315,124031
51603,44316,124036
51604,44317,124039
51605,44318,124038
51606,44319,124041
51607,44320,124040
51608,44321,124045
51609,44322,124047
51610,44323,124052
51611,44324,124054
51612,44325,124055
51613,44326,124062
51614,44327,124071
51615,44328,124075
51616,44329,124076
51617,44330,124079
51618,44331,124077
51619,44332,124107
51620,44333,124105
51621,44334,124109
51622,44335,124110
51623,44335,124109
51624,44336,124112
51625,44337,124113
51626,44338,124115
51627,44338,124114
51628,44339,124117
51629,44340,124118
51630,44340,124117
51631,44341,124124
51632,44342,124125
51633,44343,124132
51634,44344,124131
51635,44345,124135
51636,44346,124140
51637,44347,124146
51638,44348,124148
51639,44349,124149
51640,44350,124151
51641,44351,124162
51642,44351,124163
51643,44352,124167
51644,44353,124170
51645,44354,124172
51646,44355,124174
51647,44356,124182
51648,44357,124184
51649,44358,124186
51650,44359,124188
51651,44360,124191
51652,44361,124193
51653,44361,124192
51654,44362,124195
51655,44363,124194
51656,44364,124197
51657,44365,124199
51658,44366,124202
51659,44367,124209
51660,44368,124211
51661,44368,124212
51662,44369,124216
51663,44370,124217
51664,44371,124222
51665,44372,124223
51666,44373,124228
51667,44374,124237
51668,44375,124244
51669,44376,124246
51670,44377,124247
51671,44378,124248
51672,44379,124249
51673,44380,124253
51674,44381,124252
51675,44382,124255
51676,44382,124254
51677,44383,124256
51678,44384,124263
51679,44385,124266
51680,44386,124265
51681,44387,124268
51682,44388,124271
51683,44389,124273
51684,44390,124275
51685,44391,124280
51686,44391,124281
51687,44392,124281
51688,44393,124287
51689,44394,124286
51690,44394,124287
51691,44395,124291
51692,44395,124290
51693,44396,124289
51694,44396,124291
51695,44397,124292
51696,44398,124294
51697,44399,124296
51698,44399,124295
51699,44400,124295
51700,44401,124299
51701,44402,124297
51702,44403,124304
51703,44404,124302
51704,44404,124303
51705,44405,124306
51706,44406,124308
51707,44407,124315
51708,44408,124316
51709,44409,124317
51710,44409,124316
51711,44410,124319
51712,44411,124320
51713,44412,124322
51714,44413,124323
51715,44414,124324
51716,44415,124330
51717,44416,124334
51718,44417,124342
51719,44418,124343
51720,44419,124348
51721,44420,124354
51722,44421,124356
51723,44422,124355
51724,44423,124358
51725,44424,124361
51726,44424,124358
51727,44425,124362
51728,44426,124364
51729,44427,124365
51730,44427,124363
51731,44428,124367
51732,44428,124369
51733,44429,124373
51734,44430,124374
51735,44430,124376
51736,44431,124376
51737,44432,124377
51738,44433,124379
51739,44434,124378
51740,44435,124386
51741,44436,124385
51742,44436,124386
51743,44437,124387
51744,44438,124388
51745,44439,124390
51746,44440,124389
51747,44441,124397
51748,44442,124401
51749,44443,124402
51750,44444,124405
51751,44445,124408
51752,44446,124406
51753,44447,124410
51754,44448,124412
51755,44449,124413
51756,44450,124419
51757,44450,124418
51758,44451,124423
51759,44452,124429
51760,44452,124428
51761,44453,124428
51762,44454,124432
51763,44455,124434
51764,44456,124435
51765,44457,124439
51766,44458,124440
51767,44459,124447
51768,44460,124446
51769,44461,124449
51770,44462,124453
51771,44463,124458
51772,44464,124460
51773,44464,124463
51774,44465,124462
51775,44466,124464
51776,44466,124466
51777,44467,124466
51778,44468,124472
51779,44469,124473
51780,44469,124475
51781,44470,124478
51782,44471,124486
51783,44472,124485
51784,44473,124489
51785,44473,124490
51786,44474,124487
51787,44475,124491
51788,44476,124494
51789,44477,124497
51790,44478,124499
51791,44478,124500
51792,44479,124501
51793,44479,124499
51794,44480,124504
51795,44481,124505
51796,44482,124510
51797,44483,124524
51798,44484,124527
51799,44485,124526
51800,44486,124534
51801,44487,124537
51802,44487,124538
51803,44488,124538
51804,44489,124540
51805,44490,124542
51806,44491,124547
51807,44492,124548
51808,44493,124550
51809,44494,124549
51810,44495,124552
51811,44495,124553
51812,44496,124553
51813,44497,124556
51814,44498,124561
51815,44499,124577
51816,44500,124579
51817,44501,124583
51818,44502,124585
51819,44503,124588
51820,44504,124587
51821,44505,124589
51822,44506,124595
51823,44507,124597
51824,44507,124598
51825,44508,124602
51826,44509,124605
51827,44510,124604
51828,44511,124609
51829,44512,124608
51830,44513,124610
51831,44514,124611
51832,44514,124612
51833,44515,124620
51834,44516,124621
51835,44517,124631
51836,44518,124637
51837,44519,124639
51838,44519,124638
51839,44520,124642
51840,44521,124644
51841,44522,124646
51842,44523,124652
51843,44524,124651
51844,44525,124654
51845,44526,124655
51846,44527,124659
51847,44528,124658
51848,44529,124662
51849,44530,124664
51850,44531,124663
51851,44532,124666
51852,44533,124668
51853,44534,124669
51854,44535,124670
51855,44536,124678
51856,44536,124675
51857,44537,124677
51858,44537,124678
51859,44538,124692
51860,44539,124699
51861,44540,124703
51862,44541,124704
51863,44542,124707
51864,44543,124708
51865,44544,124709
51866,44544,124710
51867,44545,124710
51868,44546,124714
51869,44547,124712
51870,44548,124715
51871,44549,124719
51872,44550,124716
51873,44551,124725
51874,44551,124726
51875,44552,124727
51876,44553,124735
51877,44554,124736
51878,44555,124737
51879,44556,124740
51880,44557,124741
51881,44558,124742
51882,44559,124745
51883,44560,124744
51884,44561,124749
51885,44561,124747
51886,44562,124754
51887,44563,124753
51888,44564,124755
51889,44565,124757
51890,44565,124756
51891,44566,124766
51892,44567,124767
51893,44568,124769
51894,44569,124771
51895,44570,124774
51896,44571,124777
51897,44572,124782
51898,44573,124787
51899,44574,124791
51900,44574,124790
51901,44575,124795
51902,44575,124797
51903,44576,124796
51904,44577,124807
51905,44577,124806
51906,44578,124806
51907,44578,124807
51908,44579,124808
51909,44580,124815
51910,44581,124817
51911,44582,124819
51912,44582,124818
51913,44583,124820
51914,44584,124823
51915,44585,124821
51916,44586,124831
51917,44587,124832
51918,44587,124833
51919,44588,124842
51920,44589,124849
51921,44590,124852
51922,44591,124853
51923,44592,124854
51924,44593,124855
51925,44594,124858
51926,44595,124856
51927,44596,124860
51928,44597,124861
51929,44597,124860
51930,44598,124862
51931,44598,124863
51932,44599,124863
51933,44600,124865
51934,44601,124866
51935,44602,124868
51936,44603,124867
51937,44604,124869
51938,44605,124872
51939,44606,124873
51940,44607,124874
51941,44608,124877
51942,44609,124882
51943,44609,124880
51944,44610,124888
51945,44611,124889
51946,44612,124893
51947,44613,124904
51948,44614,124905
51949,44615,124906
51950,44616,124913
51951,44617,124919
51952,44617,124920
51953,44618,124918
51954,44619,124921
51955,44620,124922
51956,44621,124923
51957,44622,124930
51958,44623,124932
51959,44624,124933
51960,44625,124937
51961,44626,124940
51962,44627,124941
51963,44627,124940
51964,44628,124944
51965,44629,124949
51966,44630,124954
51967,44631,124953
51968,44632,124958
51969,44632,124959
51970,44633,124957
51971,44634,124960
51972,44635,124962
