EmployeeID,DistrictID,UnitID,RankID,DesignationID,KGID,FirstName,EmployeeDOB,GenderID,BloodGroupID,PhysicallyChallenged,AppointmentDate
1,1,2,9,4,KGID00000001,Isaac,1980-12-24,F,O+,0,2004-07-31
2,1,2,11,6,KGID00000002,Aryan,1984-05-13,M,AB+,0,2008-08-25
3,1,2,11,3,KGID00000003,Anvi,1971-03-15,M,B-,0,2019-04-29
4,1,2,10,9,KGID00000004,Yash,1996-09-15,M,AB-,0,2024-09-19
5,1,2,11,6,KGID00000005,Udant,1978-04-10,M,A-,0,2000-06-09
6,1,2,11,4,KGID00000006,Liam,2000-03-15,F,O+,0,2022-10-07
7,1,2,11,3,KGID00000007,Harsh,1974-05-29,M,AB+,0,2006-11-18
8,1,2,11,6,KGID00000008,Gagan,1994-03-05,M,B+,0,2019-06-24
9,1,2,8,3,KGID00000009,Pahal,1970-02-10,F,O+,0,1995-12-02
10,1,2,10,9,KGID00000010,Azad,1994-09-24,M,A+,0,2020-04-01
11,1,2,8,6,KGID00000011,Ayushman,1992-02-01,M,O+,0,2018-12-26
12,1,2,7,9,KGID00000012,Girik,2000-05-22,F,A-,0,2022-06-24
13,1,2,10,4,KGID00000013,Tejas,1996-08-29,M,B+,0,2022-09-11
14,1,2,11,6,KGID00000014,Viraj,1991-10-16,M,A-,0,2012-01-05
15,1,2,11,1,KGID00000015,Yashasvi,1981-10-17,M,A-,0,2012-09-28
16,1,2,11,3,KGID00000016,Avi,1971-02-07,M,O-,0,2015-11-23
17,1,2,9,4,KGID00000017,Rushil,1991-09-02,F,B-,0,2021-06-28
18,1,2,10,8,KGID00000018,Oni,1998-02-16,F,O-,0,2023-03-10
19,1,3,8,9,KGID00000019,Thomas,1968-12-10,M,B-,1,2016-05-22
20,1,3,11,2,KGID00000020,Saumya,1970-08-22,F,AB-,0,2001-04-08
21,1,3,9,4,KGID00000021,Arunima,1998-01-03,M,O-,0,2024-06-11
22,1,3,11,2,KGID00000022,Abeer,1986-04-05,M,O+,0,2011-04-09
23,1,3,11,2,KGID00000023,Nathaniel,2000-09-14,M,AB-,0,2021-04-21
24,1,3,8,9,KGID00000024,Pahal,1976-08-05,M,O+,0,2005-07-14
25,1,3,11,9,KGID00000025,Harini,1971-05-20,M,A+,0,2011-11-17
26,1,3,11,7,KGID00000026,Arunima,1978-08-08,M,B-,0,2006-06-17
27,1,3,11,1,KGID00000027,Nachiket,1975-05-21,F,AB+,0,2012-12-31
28,1,3,11,9,KGID00000028,Tanveer,1980-10-17,F,O-,0,2019-12-23
29,1,3,10,9,KGID00000029,Gayathri,1970-08-16,M,AB-,0,2016-12-24
30,1,4,11,1,KGID00000030,Harsh,1991-10-28,F,A-,0,2015-07-13
31,1,4,8,4,KGID00000031,George,1971-01-18,M,B-,0,2022-04-15
32,1,4,7,9,KGID00000032,Lajita,1971-09-05,M,AB+,0,2010-10-21
33,1,4,11,7,KGID00000033,Gunbir,1978-09-15,M,AB+,0,2010-11-30
34,1,4,11,8,KGID00000034,Jagrati,1971-04-03,F,A-,0,1992-06-01
35,1,4,9,6,KGID00000035,Hemangini,1979-11-24,F,B-,0,2005-12-10
36,1,4,9,9,KGID00000036,Aishani,1992-05-14,M,AB+,0,2019-10-15
37,1,4,8,2,KGID00000037,Caleb,1974-01-09,F,B+,0,2006-11-12
38,1,4,11,4,KGID00000038,Tripti,2000-03-10,F,AB+,0,2022-12-04
39,1,4,10,7,KGID00000039,Jeet,1970-04-12,F,A+,1,1995-02-21
40,1,4,11,3,KGID00000040,Kritika,1996-07-30,F,O+,0,2019-12-09
41,1,4,8,9,KGID00000041,Farhan,1998-12-30,M,AB-,0,2020-09-02
42,1,4,9,5,KGID00000042,Chaaya,1973-09-19,M,A+,0,1995-11-17
43,1,4,9,6,KGID00000043,Janaki,1979-03-12,F,O+,0,2004-08-11
44,1,4,11,3,KGID00000044,Rehaan,1978-08-14,F,A+,0,2006-04-16
45,1,4,11,4,KGID00000045,Ekaraj,1986-06-20,M,A-,0,2024-12-28
46,1,4,7,4,KGID00000046,Chakradev,1989-02-10,F,O-,0,2014-12-28
47,1,5,9,7,KGID00000047,Vedant,1997-08-09,M,A-,0,2020-03-02
48,1,5,10,7,KGID00000048,Bimala,1996-10-10,F,AB-,0,2022-09-18
49,1,5,8,5,KGID00000049,Fariq,1979-09-19,M,O+,0,2008-01-04
50,1,5,11,9,KGID00000050,Viraj,1987-07-29,M,B-,0,2021-08-06
51,1,5,11,9,KGID00000051,Harrison,1968-01-28,F,B-,0,2013-04-28
52,1,5,8,6,KGID00000052,Lajita,1997-10-17,F,A-,0,2021-09-14
53,1,5,10,6,KGID00000053,Arunima,1981-11-15,M,AB+,0,2020-04-27
54,1,5,9,3,KGID00000054,Sudiksha,1997-10-29,M,AB+,0,2022-04-02
55,1,5,11,4,KGID00000055,Janya,1981-08-18,M,AB-,0,2014-11-14
56,1,5,11,8,KGID00000056,Nicholas,1977-08-02,F,B+,0,2020-12-06
57,1,5,10,6,KGID00000057,Kamala,1997-10-11,M,B-,0,2024-12-11
58,1,6,11,1,KGID00000058,Isha,1974-08-11,M,O-,0,1996-02-05
59,1,6,11,4,KGID00000059,Shaurya,1988-06-05,F,O+,0,2018-04-19
60,1,6,10,2,KGID00000060,Amara,1997-06-05,F,B-,0,2018-01-23
61,1,6,11,1,KGID00000061,Ekbal,1991-03-27,M,A-,0,2022-06-02
62,1,6,11,9,KGID00000062,Onveer,1997-12-11,M,O-,0,2023-12-16
63,1,6,11,9,KGID00000063,Yash,1990-08-23,M,B+,0,2020-07-27
64,1,6,11,5,KGID00000064,Nihal,1979-08-17,F,O-,0,2011-02-02
65,1,6,10,5,KGID00000065,Turvi,1971-06-23,M,AB-,0,2024-01-03
66,1,6,11,4,KGID00000066,Ladli,1974-03-17,M,B+,0,2001-10-07
67,1,6,8,9,KGID00000067,Anamika,1986-04-14,M,A+,0,2014-06-03
68,1,6,11,1,KGID00000068,Theodore,2002-07-13,F,O+,0,2024-08-21
69,1,7,10,7,KGID00000069,Ekta,1985-06-29,M,B-,0,2024-09-29
70,1,7,10,7,KGID00000070,Daksh,1989-10-13,M,O+,0,2010-08-26
71,1,7,11,9,KGID00000071,Veer,1973-09-22,M,O+,0,2021-11-30
72,1,7,11,7,KGID00000072,Azad,1971-10-07,M,O-,0,2020-10-30
73,1,7,10,8,KGID00000073,Diya,1982-09-07,M,O+,0,2007-09-30
74,1,7,11,2,KGID00000074,Nandini,1986-11-28,M,A+,0,2012-08-28
75,1,7,10,1,KGID00000075,Amrita,1997-02-28,F,B-,0,2018-10-09
76,1,7,7,3,KGID00000076,Dominic,1974-11-01,M,A-,0,2005-09-13
77,1,7,9,6,KGID00000077,Siddharth,1999-05-18,M,A-,0,2021-06-08
78,1,7,9,1,KGID00000078,Divya,1981-12-14,F,O+,0,2006-11-07
79,1,7,11,4,KGID00000079,Simon,1971-05-30,M,AB+,0,2018-07-23
80,1,7,11,1,KGID00000080,Xalak,1973-06-06,M,O+,0,2019-05-22
81,1,7,8,1,KGID00000081,Meghana,1997-01-17,F,O-,0,2021-10-29
82,1,8,11,3,KGID00000082,Tara,1988-08-15,M,AB+,0,2024-11-12
83,1,8,11,8,KGID00000083,Luke,2002-09-30,M,AB+,0,2024-05-10
84,1,8,10,8,KGID00000084,Alka,1971-11-20,M,O-,0,2004-07-05
85,1,8,11,8,KGID00000085,Liam,1983-02-02,F,B+,0,2004-08-23
86,1,8,10,5,KGID00000086,Yatin,1979-08-03,F,AB+,0,2015-04-08
87,1,8,11,4,KGID00000087,Adya,1976-07-27,F,O-,0,2000-11-03
88,1,8,10,8,KGID00000088,Priya,1989-05-10,M,A+,0,2024-06-27
89,1,8,9,5,KGID00000089,Mohini,1999-01-12,F,AB-,0,2021-05-13
90,1,8,11,9,KGID00000090,Janaki,1987-02-01,M,O-,0,2024-09-23
91,1,8,10,6,KGID00000091,Theodore,1973-05-30,M,B+,0,2002-08-22
92,1,8,11,5,KGID00000092,Lakshit,1980-05-27,F,B-,0,2024-07-14
93,1,8,10,9,KGID00000093,Yashodhara,1981-07-23,M,A+,0,2002-08-20
94,1,8,11,8,KGID00000094,Wakeeta,1999-04-14,M,A+,0,2020-09-15
95,1,9,11,1,KGID00000095,Gavin,1983-04-14,M,O-,0,2008-02-19
96,1,9,8,1,KGID00000096,Champak,1990-01-21,M,AB+,0,2012-08-29
97,1,9,10,7,KGID00000097,Imaran,1993-01-12,M,B-,0,2022-07-29
98,1,9,10,7,KGID00000098,Michael,1987-11-10,M,A+,0,2014-09-01
99,1,9,11,4,KGID00000099,Nathaniel,2002-03-19,M,A-,0,2023-08-01
100,1,9,9,1,KGID00000100,Pahal,1971-05-14,M,O-,0,1999-01-08
101,1,9,9,8,KGID00000101,Devansh,1999-09-17,M,B-,0,2021-08-02
102,1,9,11,4,KGID00000102,Lekha,1996-01-14,M,B-,0,2023-08-13
103,1,9,11,1,KGID00000103,Lakshmi,1974-05-19,M,AB+,0,1998-03-15
104,1,9,11,2,KGID00000104,Upadhriti,1980-12-11,M,AB+,0,2020-09-13
105,1,9,11,8,KGID00000105,Zayan,1990-06-13,M,A+,0,2023-02-10
106,1,9,11,1,KGID00000106,Advay,1995-01-30,M,A+,0,2018-10-22
107,1,9,11,3,KGID00000107,Ishwar,1980-02-02,M,O-,0,2002-10-22
108,1,9,9,8,KGID00000108,Amara,1994-04-04,F,O-,0,2019-11-21
109,1,9,10,3,KGID00000109,Harini,1998-01-22,M,O-,0,2020-03-04
110,1,10,11,8,KGID00000110,Isaac,1992-09-03,M,AB+,0,2013-10-28
111,1,10,11,1,KGID00000111,Chaaya,1986-02-17,F,O-,0,2018-07-17
112,1,10,9,8,KGID00000112,Radhika,1984-03-24,F,A+,0,2018-12-19
113,1,10,11,8,KGID00000113,Nakul,1980-12-02,M,B-,0,2020-08-27
114,1,10,10,7,KGID00000114,Sudiksha,1968-08-12,M,A-,0,2014-10-10
115,1,10,8,5,KGID00000115,Aarush,1974-11-27,M,AB+,0,2017-05-10
116,1,10,11,8,KGID00000116,Adya,1989-03-07,M,O+,0,2015-06-20
117,1,10,11,2,KGID00000117,Xiti,2001-06-23,M,O+,0,2022-10-07
118,1,10,11,5,KGID00000118,Pranav,1979-12-26,F,O-,0,2000-02-12
119,1,10,11,6,KGID00000119,Yashica,1989-09-22,M,O+,0,2017-09-28
120,1,10,10,7,KGID00000120,Hitesh,1976-06-17,M,O+,0,2007-09-18
121,1,10,11,7,KGID00000121,Chanchal,1999-08-20,M,B+,0,2024-07-19
122,1,10,7,6,KGID00000122,Yashica,1990-07-13,F,O-,0,2024-03-27
123,1,10,11,3,KGID00000123,Rushil,1968-09-08,M,B+,0,2022-05-29
124,1,11,10,2,KGID00000124,Michael,1999-01-27,F,O+,0,2022-03-25
125,1,11,11,9,KGID00000125,Kashvi,2002-01-24,M,A-,0,2024-05-14
126,1,11,11,2,KGID00000126,Neel,1980-11-21,M,A-,0,2011-03-17
127,1,11,11,3,KGID00000127,Aadi,1972-07-04,F,A+,0,2012-11-26
128,1,11,11,6,KGID00000128,Ekiya,1981-02-27,M,B-,0,2018-01-30
129,1,11,11,3,KGID00000129,Vrinda,1976-01-29,M,O+,0,2004-08-17
130,1,11,10,4,KGID00000130,Anirudh,1994-02-27,M,AB+,0,2016-08-09
131,1,11,11,9,KGID00000131,Isaac,1988-11-13,M,O-,0,2015-06-15
132,1,11,11,5,KGID00000132,Janani,1981-06-02,M,AB+,0,2021-01-12
133,1,11,10,4,KGID00000133,Damyanti,1989-09-03,M,AB-,0,2012-05-23
134,1,11,11,7,KGID00000134,Wriddhish,1981-03-30,M,A+,0,2002-12-26
135,1,11,11,6,KGID00000135,Dalbir,1980-11-02,M,B-,0,2011-04-29
136,2,13,11,3,KGID00000136,Wridesh,2002-06-05,F,A+,0,2024-11-06
137,2,13,11,3,KGID00000137,Farhan,1993-12-30,M,AB+,0,2018-02-03
138,2,13,11,9,KGID00000138,Frederick,1977-01-02,F,AB-,0,2003-12-06
139,2,13,11,8,KGID00000139,Vedika,1975-05-19,F,AB+,0,2007-07-12
140,2,13,10,2,KGID00000140,Ekapad,1973-03-01,M,B-,0,2015-01-04
141,2,13,11,9,KGID00000141,Jeremiah,1985-10-29,M,O+,1,2024-12-20
142,2,13,11,5,KGID00000142,Kabir,1988-05-26,M,AB-,0,2017-04-08
143,2,13,9,9,KGID00000143,Vaishnavi,1969-02-14,M,B-,0,2017-10-16
144,2,13,11,5,KGID00000144,Noah,1988-10-28,F,A-,0,2024-09-22
145,2,13,11,2,KGID00000145,Alka,1981-08-26,M,B+,0,2024-02-06
146,2,13,10,3,KGID00000146,Pallavi,2001-05-02,F,A-,0,2024-05-08
147,2,13,11,6,KGID00000147,Siddharth,1980-07-19,M,O-,0,2002-06-21
148,2,13,11,6,KGID00000148,Sai,1972-06-15,M,AB-,0,2023-10-05
149,2,13,10,2,KGID00000149,Devika,1973-06-24,F,A+,0,2014-05-26
150,2,13,10,4,KGID00000150,Mohini,1973-08-25,M,B-,0,2019-04-30
151,2,13,11,3,KGID00000151,Kashvi,1978-06-14,F,A+,0,2013-09-27
152,2,13,11,5,KGID00000152,Raksha,1973-10-30,F,A-,0,2018-03-26
153,2,13,7,4,KGID00000153,Zansi,1968-08-31,M,A+,0,2006-01-26
154,2,14,9,2,KGID00000154,Siya,1986-11-19,F,O-,0,2018-10-19
155,2,14,10,8,KGID00000155,Jai,1994-08-18,M,A+,0,2016-03-22
156,2,14,11,5,KGID00000156,Yug,1997-07-22,M,A+,0,2023-11-06
157,2,14,11,2,KGID00000157,Umang,1986-01-06,M,O-,0,2016-07-24
158,2,14,8,2,KGID00000158,Devansh,1995-04-15,M,AB-,0,2017-08-30
159,2,14,11,9,KGID00000159,Hamsini,1981-03-24,M,A-,0,2022-05-09
160,2,14,8,4,KGID00000160,Ansh,1997-05-14,M,B-,0,2024-03-08
161,2,14,11,2,KGID00000161,Victor,1985-11-19,M,AB-,0,2015-05-01
162,2,15,11,2,KGID00000162,Thomas,1998-10-22,M,A-,0,2024-04-26
163,2,15,8,3,KGID00000163,Abhimanyu,2001-02-20,M,AB-,0,2024-02-03
164,2,15,11,1,KGID00000164,Ekavir,1997-11-04,F,AB+,0,2022-09-29
165,2,15,11,8,KGID00000165,Daniel,1977-07-17,M,A-,0,2004-12-10
166,2,15,11,4,KGID00000166,Veer,1973-02-25,F,A+,0,2006-07-01
167,2,15,11,1,KGID00000167,Ekansh,1999-02-08,M,AB+,0,2021-07-01
168,2,15,10,7,KGID00000168,Azad,1976-02-20,M,A+,0,2003-06-06
169,2,15,11,8,KGID00000169,Ganga,1984-11-15,M,AB-,0,2014-06-02
170,2,15,10,2,KGID00000170,Ekavir,1993-06-17,F,B+,0,2020-09-08
171,2,15,11,5,KGID00000171,Yoshita,1998-03-26,M,O+,0,2019-12-01
172,2,15,11,9,KGID00000172,Wazir,1980-04-02,M,O+,0,2010-09-02
173,2,15,11,9,KGID00000173,Arya,1994-08-09,F,A+,0,2020-06-16
174,2,15,11,4,KGID00000174,Vedika,1970-06-16,M,B-,0,1991-05-06
175,2,16,10,8,KGID00000175,Tanish,1973-05-19,F,B+,0,1994-05-07
176,2,16,11,9,KGID00000176,Kevin,1978-04-28,F,AB-,0,2021-06-10
177,2,16,11,1,KGID00000177,Urvashi,1969-11-24,M,A-,0,2009-07-27
178,2,16,11,7,KGID00000178,Xavier,1993-09-20,M,O+,0,2018-07-15
179,2,16,10,6,KGID00000179,Urvashi,1995-09-23,M,A-,0,2021-02-27
180,2,16,11,7,KGID00000180,Niharika,1991-07-03,F,AB-,0,2013-10-06
181,2,16,11,2,KGID00000181,Ranveer,1971-06-05,M,B-,0,2014-11-24
182,2,16,10,3,KGID00000182,Girindra,2000-08-17,M,B+,0,2024-08-14
183,2,16,9,2,KGID00000183,Gunbir,1974-11-09,M,O-,0,2024-05-27
184,2,16,11,6,KGID00000184,Raagini,1993-12-29,F,AB-,0,2019-01-13
185,2,16,8,5,KGID00000185,Irya,1987-11-02,F,A+,0,2022-02-28
186,2,16,8,1,KGID00000186,Pallavi,1988-09-17,M,AB+,0,2019-02-20
187,2,17,11,8,KGID00000187,Nirja,1990-09-29,M,A+,0,2019-08-16
188,2,17,11,6,KGID00000188,Unni,1997-03-28,M,B+,0,2020-02-11
189,2,17,11,2,KGID00000189,Chatura,1983-05-28,M,B+,0,2020-01-08
190,2,17,11,9,KGID00000190,Guneet,1987-09-17,M,AB-,0,2019-10-03
191,2,17,10,6,KGID00000191,Darsh,1986-05-03,F,A+,0,2024-05-15
192,2,17,11,2,KGID00000192,Neha,1970-12-15,M,O+,0,2005-10-15
193,2,17,11,3,KGID00000193,Harinakshi,1997-06-14,M,B+,0,2024-10-04
194,2,17,10,3,KGID00000194,Ikbal,1997-06-05,M,A-,0,2022-05-25
195,2,17,10,3,KGID00000195,Yuvraj,1982-09-25,F,A-,0,2021-03-28
196,2,18,11,5,KGID00000196,Rehaan,1968-10-25,M,B-,0,2006-04-07
197,2,18,11,3,KGID00000197,Ranveer,1976-08-11,M,AB+,0,2007-03-01
198,2,18,8,9,KGID00000198,Saumya,2002-07-31,M,AB-,0,2024-07-06
199,2,18,11,3,KGID00000199,Logan,1994-10-16,M,B+,0,2019-03-24
200,2,18,8,4,KGID00000200,Pahal,1984-05-04,F,AB+,0,2020-03-03
201,2,18,11,4,KGID00000201,Qadim,1978-06-30,M,O-,0,2022-12-15
202,2,18,9,8,KGID00000202,Arya,1998-06-05,F,O+,0,2023-12-10
203,2,18,11,3,KGID00000203,Turvi,1975-04-09,F,A+,0,2004-12-15
204,2,18,11,9,KGID00000204,Zaid,1992-11-15,F,AB+,0,2015-04-21
205,2,18,9,3,KGID00000205,Faqid,1988-02-26,F,A-,0,2020-07-07
206,2,18,9,1,KGID00000206,Saanvi,1988-03-27,M,O+,0,2016-11-03
207,2,18,9,4,KGID00000207,Guneet,1971-08-30,M,A-,0,2008-10-25
208,2,18,11,1,KGID00000208,Chandresh,1974-07-20,M,O-,0,2001-03-04
209,2,18,9,8,KGID00000209,Alexander,1999-08-25,M,A-,1,2022-08-18
210,3,20,11,7,KGID00000210,Girik,1992-08-13,M,AB+,0,2024-11-02
211,3,20,9,8,KGID00000211,Warjas,1978-09-11,M,O-,0,2017-10-31
212,3,20,7,4,KGID00000212,Ojas,1991-02-12,F,AB+,0,2024-11-23
213,3,20,11,7,KGID00000213,Niharika,1978-10-16,M,A-,0,2024-08-06
214,3,20,10,9,KGID00000214,Vedika,1991-08-06,F,A+,0,2024-03-15
215,3,20,11,6,KGID00000215,Vasana,1996-07-06,M,A+,0,2021-05-04
216,3,20,8,6,KGID00000216,Tanay,1978-10-25,M,AB-,0,2003-08-26
217,3,20,11,8,KGID00000217,Nandini,1975-11-08,F,B+,0,2016-11-03
218,3,20,11,5,KGID00000218,Daniel,1988-07-12,M,B-,0,2009-10-30
219,3,20,10,9,KGID00000219,Nitesh,1981-11-28,M,A+,0,2019-11-12
220,3,20,9,1,KGID00000220,Ladli,1984-01-05,F,AB-,0,2024-05-03
221,3,21,11,8,KGID00000221,Aarnav,1985-12-10,F,O+,0,2022-09-03
222,3,21,9,6,KGID00000222,Madhavi,1999-01-16,F,AB+,0,2022-10-15
223,3,21,11,3,KGID00000223,Alka,1971-07-17,M,AB-,0,2011-04-26
224,3,21,10,8,KGID00000224,Suhani,1981-04-05,M,O+,0,2015-10-01
225,3,21,11,6,KGID00000225,Bhavika,1988-01-21,M,O+,0,2009-12-13
226,3,21,11,7,KGID00000226,Pallavi,1970-07-28,M,B+,0,1994-05-14
227,3,21,9,8,KGID00000227,Vidhi,1995-04-03,M,A-,0,2023-08-09
228,3,21,11,1,KGID00000228,Mohammed,1984-03-30,M,O-,0,2013-08-03
229,3,21,10,3,KGID00000229,Ranveer,2002-03-25,M,O+,0,2023-03-20
230,3,21,10,3,KGID00000230,Chaman,1973-02-01,M,O+,0,1995-03-01
231,3,21,8,8,KGID00000231,Teerth,2002-10-06,M,AB+,0,2023-09-24
232,3,21,11,3,KGID00000232,Dalbir,1976-12-23,F,O-,0,2002-07-03
233,3,21,11,6,KGID00000233,Darsh,1971-12-09,F,A-,0,2022-08-03
234,3,22,11,3,KGID00000234,Dipta,1975-01-24,F,B-,0,2024-08-09
235,3,22,9,8,KGID00000235,Dakshesh,1974-03-25,M,AB-,0,2005-08-14
236,3,22,11,2,KGID00000236,Chandresh,1973-10-27,M,O+,0,2021-06-14
237,3,22,11,7,KGID00000237,Vansha,1991-07-31,F,A-,0,2021-03-19
238,3,22,10,8,KGID00000238,Yadavi,1971-04-30,F,AB-,0,2012-03-08
239,3,22,11,3,KGID00000239,Nakul,1992-09-23,M,A+,0,2017-01-30
240,3,22,11,3,KGID00000240,Dakshesh,1981-08-22,M,B-,0,2009-05-21
241,3,22,11,5,KGID00000241,Yashoda,1980-09-27,M,AB+,0,2004-07-16
242,3,22,10,9,KGID00000242,Faris,1991-12-06,F,B+,0,2014-02-04
243,3,22,11,1,KGID00000243,Quincy,1995-02-22,F,A+,0,2019-10-14
244,3,22,11,5,KGID00000244,Ekapad,2002-08-02,F,O+,0,2024-08-13
245,3,22,7,5,KGID00000245,Ekansh,1996-02-18,F,AB+,0,2023-02-13
246,3,23,11,1,KGID00000246,Wahab,1988-05-05,M,O+,0,2010-08-21
247,3,23,9,6,KGID00000247,Netra,1995-03-19,F,AB-,0,2017-08-11
248,3,23,11,6,KGID00000248,Jagdish,1985-11-19,M,A-,0,2008-12-07
249,3,23,11,4,KGID00000249,Yatin,1979-12-31,M,A+,0,2020-03-02
250,3,23,10,4,KGID00000250,Balveer,1995-08-09,F,B+,0,2020-09-08
251,3,23,11,4,KGID00000251,Finn,2000-05-06,F,O-,0,2022-10-03
252,3,23,11,1,KGID00000252,Oni,1981-11-03,M,O+,0,2024-04-23
253,3,23,11,6,KGID00000253,Diya,1977-08-25,M,AB+,0,2024-03-02
254,3,23,11,5,KGID00000254,Advika,1997-05-07,M,A-,0,2023-04-12
255,3,23,11,7,KGID00000255,Samarth,2000-08-19,M,O+,0,2023-01-20
256,3,23,11,5,KGID00000256,Dipta,1984-04-05,M,O-,0,2017-05-30
257,3,23,10,2,KGID00000257,William,1995-12-16,M,A-,0,2023-08-18
258,3,23,11,6,KGID00000258,Alka,1983-03-18,F,B-,0,2016-07-05
259,3,23,11,1,KGID00000259,Meghana,1969-10-21,M,AB-,0,1992-01-13
260,3,23,11,9,KGID00000260,Karan,1974-09-06,M,AB-,0,2022-03-12
261,3,23,11,6,KGID00000261,Charita,2001-03-01,M,O-,0,2023-09-05
262,3,23,10,6,KGID00000262,Tanvi,1968-09-29,F,O+,0,2006-07-11
263,3,23,11,1,KGID00000263,Diya,2000-07-14,M,AB+,0,2024-11-10
264,4,25,11,8,KGID00000264,Elijah,2000-05-11,M,O+,0,2021-04-16
265,4,25,11,2,KGID00000265,Aditya,1969-06-01,M,O-,0,2015-09-07
266,4,25,9,7,KGID00000266,Tara,1998-12-22,M,O-,0,2021-04-15
267,4,25,11,3,KGID00000267,Harish,1970-10-17,M,AB-,0,2022-08-29
268,4,25,11,3,KGID00000268,Ethan,1984-11-25,M,AB-,0,2012-01-15
269,4,25,11,5,KGID00000269,Tanay,2000-05-03,M,B-,0,2024-10-26
270,4,25,10,5,KGID00000270,Yashawini,1981-05-22,F,B-,0,2012-02-02
271,4,25,11,9,KGID00000271,Alka,1989-07-10,F,AB+,0,2017-10-28
272,4,25,11,7,KGID00000272,Kevin,1992-05-13,F,B+,0,2021-07-08
273,4,25,10,6,KGID00000273,Ikshita,2000-01-13,F,AB+,0,2021-06-11
274,4,25,9,9,KGID00000274,Ekapad,1992-02-28,F,B+,0,2019-01-31
275,4,25,11,1,KGID00000275,Yash,1978-09-25,F,B-,0,2009-11-16
276,4,25,8,8,KGID00000276,Kala,1986-07-16,M,B+,1,2014-05-29
277,4,25,11,8,KGID00000277,Bhavani,1975-01-31,M,B-,0,2014-04-02
278,4,25,10,2,KGID00000278,Nakul,1980-10-20,F,B-,0,2003-08-28
279,4,25,11,7,KGID00000279,Raksha,1969-09-03,F,B+,0,1997-11-08
280,4,25,7,8,KGID00000280,Chasmum,1985-10-22,M,AB+,0,2023-09-03
281,4,26,10,6,KGID00000281,Abhiram,1995-01-14,M,O-,0,2017-03-15
282,4,26,9,5,KGID00000282,Chandani,1990-08-14,M,A-,0,2021-07-01
283,4,26,11,3,KGID00000283,Hemang,1997-01-29,M,AB-,0,2020-11-19
284,4,26,11,3,KGID00000284,Krish,2001-12-20,M,O+,0,2023-01-31
285,4,26,11,2,KGID00000285,Aishani,1971-11-22,M,B+,0,2009-12-24
286,4,26,11,7,KGID00000286,Jack,1968-04-21,M,AB+,0,2001-09-12
287,4,26,10,1,KGID00000287,Hredhaan,2000-06-04,M,AB-,0,2024-03-19
288,4,26,8,5,KGID00000288,Nachiket,1973-04-20,M,AB+,0,2014-11-17
289,4,27,11,4,KGID00000289,Anita,1981-03-26,M,B+,0,2018-06-27
290,4,27,11,7,KGID00000290,Baghyawati,1995-03-04,F,O-,0,2020-03-10
291,4,27,11,2,KGID00000291,Shivansh,1977-10-18,M,AB-,0,2009-02-06
292,4,27,11,9,KGID00000292,Hemal,1970-10-08,M,B+,0,2015-07-26
293,4,27,11,4,KGID00000293,Samar,1987-10-27,F,O-,0,2010-08-10
294,4,27,11,3,KGID00000294,Aishani,1970-06-30,M,O-,0,2011-05-05
295,4,27,11,1,KGID00000295,Yashasvi,1998-03-06,M,A+,0,2022-06-16
296,4,27,11,6,KGID00000296,Vrinda,1970-01-12,F,A+,0,2010-01-02
297,4,27,8,5,KGID00000297,Zayan,1989-03-05,M,B+,0,2010-09-17
298,4,27,11,6,KGID00000298,Charan,1996-12-21,T,O+,0,2021-09-18
299,4,27,11,2,KGID00000299,George,1984-12-06,F,B+,0,2013-06-05
300,4,27,10,7,KGID00000300,Pallavi,1976-01-03,M,B-,0,2021-02-06
301,4,27,11,9,KGID00000301,Aradhana,1981-05-20,M,O+,0,2022-10-08
302,4,27,10,5,KGID00000302,Chaitanya,1983-07-12,M,A-,0,2007-06-24
303,4,27,11,1,KGID00000303,Aarush,1995-08-01,M,A-,0,2024-08-03
304,4,27,7,1,KGID00000304,Gauri,1994-10-25,M,A+,0,2022-07-15
305,4,27,9,3,KGID00000305,Kalpit,1977-09-29,M,AB+,0,2000-07-13
306,4,27,11,6,KGID00000306,Adweta,1993-11-03,M,B+,0,2017-07-30
307,4,28,9,1,KGID00000307,Neel,1981-06-24,M,B+,0,2014-05-06
308,4,28,11,6,KGID00000308,Riya,1990-03-26,F,O+,0,2012-01-20
309,4,28,10,3,KGID00000309,Prisha,1986-09-04,M,B+,0,2016-02-27
310,4,28,11,3,KGID00000310,Aditya,1978-02-09,F,A+,0,2012-06-28
311,4,28,11,3,KGID00000311,Isaac,1992-12-30,M,AB+,0,2024-11-20
312,4,28,11,2,KGID00000312,Faqid,1988-03-05,M,B-,0,2017-04-28
313,4,28,10,1,KGID00000313,Manthan,1995-02-19,F,B-,0,2022-10-05
314,4,28,11,8,KGID00000314,Balendra,1998-02-13,M,AB-,0,2021-06-07
315,4,28,11,2,KGID00000315,Kala,1977-07-02,F,O-,0,2006-07-11
316,4,28,11,7,KGID00000316,Manbir,1999-07-27,F,AB-,0,2021-02-22
317,4,28,10,5,KGID00000317,Qushi,1991-12-09,M,O-,0,2020-01-22
318,4,28,11,6,KGID00000318,Joshua,2000-05-28,F,AB-,0,2023-08-20
319,4,28,8,1,KGID00000319,Benjamin,1977-12-04,M,O+,0,2004-07-18
320,4,28,9,4,KGID00000320,Darika,1978-04-26,M,AB-,0,2016-01-15
321,4,28,11,8,KGID00000321,Janya,2000-06-15,M,AB-,0,2024-08-07
322,4,28,11,9,KGID00000322,Balveer,1989-11-26,T,A+,0,2014-02-16
323,5,30,11,1,KGID00000323,Ishita,1997-12-22,M,B-,0,2018-07-18
324,5,30,9,8,KGID00000324,Shivansh,1977-10-23,M,O-,0,2020-09-07
325,5,30,7,7,KGID00000325,Zaid,1991-11-15,M,AB+,0,2024-05-16
326,5,30,10,3,KGID00000326,Harshil,1990-07-12,M,A-,0,2020-08-28
327,5,30,10,5,KGID00000327,Irya,1995-10-20,F,AB+,0,2021-11-26
328,5,30,8,4,KGID00000328,Niharika,1986-03-19,T,B-,0,2017-04-18
329,5,30,11,1,KGID00000329,Mohammed,1971-08-13,M,O+,0,2021-04-28
330,5,30,11,3,KGID00000330,Warjas,1996-07-24,M,O+,0,2017-02-08
331,5,30,10,1,KGID00000331,Nicholas,1972-04-11,M,O-,0,2016-09-10
332,5,31,11,3,KGID00000332,Peter,1980-07-29,F,AB-,1,2002-06-24
333,5,31,9,2,KGID00000333,Nitara,1974-06-20,M,B-,0,2012-11-12
334,5,31,11,7,KGID00000334,Aryan,1998-05-15,F,B+,0,2022-09-20
335,5,31,11,6,KGID00000335,Praneel,1971-07-08,M,O+,0,2014-06-18
336,5,31,8,7,KGID00000336,Gaurangi,1995-02-23,F,AB-,0,2024-08-15
337,5,31,10,4,KGID00000337,Nisha,1988-03-17,M,O+,0,2020-01-03
338,5,31,11,2,KGID00000338,Yuvraj,1997-08-20,F,AB+,0,2022-04-06
339,5,31,11,3,KGID00000339,Amara,1971-09-06,M,B+,0,2004-01-08
340,5,31,10,1,KGID00000340,Nathaniel,1972-10-11,F,O-,0,1997-02-08
341,5,32,8,7,KGID00000341,Hritik,1971-12-01,M,O+,0,2000-05-28
342,5,32,8,6,KGID00000342,Lavanya,1992-11-10,F,A+,0,2015-02-02
343,5,32,10,9,KGID00000343,Balvan,1971-10-19,F,B-,0,2024-07-06
344,5,32,9,3,KGID00000344,Upma,1985-01-28,M,AB+,0,2009-10-20
345,5,32,8,7,KGID00000345,Tristan,1987-07-01,M,A-,0,2014-03-10
346,5,32,11,8,KGID00000346,Ryan,2000-05-03,M,B-,0,2024-07-04
347,5,32,9,6,KGID00000347,Triveni,1968-04-20,F,O+,0,2007-10-02
348,5,32,10,3,KGID00000348,Inaya,1983-01-06,M,B-,0,2013-08-28
349,5,32,9,5,KGID00000349,Dalaja,1985-11-11,F,O-,0,2013-02-27
350,5,32,11,5,KGID00000350,Vedant,1982-08-14,F,O+,0,2011-06-08
351,5,32,11,9,KGID00000351,Udant,1976-12-17,M,A+,0,2023-07-27
352,5,32,11,8,KGID00000352,Arjun,1999-10-10,F,A-,0,2021-03-05
353,5,33,11,5,KGID00000353,Reyansh,1974-03-30,M,B+,0,2023-05-30
354,5,33,11,8,KGID00000354,Mohini,1971-04-26,M,O+,0,2012-02-22
355,5,33,11,9,KGID00000355,Falguni,1984-02-16,M,A-,0,2020-09-26
356,5,33,10,3,KGID00000356,Arya,1997-10-25,F,A+,0,2021-12-25
357,5,33,11,6,KGID00000357,Ekaraj,1997-01-04,F,O+,0,2022-06-25
358,5,33,8,9,KGID00000358,Arya,1977-12-16,M,B-,0,2020-11-27
359,5,33,10,9,KGID00000359,Indali,2002-08-24,M,A+,0,2024-11-26
360,5,33,10,3,KGID00000360,Yashodhara,1971-11-07,M,AB-,0,1997-03-16
361,5,33,9,8,KGID00000361,Mugdha,1989-08-30,M,O-,0,2017-10-24
362,5,33,10,1,KGID00000362,Garima,1999-11-19,F,A-,0,2020-08-23
363,5,33,9,9,KGID00000363,Ayaan,2001-03-20,M,B+,0,2023-05-15
364,5,33,11,7,KGID00000364,Jack,1988-09-22,F,B+,0,2014-03-15
365,5,33,11,4,KGID00000365,Advika,1969-04-23,M,O+,0,2023-01-29
366,5,33,11,2,KGID00000366,Pranav,1977-03-25,M,B+,0,2010-06-27
367,5,34,11,9,KGID00000367,Alka,1979-10-08,F,AB-,0,2021-12-15
368,5,34,11,6,KGID00000368,Balvan,1994-05-01,M,O-,0,2016-04-12
369,5,34,11,5,KGID00000369,Ikbal,1999-09-01,F,A-,0,2024-06-27
370,5,34,10,2,KGID00000370,Radha,1978-09-13,M,B+,0,2012-09-12
371,5,34,11,7,KGID00000371,Hemani,1974-03-08,M,O-,0,2020-10-13
372,5,34,11,9,KGID00000372,Dipta,1996-12-10,M,AB+,0,2018-12-11
373,5,34,10,1,KGID00000373,Rajata,1988-03-25,F,A+,0,2022-11-23
374,5,34,9,9,KGID00000374,Yasti,1985-03-22,F,O+,0,2018-08-06
375,5,34,11,3,KGID00000375,Jack,1987-11-29,M,A+,0,2018-12-17
376,5,34,9,4,KGID00000376,Lekha,1969-06-19,M,B+,0,2002-05-01
377,5,34,11,9,KGID00000377,Ranveer,2002-08-27,M,A-,0,2024-05-22
378,5,35,11,1,KGID00000378,Aachal,1984-06-15,F,O-,0,2017-02-27
379,5,35,11,4,KGID00000379,Chaitanya,1972-08-04,M,A+,0,2022-04-28
380,5,35,10,2,KGID00000380,Rajata,1971-11-26,F,B-,0,2011-09-11
381,5,35,11,7,KGID00000381,Aarav,1998-11-29,M,B+,0,2022-12-07
382,5,35,11,6,KGID00000382,Zinal,1970-08-30,M,B+,0,2016-07-28
383,5,35,11,9,KGID00000383,Ronith,1980-12-23,F,A-,0,2012-12-29
384,5,35,11,5,KGID00000384,Januja,1986-06-18,F,B+,0,2008-04-30
385,5,35,9,4,KGID00000385,Raagini,1974-07-24,F,O+,0,2009-06-13
386,5,35,11,7,KGID00000386,Ekaraj,1980-01-20,M,A-,0,2019-08-01
387,5,35,11,6,KGID00000387,Ganga,1999-03-01,M,O-,0,2024-12-01
388,5,35,7,8,KGID00000388,Dipta,2002-09-22,F,AB-,0,2023-04-06
389,5,35,11,7,KGID00000389,Jeet,1985-11-03,F,O-,0,2010-11-20
390,5,35,11,3,KGID00000390,Charita,1983-02-24,M,O-,0,2016-04-10
391,5,35,11,1,KGID00000391,Yashica,2002-03-11,M,O-,1,2023-02-19
392,5,35,11,8,KGID00000392,Dayamai,1975-02-01,M,O+,0,2015-10-18
393,5,35,11,5,KGID00000393,Nilima,1973-12-01,M,AB+,0,2023-02-27
394,5,36,10,3,KGID00000394,Eta,1984-09-05,M,AB+,0,2019-11-27
395,5,36,11,2,KGID00000395,Neha,1987-04-03,F,A+,0,2022-09-13
396,5,36,8,9,KGID00000396,Chakrika,1994-08-18,F,A+,1,2017-07-15
397,5,36,10,3,KGID00000397,Joshua,1973-05-29,M,B-,0,2012-12-11
398,5,36,11,6,KGID00000398,Rehaan,1972-08-05,M,AB+,0,1997-08-18
399,5,36,11,3,KGID00000399,Osha,2001-10-13,M,A+,0,2022-09-30
400,5,36,9,4,KGID00000400,Ladli,1983-10-02,F,B+,0,2020-03-15
401,5,36,11,2,KGID00000401,Owen,1987-11-05,F,B+,0,2012-11-14
402,5,36,11,7,KGID00000402,Charvi,1985-03-23,M,B+,0,2013-11-19
403,5,36,11,5,KGID00000403,Nidra,1979-02-17,F,A+,0,2024-10-27
404,5,36,11,9,KGID00000404,Aadi,1981-07-13,M,B-,0,2011-03-21
405,5,36,10,8,KGID00000405,Daksha,1970-06-13,M,B-,0,2001-09-26
406,5,36,11,6,KGID00000406,Bhavini,1991-09-12,F,B+,0,2012-04-08
407,6,38,11,8,KGID00000407,Shivansh,1992-07-04,F,A-,1,2016-11-16
408,6,38,8,1,KGID00000408,Qushi,1979-10-05,F,O+,0,2009-09-04
409,6,38,11,7,KGID00000409,Ekanta,1990-06-23,F,A-,0,2020-04-26
410,6,38,11,2,KGID00000410,Udyati,1974-11-06,M,B-,0,2007-06-13
411,6,38,9,2,KGID00000411,Riya,1982-08-28,M,O+,0,2011-10-06
412,6,38,11,2,KGID00000412,Riya,1970-08-06,F,A-,0,2001-12-19
413,6,38,11,2,KGID00000413,Tanay,1981-11-15,M,B+,0,2009-11-17
414,6,38,9,9,KGID00000414,Yasti,1983-07-21,F,AB+,0,2015-09-24
415,6,38,9,1,KGID00000415,Urvashi,1980-01-21,M,O+,0,2006-04-19
416,6,38,8,2,KGID00000416,Omkaar,1999-12-14,M,AB-,0,2023-03-26
417,6,38,11,3,KGID00000417,Frado,1975-06-27,M,A-,0,2012-06-29
418,6,38,11,9,KGID00000418,Bhanumati,1973-03-04,M,A+,0,2004-03-31
419,6,38,11,3,KGID00000419,Yutika,1985-03-06,F,A+,0,2009-05-14
420,6,38,11,4,KGID00000420,Gautami,2001-03-23,M,O+,0,2024-05-08
421,6,38,10,6,KGID00000421,Girik,1971-06-30,M,A+,0,2017-08-21
422,6,38,11,2,KGID00000422,Wahab,1970-01-22,F,AB+,0,2008-12-25
423,6,38,10,8,KGID00000423,Dayita,1971-11-16,M,B-,0,2016-10-22
424,6,39,11,6,KGID00000424,Umang,1978-11-18,M,O-,0,2019-10-23
425,6,39,11,4,KGID00000425,Rushil,2000-11-08,M,O+,0,2024-01-25
426,6,39,11,1,KGID00000426,Manan,1996-07-11,F,A+,0,2024-10-11
427,6,39,10,2,KGID00000427,Aryan,2001-02-08,M,B-,0,2023-09-22
428,6,39,11,2,KGID00000428,Chakradhar,1974-05-21,M,B-,0,2007-07-21
429,6,39,11,8,KGID00000429,Yash,1999-06-09,F,A-,0,2022-02-01
430,6,39,11,2,KGID00000430,Vaishnavi,1996-08-01,M,A+,0,2021-06-04
431,6,39,11,5,KGID00000431,Elijah,1978-08-15,F,O+,0,2012-01-31
432,6,39,11,5,KGID00000432,Tamanna,1982-04-08,M,B-,0,2013-02-25
433,6,39,11,2,KGID00000433,Oeshi,1972-11-20,M,O-,0,1999-12-22
434,6,39,9,4,KGID00000434,Robert,1984-01-27,M,O-,0,2022-04-12
435,6,39,8,1,KGID00000435,Leena,1975-01-26,M,AB-,0,2009-08-24
436,6,40,11,1,KGID00000436,Warda,1985-10-10,F,AB+,0,2017-07-08
437,6,40,9,9,KGID00000437,Mugdha,1986-02-20,F,B-,0,2017-02-21
438,6,40,8,1,KGID00000438,Yagnesh,1974-04-09,M,B-,0,2000-06-12
439,6,40,11,2,KGID00000439,Manbir,1984-09-11,M,AB+,0,2020-05-24
440,6,40,8,8,KGID00000440,Abdul,1970-11-22,F,A-,0,1999-11-14
441,6,40,11,1,KGID00000441,Hredhaan,1982-11-15,F,A+,0,2005-09-30
442,6,40,11,8,KGID00000442,Pavani,2000-06-30,M,O+,0,2023-03-20
443,6,40,9,5,KGID00000443,Theodore,1976-05-24,M,B+,0,2009-05-03
444,6,40,11,8,KGID00000444,Patrick,1979-01-09,M,O-,0,2013-03-28
445,6,40,10,4,KGID00000445,Zarna,1974-02-26,F,B-,0,2013-10-21
446,6,40,11,6,KGID00000446,Ucchal,1968-11-15,M,O-,0,2007-02-27
447,6,41,11,3,KGID00000447,Chandresh,1985-06-03,M,B-,0,2012-01-25
448,6,41,11,8,KGID00000448,Zaid,1980-08-07,M,B-,0,2003-08-18
449,6,41,8,5,KGID00000449,Jairaj,1997-06-19,M,A+,0,2020-09-14
450,6,41,11,7,KGID00000450,Tanmayi,1993-10-28,M,B+,0,2023-06-30
451,6,41,11,1,KGID00000451,Kiaan,2001-02-09,F,AB-,0,2024-01-05
452,6,41,11,4,KGID00000452,Ucchal,1993-04-04,F,O-,0,2024-08-20
453,6,41,9,1,KGID00000453,Edhitha,1969-09-13,M,B-,1,1994-01-18
454,6,41,11,4,KGID00000454,Saanvi,1982-11-18,F,AB-,0,2023-08-03
455,6,41,11,1,KGID00000455,Yamini,1982-07-07,M,B+,0,2004-05-02
456,6,41,11,6,KGID00000456,Pooja,1984-05-14,F,O+,0,2006-08-18
457,6,41,10,3,KGID00000457,Sanaya,1982-06-21,F,O+,0,2006-01-22
458,6,41,11,3,KGID00000458,Nathan,1997-02-13,F,AB-,0,2021-07-23
459,6,41,11,5,KGID00000459,Vaishnavi,1975-11-12,F,AB+,0,2012-12-21
460,6,41,11,7,KGID00000460,Shivani,1999-06-28,F,A+,0,2023-03-19
461,6,41,10,2,KGID00000461,Aashi,1995-06-04,F,B+,0,2018-06-23
462,6,41,8,3,KGID00000462,Yug,1983-07-23,F,A-,0,2011-03-02
463,6,41,11,8,KGID00000463,Aradhana,2000-09-17,M,B-,0,2022-11-19
464,7,43,10,1,KGID00000464,Vedhika,1972-11-05,M,O+,0,1993-01-21
465,7,43,11,6,KGID00000465,William,1990-02-12,M,A-,0,2019-06-30
466,7,43,11,4,KGID00000466,Anvi,1993-12-05,M,A-,0,2021-04-20
467,7,43,7,5,KGID00000467,Ria,1968-11-24,F,A-,0,2004-04-18
468,7,43,11,9,KGID00000468,Faras,1975-03-21,F,A-,0,1999-05-13
469,7,43,11,7,KGID00000469,Bhavika,1989-08-27,F,B+,0,2010-09-11
470,7,43,11,6,KGID00000470,Wahab,1970-05-27,M,B-,0,1995-07-18
471,7,43,11,5,KGID00000471,Anita,2000-09-28,F,AB+,0,2024-01-12
472,7,43,8,8,KGID00000472,Gautami,1993-08-24,M,AB-,1,2020-03-01
473,7,44,10,8,KGID00000473,Ekaja,1997-09-11,M,A+,0,2024-09-24
474,7,44,11,2,KGID00000474,Faris,1971-09-04,M,O+,0,2013-03-29
475,7,44,11,9,KGID00000475,Lakshit,1979-11-20,M,AB-,0,2004-02-02
476,7,44,10,5,KGID00000476,Matthew,1987-12-30,M,AB+,0,2008-12-31
477,7,44,10,2,KGID00000477,Vihaan,1970-10-06,M,AB-,0,1997-10-12
478,7,44,11,9,KGID00000478,Leela,2001-12-06,M,O+,0,2023-04-11
479,7,44,11,4,KGID00000479,Michael,1992-01-08,M,A-,0,2023-08-26
480,7,44,11,9,KGID00000480,Tanish,1969-07-22,F,B+,0,2012-07-10
481,7,44,11,4,KGID00000481,Devansh,1975-10-03,F,B+,0,2003-07-01
482,7,45,11,3,KGID00000482,Oeshi,1987-07-13,F,AB+,0,2012-07-12
483,7,45,11,7,KGID00000483,Nikita,1971-01-02,M,AB-,0,1995-11-26
484,7,45,11,9,KGID00000484,Ganga,1968-07-21,F,A-,0,2021-06-02
485,7,45,9,2,KGID00000485,Unnati,1994-05-16,F,A-,0,2021-07-14
486,7,45,11,7,KGID00000486,Ojasvi,1983-06-04,M,O-,0,2023-09-09
487,7,45,11,7,KGID00000487,David,1975-09-22,M,O+,0,2008-05-09
488,7,45,11,4,KGID00000488,Samuel,1982-11-14,M,O-,0,2018-06-27
489,7,45,11,5,KGID00000489,Osha,1968-11-27,M,O-,0,2005-02-26
490,7,45,11,5,KGID00000490,Lopa,1978-03-23,F,O-,0,2005-01-10
491,7,46,10,2,KGID00000491,Anmol,1986-09-11,M,B-,0,2020-07-26
492,7,46,11,6,KGID00000492,Lajita,1989-09-24,F,B+,0,2021-08-02
493,7,46,11,9,KGID00000493,Vansha,1986-02-04,F,A+,0,2010-01-16
494,7,46,11,4,KGID00000494,Abeer,1977-01-01,M,A+,0,2000-08-02
495,7,46,11,8,KGID00000495,Indira,1980-04-15,M,A-,0,2017-07-11
496,7,46,10,8,KGID00000496,Chanchal,1989-12-04,M,O-,0,2023-04-29
497,7,46,10,2,KGID00000497,Madhavi,1975-05-03,M,O+,0,2007-08-08
498,7,46,11,4,KGID00000498,Oni,2002-12-24,F,B-,0,2023-08-08
499,7,46,11,1,KGID00000499,Thomas,1968-11-24,M,B+,0,2024-06-06
500,7,46,11,5,KGID00000500,Vinaya,1968-05-18,M,AB+,0,2000-01-15
501,7,46,11,7,KGID00000501,Theodore,1980-05-08,F,O-,0,2020-01-05
502,7,46,11,7,KGID00000502,Anjali,1998-05-18,M,A+,0,2024-11-02
503,7,46,11,5,KGID00000503,Rajata,1984-10-14,M,A-,0,2017-08-05
504,7,47,11,5,KGID00000504,Vedika,1996-09-25,M,AB+,0,2020-08-24
505,7,47,11,7,KGID00000505,Ayush,1978-10-12,F,B+,0,2001-07-19
506,7,47,11,7,KGID00000506,Lopa,1981-04-05,M,A+,0,2013-08-21
507,7,47,11,4,KGID00000507,Gayathri,1976-07-08,F,O-,0,2012-05-24
508,7,47,11,3,KGID00000508,Nidhi,1990-10-03,F,B+,0,2017-09-25
509,7,47,11,9,KGID00000509,Noah,2001-03-27,F,B+,0,2023-06-14
510,7,47,11,4,KGID00000510,Unni,1997-05-10,M,AB+,0,2019-01-01
511,7,47,11,5,KGID00000511,Joshua,1984-09-02,M,A-,0,2010-11-05
512,7,47,11,2,KGID00000512,Avi,1994-03-06,M,B-,0,2021-07-04
513,7,47,11,5,KGID00000513,Meera,1985-02-13,M,B+,0,2017-11-19
514,7,47,9,8,KGID00000514,Avi,1986-05-10,M,B+,0,2019-10-09
515,7,47,11,6,KGID00000515,Fiyaz,1996-04-21,F,A+,0,2018-12-26
516,7,47,9,3,KGID00000516,Priya,2002-09-12,M,A-,0,2023-06-22
517,7,48,11,8,KGID00000517,Krishna,1986-02-04,M,A+,0,2016-08-15
518,7,48,11,9,KGID00000518,Triya,1968-08-18,M,A+,0,2004-06-15
519,7,48,10,6,KGID00000519,Qabil,1999-02-09,M,A-,0,2024-12-01
520,7,48,11,1,KGID00000520,Chandresh,1975-06-29,M,AB+,0,1998-12-05
521,7,48,11,7,KGID00000521,Abha,1991-07-06,F,B+,0,2019-07-30
522,7,48,11,4,KGID00000522,Ladli,1984-02-11,M,O+,1,2021-10-28
523,7,48,9,1,KGID00000523,Falak,1973-11-19,M,B+,0,2003-06-23
524,7,48,11,5,KGID00000524,Siddharth,1969-09-04,F,A+,0,2006-10-31
525,7,48,8,1,KGID00000525,Suhani,1972-11-06,M,A-,0,2022-04-27
526,7,48,10,8,KGID00000526,Eta,1992-07-19,F,B-,0,2018-09-02
527,7,48,11,2,KGID00000527,Geetika,1981-07-04,F,AB+,0,2020-11-17
528,7,48,11,9,KGID00000528,Ladli,1986-10-15,F,A-,0,2009-05-09
529,7,48,11,4,KGID00000529,Arunima,1990-04-29,F,B-,0,2015-06-16
530,7,48,11,9,KGID00000530,Oviya,1975-03-12,M,B-,0,1997-10-07
531,8,50,10,2,KGID00000531,Zayyan,1968-02-14,F,O-,0,1990-07-28
532,8,50,8,2,KGID00000532,Finn,1990-12-14,F,B-,0,2012-09-06
533,8,50,11,1,KGID00000533,Upma,1979-11-06,M,B+,0,2020-10-28
534,8,50,11,6,KGID00000534,Anirudh,1984-02-27,M,A-,0,2022-12-24
535,8,50,11,3,KGID00000535,Charles,1970-01-21,F,B+,0,1991-06-08
536,8,50,11,2,KGID00000536,Inaya,1995-11-22,M,AB-,0,2019-01-03
537,8,50,11,7,KGID00000537,Udarsh,1988-06-23,F,O-,0,2015-02-05
538,8,50,11,3,KGID00000538,Ekapad,1975-06-25,F,A+,0,2001-01-26
539,8,50,11,8,KGID00000539,Banjeet,1972-08-26,F,O-,0,2011-08-31
540,8,50,10,1,KGID00000540,Azaan,1984-02-01,F,B+,0,2018-09-18
541,8,50,11,1,KGID00000541,Yug,1986-06-13,M,AB-,1,2016-11-19
542,8,50,11,4,KGID00000542,Ryan,1991-07-17,F,AB-,0,2024-12-06
543,8,50,11,7,KGID00000543,Anmol,1995-09-25,F,B-,0,2017-01-25
544,8,50,11,3,KGID00000544,Michael,1996-10-08,F,A+,1,2021-04-26
545,8,50,11,8,KGID00000545,William,1990-09-05,F,A-,0,2021-07-11
546,8,51,10,9,KGID00000546,Jonathan,1980-06-23,M,O+,0,2003-04-05
547,8,51,9,8,KGID00000547,Urvashi,1988-08-04,M,O-,0,2018-12-18
548,8,51,8,2,KGID00000548,Ishwar,1990-04-23,M,A+,0,2011-05-26
549,8,51,7,5,KGID00000549,Tejas,1972-01-29,F,B-,0,2020-02-08
550,8,51,11,1,KGID00000550,Udyati,1983-04-16,F,O-,0,2012-02-24
551,8,51,11,6,KGID00000551,Aahana,1994-11-29,F,A-,0,2020-04-21
552,8,51,11,6,KGID00000552,Jyoti,1968-02-05,F,AB+,0,2005-04-24
553,8,51,10,3,KGID00000553,Oliver,1972-10-07,M,O+,0,1995-01-21
554,8,51,11,7,KGID00000554,Ishwar,1976-05-30,M,B-,0,2002-06-02
555,8,51,8,2,KGID00000555,Nihal,1986-08-04,F,O-,0,2008-01-16
556,8,51,11,8,KGID00000556,Deepa,1990-08-13,M,A+,0,2014-01-07
557,8,51,11,9,KGID00000557,Hritik,1994-03-31,F,B+,0,2020-06-01
558,8,51,9,7,KGID00000558,Atharv,1973-10-04,F,AB-,0,1998-08-24
559,8,52,11,4,KGID00000559,Devika,1995-04-26,M,AB-,0,2023-10-07
560,8,52,11,7,KGID00000560,Keya,1973-12-25,M,AB+,0,2000-03-13
561,8,52,11,9,KGID00000561,Mekhala,1982-01-30,F,B-,0,2018-12-19
562,8,52,11,3,KGID00000562,Rushil,1998-10-19,F,B+,0,2022-11-15
563,8,52,11,2,KGID00000563,Faqid,1982-06-17,F,O-,0,2018-12-07
564,8,52,11,9,KGID00000564,Xavier,1999-11-08,M,O+,0,2022-05-04
565,8,52,11,3,KGID00000565,Harsh,1969-02-18,M,A+,0,2007-02-01
566,8,52,11,5,KGID00000566,Charvi,1975-03-21,M,A+,0,2008-11-08
567,8,52,10,6,KGID00000567,Jai,2001-10-20,F,A-,0,2022-03-08
568,8,52,11,4,KGID00000568,Benjamin,1993-03-15,F,O+,0,2023-09-13
569,8,52,11,1,KGID00000569,Idika,1999-03-24,F,O+,0,2021-08-12
570,8,52,11,9,KGID00000570,Priya,1998-09-25,M,AB+,0,2022-07-04
571,8,52,11,6,KGID00000571,Kamala,1987-11-16,F,B-,0,2013-01-21
572,8,52,11,3,KGID00000572,Ekapad,1981-03-12,F,A-,0,2022-02-18
573,8,53,11,1,KGID00000573,Yashawini,1973-05-09,M,AB+,0,2010-12-03
574,8,53,11,6,KGID00000574,Harita,1979-06-10,M,B+,0,2000-04-02
575,8,53,11,5,KGID00000575,Advik,1994-10-10,M,AB-,0,2015-07-28
576,8,53,11,3,KGID00000576,Osha,1991-07-27,M,B+,0,2016-12-06
577,8,53,11,4,KGID00000577,Vrishti,1972-02-15,F,AB-,0,2008-09-03
578,8,53,10,8,KGID00000578,Hitesh,2001-10-05,T,A+,0,2024-12-22
579,8,53,10,1,KGID00000579,Rachita,1978-10-12,F,AB-,0,2009-12-08
580,8,53,11,5,KGID00000580,Janaki,1973-01-31,M,AB+,0,2011-04-24
581,8,53,11,9,KGID00000581,Tripti,2002-07-24,F,O-,0,2024-01-19
582,8,53,10,6,KGID00000582,Michael,1997-03-23,M,A-,0,2020-02-28
583,8,54,11,4,KGID00000583,Radhika,1996-02-14,F,B-,0,2017-09-26
584,8,54,11,9,KGID00000584,Patrick,1972-08-29,F,O+,0,2002-03-23
585,8,54,11,1,KGID00000585,Anamika,2001-07-03,M,AB-,0,2022-11-11
586,8,54,8,9,KGID00000586,Veda,1975-12-26,M,B-,0,2007-04-20
587,8,54,11,7,KGID00000587,Udyati,1988-03-27,M,A+,0,2023-02-19
588,8,54,8,2,KGID00000588,Rajata,1968-04-06,F,A+,0,2018-10-10
589,8,54,8,5,KGID00000589,Amrita,1990-07-22,F,AB+,0,2013-05-19
590,8,54,10,7,KGID00000590,Ekantika,1987-08-19,F,A+,0,2016-07-21
591,8,54,11,9,KGID00000591,Yatan,1974-02-12,M,B+,0,2012-07-16
592,8,54,11,6,KGID00000592,Gabriel,2000-09-18,F,A+,0,2024-08-19
593,8,54,11,1,KGID00000593,Arya,1973-07-12,M,O+,0,1995-11-16
594,8,54,11,6,KGID00000594,Shravya,1981-09-01,M,B+,0,2011-06-04
595,8,54,9,2,KGID00000595,Yagnesh,1979-05-03,M,A+,0,2008-09-18
596,8,54,11,9,KGID00000596,Ucchal,1992-08-14,M,A-,0,2023-05-07
597,8,54,9,6,KGID00000597,Ladli,1994-01-16,M,B-,0,2020-06-18
598,8,54,11,8,KGID00000598,Gayathri,1976-09-05,M,AB+,0,2011-04-04
599,8,55,11,6,KGID00000599,Ayush,1984-05-07,F,B+,1,2023-02-12
600,8,55,10,5,KGID00000600,Warda,1977-12-08,F,B+,0,2017-07-25
601,8,55,10,8,KGID00000601,Ekta,1989-07-12,M,AB+,0,2020-05-19
602,8,55,8,2,KGID00000602,Qabil,1996-12-15,F,B+,0,2023-10-21
603,8,55,9,2,KGID00000603,Vinaya,2000-11-26,F,A+,0,2024-07-07
604,8,55,11,7,KGID00000604,Simon,1994-02-06,F,B-,0,2021-06-29
605,8,55,11,3,KGID00000605,Isha,1992-05-18,M,B-,0,2023-08-04
606,8,55,11,8,KGID00000606,Aarna,1981-01-19,M,A-,0,2008-01-03
607,8,55,11,3,KGID00000607,Harini,1997-09-22,F,B+,0,2020-09-05
608,8,55,9,3,KGID00000608,Ati,1993-05-19,F,O-,0,2021-05-24
609,8,56,9,2,KGID00000609,Anya,1989-11-15,M,B-,0,2015-03-14
610,8,56,9,8,KGID00000610,Advaith,1984-03-15,F,A+,0,2013-09-15
611,8,56,11,9,KGID00000611,Zansi,1972-08-18,F,AB+,0,2024-07-27
612,8,56,10,7,KGID00000612,Rayaan,1992-06-01,F,AB-,0,2016-11-25
613,8,56,11,5,KGID00000613,Frederick,1971-06-29,M,B-,0,2015-03-06
614,8,56,10,8,KGID00000614,Wyatt,1983-06-24,F,A+,0,2014-12-02
615,8,56,9,2,KGID00000615,Niharika,1975-06-06,M,AB+,0,2006-04-26
616,8,56,9,2,KGID00000616,Vrinda,1984-03-31,F,O+,0,2018-07-03
617,8,57,11,4,KGID00000617,Wridesh,1989-06-23,M,O+,0,2020-09-29
618,8,57,8,3,KGID00000618,Vamakshi,1993-09-22,M,A+,0,2020-08-23
619,8,57,9,3,KGID00000619,Vritti,1975-06-18,M,O+,0,2007-08-02
620,8,57,11,5,KGID00000620,Sara,1968-11-01,F,B-,0,2022-04-12
621,8,57,11,4,KGID00000621,Anay,1989-08-09,F,B+,0,2013-10-29
622,8,57,11,9,KGID00000622,Girik,1976-02-27,M,AB-,0,2024-12-15
623,8,57,11,7,KGID00000623,Chaitaly,1971-02-01,M,A-,1,2002-04-23
624,8,57,11,3,KGID00000624,Timothy,1990-08-16,M,B+,0,2020-05-31
625,8,57,11,9,KGID00000625,Nidhi,1969-10-01,F,A-,0,2013-11-02
626,8,58,11,7,KGID00000626,Yagnesh,1992-03-10,M,AB-,0,2013-01-10
627,8,58,11,8,KGID00000627,Damini,1987-03-30,F,O+,0,2013-02-22
628,8,58,11,2,KGID00000628,Jyoti,2002-02-28,M,AB+,0,2024-12-14
629,8,58,9,9,KGID00000629,Urvashi,1971-10-05,M,B-,1,2004-09-15
630,8,58,11,9,KGID00000630,Hemangini,1968-04-26,M,A+,0,2015-12-05
631,8,58,9,6,KGID00000631,Pavani,1982-03-03,M,O+,0,2012-03-03
632,8,58,10,6,KGID00000632,Ganga,1992-01-18,M,O+,0,2022-07-02
633,8,58,11,3,KGID00000633,Indira,1993-01-04,M,O-,0,2019-05-31
634,8,58,10,7,KGID00000634,Sudiksha,1983-06-12,F,A-,0,2021-05-13
635,8,58,11,2,KGID00000635,Anika,1999-05-15,M,O+,0,2020-11-27
636,8,59,11,3,KGID00000636,Damini,1998-09-15,M,A+,0,2019-08-02
637,8,59,11,7,KGID00000637,Zayan,1989-02-26,M,AB+,0,2023-06-19
638,8,59,8,7,KGID00000638,Vihaan,1969-09-10,F,O+,0,2022-07-02
639,8,59,11,1,KGID00000639,Jai,1999-12-02,F,B+,0,2023-05-08
640,8,59,11,5,KGID00000640,Reyansh,1977-01-17,M,B-,0,2021-03-30
641,8,59,11,1,KGID00000641,Diya,1984-02-19,F,A-,0,2010-05-14
642,8,59,11,7,KGID00000642,Jagdish,1983-11-03,M,B-,0,2019-01-07
643,8,59,11,9,KGID00000643,Qasim,1971-01-29,M,AB-,0,1996-01-17
644,8,59,11,8,KGID00000644,Rehaan,1978-02-24,F,A+,0,2007-09-23
645,8,59,11,2,KGID00000645,Tarak,1972-10-10,M,AB-,0,2018-01-22
646,8,59,11,5,KGID00000646,Veda,1979-07-24,F,O+,0,2024-02-17
647,8,59,11,8,KGID00000647,Aradhana,2001-12-23,F,A+,0,2023-11-27
648,8,59,10,4,KGID00000648,Barkha,1985-03-01,F,B-,0,2020-03-18
649,8,59,11,9,KGID00000649,Harish,1983-11-03,M,AB+,0,2015-08-02
650,8,59,8,2,KGID00000650,Rishi,1998-03-21,M,B+,0,2022-11-01
651,8,59,10,3,KGID00000651,Chaman,1993-09-25,F,B-,0,2017-01-07
652,9,61,9,4,KGID00000652,Utkarsh,1978-11-09,M,B-,0,2010-11-27
653,9,61,10,2,KGID00000653,Jalsa,2002-12-10,F,O-,0,2023-04-20
654,9,61,11,8,KGID00000654,Praneel,1992-04-15,M,AB-,0,2013-12-13
655,9,61,11,5,KGID00000655,Chasmum,1993-10-08,M,AB+,0,2023-09-29
656,9,61,11,9,KGID00000656,Akshay,1973-10-02,F,O-,0,1996-06-06
657,9,61,7,3,KGID00000657,Jonathan,1983-07-30,M,A-,0,2012-10-30
658,9,61,11,1,KGID00000658,Anusha,1998-12-01,F,O+,0,2019-02-04
659,9,61,10,3,KGID00000659,Chakradev,1995-06-27,M,B-,0,2018-11-29
660,9,61,11,3,KGID00000660,Chatura,1983-05-23,M,B-,0,2012-03-16
661,9,61,11,7,KGID00000661,Brinda,1984-05-17,M,B+,0,2024-02-29
662,9,61,11,2,KGID00000662,Jonathan,1998-10-09,F,B-,0,2021-07-25
663,9,62,9,8,KGID00000663,Vritti,2001-02-16,F,B+,0,2022-11-03
664,9,62,9,9,KGID00000664,Harshil,1996-04-15,F,O-,0,2022-10-19
665,9,62,11,7,KGID00000665,Advik,1993-06-21,M,B+,0,2014-07-15
666,9,62,11,2,KGID00000666,Bhavani,1989-05-17,M,AB-,0,2024-02-16
667,9,62,10,5,KGID00000667,Upasna,1993-01-02,M,O+,0,2024-06-13
668,9,62,11,9,KGID00000668,Varenya,1995-03-01,M,AB+,0,2018-03-25
669,9,62,11,2,KGID00000669,Ridhi,1989-11-13,M,AB+,0,2020-01-10
670,9,62,11,6,KGID00000670,Harini,1975-07-08,M,O+,0,2024-09-25
671,9,62,8,4,KGID00000671,Qarin,1975-04-08,M,AB+,0,2011-05-31
672,9,62,11,8,KGID00000672,Charan,1985-09-27,F,AB-,0,2012-02-01
673,9,62,11,3,KGID00000673,Zayyan,1988-03-13,M,A+,0,2018-04-15
674,9,62,9,4,KGID00000674,Vanya,1979-04-15,M,A-,0,2003-08-04
675,9,62,11,1,KGID00000675,Ishaan,1989-03-23,M,O+,0,2022-04-20
676,9,62,11,3,KGID00000676,Dhruv,1972-08-29,M,O+,0,2004-10-10
677,9,63,11,3,KGID00000677,Nandini,1987-11-17,M,B+,0,2022-01-19
678,9,63,11,8,KGID00000678,Vyanjana,1982-08-03,M,AB+,0,2022-05-20
679,9,63,9,3,KGID00000679,Ethan,1999-04-17,M,O-,0,2023-01-09
680,9,63,11,9,KGID00000680,Chatresh,1993-04-19,F,AB+,0,2018-11-17
681,9,63,11,8,KGID00000681,Max,1978-03-10,M,O+,0,2003-01-07
682,9,63,10,3,KGID00000682,Manthan,1968-01-02,M,O-,0,2013-06-23
683,9,63,11,5,KGID00000683,Daksha,1990-01-24,M,O+,0,2021-09-13
684,9,63,11,6,KGID00000684,Frederick,1968-04-28,M,O+,0,2014-08-04
685,9,63,9,7,KGID00000685,Yuvraj,2001-01-23,M,A-,0,2024-03-09
686,9,63,9,5,KGID00000686,Jagat,2002-04-18,M,AB+,0,2024-09-19
687,9,63,11,5,KGID00000687,Omaja,1976-03-07,M,O-,0,2003-02-17
688,9,64,11,6,KGID00000688,Upkaar,1990-01-25,M,A+,0,2015-03-19
689,9,64,7,5,KGID00000689,Lajita,1972-08-02,M,O-,0,2005-08-28
690,9,64,9,8,KGID00000690,Shravya,1974-10-04,M,O+,0,1995-08-30
691,9,64,11,1,KGID00000691,Saanvi,1984-08-28,M,B+,0,2015-05-27
692,9,64,11,8,KGID00000692,Chameli,1971-03-15,M,AB+,0,2016-05-13
693,9,64,11,7,KGID00000693,Pushti,1973-06-21,F,O-,0,2005-03-02
694,9,64,11,2,KGID00000694,Dalaja,1976-12-07,M,B-,0,2017-09-03
695,9,64,11,3,KGID00000695,Darpan,1981-12-31,F,A+,0,2016-06-29
696,9,64,11,8,KGID00000696,Hardik,1973-06-24,F,B-,0,2005-05-13
697,9,64,8,2,KGID00000697,Sarthak,1997-11-27,M,O+,0,2020-06-11
698,9,64,9,7,KGID00000698,Siddharth,1980-05-20,F,A+,0,2006-05-15
699,9,64,11,3,KGID00000699,Aishani,1998-12-26,M,A-,0,2024-04-30
700,9,65,8,1,KGID00000700,Finn,1995-10-01,M,B+,0,2019-10-18
701,9,65,11,4,KGID00000701,Naksh,1973-08-23,M,AB-,0,2015-11-19
702,9,65,11,7,KGID00000702,Wriddhish,1976-08-27,M,B+,0,1997-12-16
703,9,65,7,9,KGID00000703,Oscar,1999-09-12,M,O-,0,2022-06-15
704,9,65,9,8,KGID00000704,Falan,1983-08-06,M,B+,0,2011-04-05
705,9,65,9,9,KGID00000705,Naksh,1981-04-06,M,A+,0,2013-10-24
706,9,65,11,1,KGID00000706,Aarnav,2000-11-28,M,AB-,0,2022-01-15
707,9,65,9,9,KGID00000707,Nilima,2000-05-04,F,B-,0,2021-05-10
708,9,65,11,5,KGID00000708,Shravya,1992-09-26,M,AB-,0,2016-06-16
709,9,65,11,3,KGID00000709,Upma,1970-12-28,M,A+,0,1992-12-18
710,9,65,11,7,KGID00000710,Bishakha,1972-06-05,F,AB+,0,1994-06-06
711,9,65,9,1,KGID00000711,Bachittar,2000-03-14,F,B-,0,2021-05-26
712,9,65,11,1,KGID00000712,Vincent,1971-08-03,M,O+,0,2012-12-29
713,9,65,11,5,KGID00000713,Bhavya,1970-08-13,M,A-,0,2018-09-03
714,9,65,8,2,KGID00000714,Barkha,1977-09-07,M,B-,0,2021-04-21
715,9,66,9,3,KGID00000715,Sudiksha,1997-06-19,M,O+,0,2020-10-15
716,9,66,11,8,KGID00000716,Ekavir,1993-11-11,F,O+,0,2018-01-06
717,9,66,9,7,KGID00000717,Vivaan,1976-02-03,M,B+,0,2021-09-02
718,9,66,11,6,KGID00000718,Aishani,1983-10-21,M,AB-,0,2024-03-29
719,9,66,11,6,KGID00000719,Rudra,1996-05-28,M,B-,0,2021-10-30
720,9,66,11,6,KGID00000720,Pavani,2001-05-26,F,O-,0,2023-06-05
721,9,66,7,1,KGID00000721,Ishwar,1969-07-21,M,AB+,1,2002-10-05
722,9,66,11,1,KGID00000722,Umang,1977-08-20,F,AB+,0,2012-02-16
723,9,66,11,3,KGID00000723,Manthan,1993-08-06,M,O-,0,2024-05-20
724,9,66,9,4,KGID00000724,Amaira,1984-06-19,M,AB+,0,2024-12-14
725,9,66,10,6,KGID00000725,Lucky,1977-10-02,F,B+,0,2001-06-18
726,10,68,11,5,KGID00000726,Ekbal,1972-04-11,M,O+,0,2019-09-14
727,10,68,8,6,KGID00000727,Darpan,2002-07-31,F,O+,0,2023-12-09
728,10,68,11,1,KGID00000728,Noah,2002-07-23,F,O+,0,2023-08-21
729,10,68,11,3,KGID00000729,Damyanti,1982-04-28,M,B-,0,2015-02-10
730,10,68,11,9,KGID00000730,Bhavya,1985-08-15,M,O+,0,2015-12-30
731,10,68,10,2,KGID00000731,Reva,1973-12-05,M,A+,0,2009-01-29
732,10,68,10,7,KGID00000732,Jeet,1985-11-16,F,B+,0,2017-04-03
733,10,68,11,7,KGID00000733,Upadhriti,1976-11-19,F,B-,0,2018-11-20
734,10,68,11,4,KGID00000734,Daksha,1991-07-08,M,O+,0,2017-07-10
735,10,68,11,7,KGID00000735,Neha,1972-01-07,M,AB-,0,1998-01-18
736,10,68,10,5,KGID00000736,Anita,1997-05-26,M,AB-,0,2018-04-10
737,10,68,11,3,KGID00000737,Xiti,1987-11-02,M,B-,0,2021-12-23
738,10,68,10,2,KGID00000738,Wakeeta,2001-12-27,F,B-,0,2022-06-25
739,10,68,11,6,KGID00000739,Raksha,1980-11-26,F,A-,0,2001-08-14
740,10,68,11,9,KGID00000740,Faris,1982-11-20,M,AB+,0,2007-09-09
741,10,68,11,1,KGID00000741,Balveer,1974-05-04,M,A+,0,2024-12-22
742,10,68,8,1,KGID00000742,Rachana,1977-01-01,M,A+,0,2010-03-03
743,10,69,10,2,KGID00000743,Ekantika,1997-08-11,M,O+,0,2022-01-15
744,10,69,10,6,KGID00000744,Zashil,1999-11-01,M,A-,0,2020-07-22
745,10,69,11,1,KGID00000745,Atharv,1988-07-17,M,AB+,0,2021-07-30
746,10,69,10,6,KGID00000746,Gavin,1975-01-16,F,AB-,0,1996-10-28
747,10,69,9,1,KGID00000747,Veer,1990-06-26,F,O+,0,2017-03-09
748,10,69,11,5,KGID00000748,Ansh,1969-04-27,M,AB-,0,2014-11-23
749,10,69,11,7,KGID00000749,Amruta,1971-12-09,M,B-,0,2024-09-27
750,10,69,11,6,KGID00000750,Banjeet,1987-02-17,M,B+,0,2015-01-03
751,10,69,9,3,KGID00000751,Parth,1992-04-13,M,B+,0,2017-07-16
752,10,69,11,3,KGID00000752,Upma,2002-07-17,M,A-,0,2023-05-29
753,10,69,11,6,KGID00000753,Zilmil,1974-07-12,F,O+,0,1996-04-28
754,10,69,10,3,KGID00000754,Riya,2001-06-12,F,A-,0,2023-07-15
755,10,69,7,5,KGID00000755,Arunima,1995-06-14,M,B-,0,2022-12-02
756,10,69,9,2,KGID00000756,Pratyush,1969-03-03,F,O-,0,2006-02-12
757,10,69,11,6,KGID00000757,Rajata,1989-01-10,M,O+,0,2024-07-27
758,10,69,9,1,KGID00000758,Vyanjana,1976-09-01,M,A+,0,2007-02-25
759,10,69,11,4,KGID00000759,Gavin,1977-12-25,M,O-,0,2007-02-06
760,10,69,11,8,KGID00000760,Upma,1982-07-29,F,O+,0,2022-06-10
761,10,70,11,6,KGID00000761,Ijaya,1985-01-23,M,A+,0,2022-02-25
762,10,70,11,9,KGID00000762,Nilima,1969-11-25,M,A+,0,2001-01-08
763,10,70,11,4,KGID00000763,Gauri,1996-04-15,M,O+,0,2017-07-21
764,10,70,11,3,KGID00000764,Ekani,1980-10-28,M,A+,0,2021-09-11
765,10,70,11,8,KGID00000765,Henry,1988-10-17,M,A-,0,2023-06-29
766,10,70,11,3,KGID00000766,Naveen,1999-03-24,M,AB-,0,2023-01-24
767,10,70,9,4,KGID00000767,Forum,1994-06-24,F,A-,0,2022-12-28
768,10,70,11,3,KGID00000768,Nisha,1999-11-30,F,A-,0,2024-06-19
769,10,71,11,7,KGID00000769,Warhi,1971-10-29,F,B+,0,2015-07-01
770,10,71,10,6,KGID00000770,Bhavya,2002-06-18,M,B+,0,2023-06-24
771,10,71,9,1,KGID00000771,Nandini,2002-07-02,M,AB+,0,2024-12-30
772,10,71,11,2,KGID00000772,Balhaar,1980-12-14,F,B-,1,2009-02-08
773,10,71,11,8,KGID00000773,Suhani,1968-07-19,F,A+,0,2010-07-29
774,10,71,11,8,KGID00000774,Gaurang,1977-09-23,M,O-,0,2024-05-31
775,10,71,11,5,KGID00000775,Divya,1978-12-23,M,B-,0,2023-07-21
776,10,71,9,1,KGID00000776,Zayyan,1997-04-21,M,A+,0,2021-11-30
777,10,71,11,2,KGID00000777,Ekiya,1981-05-21,M,O+,0,2016-11-07
778,10,71,9,8,KGID00000778,Jack,1980-10-03,F,AB-,0,2008-12-16
779,10,71,8,6,KGID00000779,Netra,1981-06-04,F,A-,0,2016-06-25
780,10,71,11,8,KGID00000780,Yoshita,1970-11-29,M,AB+,0,2004-02-19
781,10,71,11,1,KGID00000781,Aarav,1977-05-31,M,A-,0,2007-05-19
782,10,71,11,7,KGID00000782,Turvi,1999-09-15,M,AB-,0,2021-08-11
783,10,71,11,3,KGID00000783,Odika,1995-12-16,M,O-,0,2019-12-20
784,10,72,11,4,KGID00000784,Chatura,1976-01-26,F,B-,1,2024-05-03
785,10,72,7,4,KGID00000785,Raghav,1996-01-21,F,O+,0,2018-04-29
786,10,72,10,4,KGID00000786,Zarna,1993-02-19,M,B-,0,2023-01-15
787,10,72,10,5,KGID00000787,Janaki,1971-01-16,M,AB-,0,2005-10-21
788,10,72,8,7,KGID00000788,Wishi,1982-12-13,F,A+,0,2010-08-28
789,10,72,9,8,KGID00000789,Riya,1983-02-27,F,A+,0,2024-09-07
790,10,72,11,9,KGID00000790,Charan,1996-02-19,F,O-,0,2022-03-02
791,10,72,11,9,KGID00000791,Samar,2001-04-23,M,AB-,0,2022-04-25
792,10,72,7,6,KGID00000792,Amara,1993-11-25,F,AB-,0,2021-09-08
793,10,72,9,7,KGID00000793,Karan,1969-05-25,F,B+,0,2005-03-19
794,10,72,10,5,KGID00000794,Bhavna,1994-09-12,F,AB-,0,2016-04-23
795,10,72,10,4,KGID00000795,Raksha,1971-11-23,M,AB+,0,2014-04-18
796,10,72,10,1,KGID00000796,Vedhika,1973-01-12,F,A-,0,2010-10-15
797,10,72,7,3,KGID00000797,Jairaj,1989-08-25,M,O-,0,2021-03-20
798,10,72,11,3,KGID00000798,Ayush,2002-10-15,F,A-,0,2023-12-02
799,10,72,11,4,KGID00000799,Wriddhish,1998-05-10,F,O-,0,2020-06-27
800,10,72,11,5,KGID00000800,Nathan,1973-03-12,F,A-,0,1994-03-09
801,10,72,11,5,KGID00000801,Deepa,1972-08-16,M,AB+,0,2016-05-09
802,10,73,10,5,KGID00000802,Akshay,1976-08-20,M,O-,0,2009-11-09
803,10,73,10,2,KGID00000803,Nikita,1975-01-24,M,A-,0,2008-04-10
804,10,73,10,3,KGID00000804,Girik,1982-04-15,F,AB+,0,2009-01-29
805,10,73,9,9,KGID00000805,Umang,1981-12-19,M,B+,0,2017-03-12
806,10,73,11,7,KGID00000806,Ishaan,1970-04-06,M,O+,0,1995-10-02
807,10,73,11,8,KGID00000807,Triya,1994-08-03,M,AB+,0,2022-01-22
808,10,73,9,9,KGID00000808,Jacob,2002-01-07,M,O-,0,2024-11-17
809,10,73,8,2,KGID00000809,Mitesh,1999-05-03,M,O-,0,2022-08-17
810,10,73,11,5,KGID00000810,Wishi,1974-06-12,F,O+,0,2022-09-03
811,10,73,11,6,KGID00000811,Bishakha,1982-10-26,M,A+,0,2020-09-09
812,10,73,8,3,KGID00000812,Yashodhara,1989-06-21,M,AB-,0,2020-05-06
813,10,74,11,2,KGID00000813,Anjali,1986-03-13,M,A-,0,2023-01-08
814,10,74,11,7,KGID00000814,Ojasvi,1985-12-23,M,B-,0,2019-03-31
815,10,74,11,6,KGID00000815,Vasudha,1985-03-20,M,O+,0,2007-06-26
816,10,74,11,4,KGID00000816,Urmi,1983-05-08,M,A-,0,2016-03-18
817,10,74,11,8,KGID00000817,Yagnesh,1989-10-29,M,A-,0,2012-07-25
818,10,74,9,2,KGID00000818,Tanmayi,1986-03-15,F,O+,0,2008-07-24
819,10,74,11,4,KGID00000819,Maanav,1970-10-04,F,A+,0,1995-01-23
820,10,74,11,5,KGID00000820,Leela,1988-04-26,M,O-,0,2020-12-01
821,10,74,11,5,KGID00000821,Rayaan,1982-03-15,F,O+,0,2009-09-21
822,10,74,11,1,KGID00000822,Yashoda,1972-01-02,M,O+,0,2019-02-21
823,10,75,8,1,KGID00000823,Laban,1992-08-14,F,AB-,0,2014-03-12
824,10,75,10,7,KGID00000824,Ekaraj,1969-05-25,F,O+,0,2000-07-21
825,10,75,11,7,KGID00000825,Anya,1986-03-19,M,B+,0,2015-07-23
826,10,75,9,6,KGID00000826,Oeshi,1985-04-02,F,B+,0,2024-11-30
827,10,75,11,1,KGID00000827,Harini,1973-08-18,M,A+,0,2000-01-10
828,10,75,11,3,KGID00000828,Yashica,1997-07-06,M,O+,0,2022-11-24
829,10,75,11,7,KGID00000829,Amara,1999-03-12,F,O-,0,2023-05-22
830,10,75,11,6,KGID00000830,Aarnav,1988-03-09,M,O+,0,2017-08-18
831,10,75,11,9,KGID00000831,Barkha,2000-10-14,M,AB-,0,2022-04-30
832,10,75,7,2,KGID00000832,Chanchal,1989-09-04,M,A-,0,2018-04-08
833,10,75,11,8,KGID00000833,Vrishti,2001-09-01,M,A-,0,2023-07-27
834,10,75,11,9,KGID00000834,Manthan,1997-10-09,F,AB+,0,2018-11-16
835,11,77,11,8,KGID00000835,Sanya,1968-06-25,M,O-,0,2011-01-12
836,11,77,10,5,KGID00000836,Veda,1983-10-31,M,A+,0,2021-11-26
837,11,77,11,1,KGID00000837,Hemani,1981-08-21,F,B+,0,2013-09-07
838,11,77,11,5,KGID00000838,Gaurangi,1981-02-01,M,B+,0,2003-03-24
839,11,77,11,3,KGID00000839,Krishna,1980-06-18,M,AB+,0,2012-04-22
840,11,77,7,3,KGID00000840,Tamanna,1973-01-01,F,B+,0,2021-02-01
841,11,77,10,4,KGID00000841,Ekanta,1975-11-13,M,A+,0,2007-09-20
842,11,77,8,3,KGID00000842,Ranbir,1974-07-04,F,O+,0,2021-09-18
843,11,77,9,3,KGID00000843,William,1987-09-29,M,AB-,0,2024-04-13
844,11,77,10,3,KGID00000844,Leela,1973-03-15,M,O-,0,1996-05-10
845,11,77,11,4,KGID00000845,Vivaan,2001-10-01,M,O+,0,2024-12-26
846,11,77,9,5,KGID00000846,Nirja,1987-07-02,F,O-,0,2008-04-07
847,11,77,10,2,KGID00000847,Caleb,1991-10-14,F,AB-,0,2012-12-02
848,11,78,11,6,KGID00000848,Eesha,1997-04-01,M,A-,0,2021-01-21
849,11,78,11,4,KGID00000849,Urvashi,1988-09-06,F,B-,0,2024-02-23
850,11,78,11,9,KGID00000850,Lakshmi,1976-01-26,M,A+,0,2011-01-20
851,11,78,7,2,KGID00000851,Libni,1972-05-19,F,AB-,0,2016-07-24
852,11,78,10,1,KGID00000852,Max,1976-08-29,M,A+,0,1998-07-12
853,11,78,11,2,KGID00000853,Warhi,1977-09-22,F,A-,0,2024-11-20
854,11,78,11,3,KGID00000854,Balhaar,1984-11-11,F,B+,0,2019-09-22
855,11,78,11,8,KGID00000855,Jonathan,1971-05-25,F,AB+,0,2020-08-26
856,11,78,11,5,KGID00000856,Yadavi,1997-12-11,M,A-,0,2021-08-17
857,11,78,8,1,KGID00000857,Garima,1985-06-06,M,AB+,0,2013-06-18
858,11,78,8,7,KGID00000858,Harish,1976-12-31,M,O-,0,2024-05-18
859,11,78,11,2,KGID00000859,Ria,1987-05-06,F,AB+,0,2012-11-24
860,11,78,8,5,KGID00000860,Harish,1993-08-17,F,A+,0,2022-02-28
861,11,78,9,1,KGID00000861,Tanmayi,1996-09-21,F,AB+,0,2017-01-04
862,11,79,11,9,KGID00000862,Alexander,1993-10-10,F,O-,0,2014-01-16
863,11,79,11,9,KGID00000863,Maanas,2000-08-23,M,O+,0,2021-05-24
864,11,79,11,9,KGID00000864,Nimrat,1989-08-16,F,AB-,0,2012-09-19
865,11,79,10,2,KGID00000865,Mohammed,1970-06-23,M,AB-,0,2019-05-13
866,11,79,11,4,KGID00000866,Falan,2002-05-20,M,A+,0,2023-10-24
867,11,79,11,2,KGID00000867,Upasna,1981-05-28,F,AB-,0,2019-07-02
868,11,79,11,4,KGID00000868,Alka,1987-08-24,M,B-,0,2024-06-28
869,11,79,11,7,KGID00000869,Hamsini,1978-09-12,M,AB+,0,2020-12-11
870,11,79,11,1,KGID00000870,Mitali,1988-02-26,M,AB-,0,2009-05-15
871,11,79,8,9,KGID00000871,Faris,1973-04-20,M,B+,0,2003-07-01
872,11,79,9,3,KGID00000872,Falguni,1971-03-26,M,A+,0,1993-08-27
873,11,79,11,3,KGID00000873,Lajita,1970-01-20,M,A+,0,2001-11-20
874,11,79,11,3,KGID00000874,Edhitha,1972-05-13,F,A-,0,2013-06-19
875,11,80,8,4,KGID00000875,Vinaya,1994-09-09,M,B-,0,2023-12-18
876,11,80,11,6,KGID00000876,Balendra,2001-02-06,M,B+,0,2024-04-03
877,11,80,11,3,KGID00000877,Ekapad,1977-07-25,M,A-,0,2000-01-17
878,11,80,11,9,KGID00000878,Wahab,1975-07-16,M,B-,0,2012-08-04
879,11,80,8,7,KGID00000879,Bhavna,1972-06-25,F,A+,0,2021-05-11
880,11,80,8,2,KGID00000880,Utkarsh,1968-04-28,F,AB+,0,1998-01-18
881,11,80,11,3,KGID00000881,Gautam,2002-08-27,M,AB+,0,2024-05-02
882,11,80,11,1,KGID00000882,Radha,1975-10-30,M,O-,0,2023-05-22
883,11,80,8,7,KGID00000883,Guneet,1981-07-05,M,B-,0,2017-08-09
884,11,81,11,9,KGID00000884,Harish,1995-10-06,M,O-,0,2020-01-22
885,11,81,11,4,KGID00000885,Sachi,1980-05-25,M,B+,0,2003-05-20
886,11,81,11,3,KGID00000886,Ojas,1989-04-12,M,A+,0,2021-02-27
887,11,81,10,5,KGID00000887,Chandani,1977-05-26,M,O-,0,2017-07-01
888,11,81,11,3,KGID00000888,Ayush,1992-02-08,F,O-,0,2016-12-11
889,11,81,8,6,KGID00000889,Chakradhar,1978-07-22,M,AB-,0,2018-12-14
890,11,81,8,4,KGID00000890,Ekta,1978-03-20,F,B-,0,2003-05-26
891,11,81,9,8,KGID00000891,Daksh,1989-02-15,M,O+,0,2023-02-15
892,11,81,11,7,KGID00000892,Chaaya,1988-05-29,M,O-,0,2012-12-29
893,11,81,11,6,KGID00000893,Jagrati,1980-02-05,M,A+,0,2010-01-27
894,11,81,8,7,KGID00000894,Kavya,1988-11-18,M,AB-,0,2019-04-15
895,11,81,10,3,KGID00000895,Raagini,1975-01-12,M,B-,0,2024-08-13
896,11,81,11,8,KGID00000896,Madhav,1989-12-11,F,AB+,1,2014-11-09
897,11,81,11,6,KGID00000897,Yash,1979-01-24,M,B-,0,2011-02-12
898,11,81,11,1,KGID00000898,Nisha,1974-09-06,M,A+,0,2020-09-25
899,11,81,11,1,KGID00000899,Pranit,2002-06-23,M,O+,0,2024-05-31
900,11,82,11,9,KGID00000900,Onkar,1978-10-15,F,O+,0,2002-09-23
901,11,82,9,2,KGID00000901,Parth,1981-04-08,M,AB+,0,2012-09-21
902,11,82,11,1,KGID00000902,Farhan,1993-08-02,F,O-,0,2022-05-19
903,11,82,11,6,KGID00000903,Lavanya,1986-03-08,F,A+,0,2011-02-24
904,11,82,8,9,KGID00000904,Wridesh,1998-12-26,M,O+,0,2022-09-25
905,11,82,11,4,KGID00000905,Widisha,1995-06-23,F,A-,0,2022-01-30
906,11,82,10,6,KGID00000906,Luke,1970-06-17,F,A-,0,2014-02-02
907,11,82,11,6,KGID00000907,Vincent,1969-10-31,M,A-,0,2006-05-26
908,11,82,11,4,KGID00000908,Triya,1974-03-17,M,O-,0,2010-01-09
909,12,84,11,4,KGID00000909,Aachal,1999-07-12,M,AB+,0,2021-03-05
910,12,84,11,6,KGID00000910,Tripti,1970-06-11,M,O-,0,1993-11-04
911,12,84,11,9,KGID00000911,Aadhya,1989-02-02,F,O-,0,2021-12-06
912,12,84,11,2,KGID00000912,Aditya,1999-02-04,M,O-,0,2024-07-14
913,12,84,10,2,KGID00000913,Udyati,1976-01-08,M,AB+,0,2009-12-08
914,12,84,9,9,KGID00000914,Bhavna,1974-10-01,F,A+,0,2004-02-29
915,12,84,11,8,KGID00000915,Nakul,1992-04-14,M,O-,0,2015-12-18
916,12,84,7,1,KGID00000916,Ethan,1976-06-24,F,B-,0,1999-10-29
917,12,84,11,6,KGID00000917,Riya,1983-01-25,F,AB-,0,2013-03-26
918,12,84,11,8,KGID00000918,Hemani,1991-10-13,M,B+,0,2024-04-20
919,12,84,10,8,KGID00000919,Chandani,1979-08-30,M,AB+,0,2010-03-04
920,12,84,8,8,KGID00000920,Panini,1983-11-03,F,B+,0,2010-05-18
921,12,84,10,3,KGID00000921,Zashil,1975-11-13,M,A+,0,2002-11-19
922,12,84,11,6,KGID00000922,Tanmayi,1987-10-11,M,A+,0,2013-11-03
923,12,84,11,8,KGID00000923,Chasmum,1974-08-20,M,B+,0,2011-09-23
924,12,84,9,8,KGID00000924,Rushil,1969-02-12,F,O-,0,2008-02-24
925,12,84,9,6,KGID00000925,Leena,2001-02-15,F,AB+,0,2024-11-05
926,12,85,11,8,KGID00000926,Vasudha,2001-10-30,M,A-,0,2022-10-29
927,12,85,11,2,KGID00000927,Hredhaan,1974-04-03,M,O+,0,2019-09-18
928,12,85,9,6,KGID00000928,Warjas,1984-01-12,M,B-,0,2007-01-28
929,12,85,9,4,KGID00000929,Lakshmi,2002-05-30,M,O-,0,2023-10-12
930,12,85,11,4,KGID00000930,Jagrati,1990-12-16,M,A+,0,2019-11-06
931,12,85,10,6,KGID00000931,Chakrika,1974-08-20,M,A+,0,2014-03-08
932,12,85,10,2,KGID00000932,Chakrika,1987-12-27,M,O-,0,2020-07-31
933,12,85,11,3,KGID00000933,Anthony,1987-11-06,F,O+,0,2014-06-22
934,12,85,11,2,KGID00000934,Meghana,1994-05-04,M,AB+,0,2021-09-15
935,12,85,11,7,KGID00000935,Anvi,1983-01-17,M,O+,0,2005-06-25
936,12,85,10,8,KGID00000936,Abhiram,1975-11-05,F,B+,0,2020-12-06
937,12,85,11,1,KGID00000937,Chandran,1980-12-25,F,AB+,0,2023-01-03
938,12,86,11,4,KGID00000938,Watika,2001-03-09,M,A+,0,2024-08-07
939,12,86,10,8,KGID00000939,Bhavini,1996-09-24,M,AB+,0,2024-02-21
940,12,86,11,1,KGID00000940,Victor,1998-11-08,M,AB+,0,2021-09-29
941,12,86,11,6,KGID00000941,Indira,1994-11-12,M,O+,0,2023-05-12
942,12,86,11,6,KGID00000942,Theodore,1989-05-09,M,A+,0,2012-09-06
943,12,86,9,6,KGID00000943,Ranveer,1970-08-16,M,B+,0,1997-07-22
944,12,86,8,6,KGID00000944,Zashil,1984-03-14,M,AB+,0,2014-05-30
945,12,86,11,3,KGID00000945,Laksh,1991-01-19,F,B+,0,2016-05-06
946,12,86,11,5,KGID00000946,Gunbir,1998-09-22,F,AB-,0,2022-05-18
947,12,86,11,3,KGID00000947,Balveer,1974-06-12,M,AB-,0,1995-07-31
948,12,86,11,4,KGID00000948,Dayamai,1975-04-25,M,B-,0,2000-08-05
949,12,86,11,9,KGID00000949,Ridhi,1993-01-22,F,A-,0,2020-11-17
950,12,87,8,8,KGID00000950,Bahadurjit,1973-11-20,M,AB-,0,1994-10-12
951,12,87,11,6,KGID00000951,Janya,1994-10-22,M,AB+,0,2020-11-12
952,12,87,11,3,KGID00000952,Karan,1977-12-22,F,AB+,0,2003-10-10
953,12,87,9,2,KGID00000953,Gautam,1971-07-11,M,O-,0,2011-01-21
954,12,87,8,9,KGID00000954,Chakrika,1972-11-01,M,O-,0,1994-06-22
955,12,87,10,1,KGID00000955,Eta,1970-12-21,F,A-,0,2004-07-13
956,12,87,9,6,KGID00000956,Ojasvi,1976-12-21,M,B+,0,2005-04-16
957,12,87,11,6,KGID00000957,Parth,1994-01-02,M,B-,0,2018-11-25
958,12,87,8,1,KGID00000958,Sai,1993-12-07,M,B-,0,2022-07-24
959,12,88,11,2,KGID00000959,Kevin,1992-02-04,F,O-,0,2013-02-05
960,12,88,11,2,KGID00000960,Jasmit,1987-09-21,M,AB-,0,2023-02-08
961,12,88,11,7,KGID00000961,Yachana,1991-01-25,M,AB-,0,2017-02-07
962,12,88,8,6,KGID00000962,Anjali,1974-02-04,F,A+,0,2017-03-29
963,12,88,11,8,KGID00000963,Nitesh,1985-04-05,M,AB+,0,2012-05-12
964,12,88,11,7,KGID00000964,Aarini,1978-02-17,M,O+,0,2023-11-06
965,12,88,8,3,KGID00000965,Vasatika,1989-05-03,M,O-,0,2018-03-30
966,12,88,10,2,KGID00000966,Chakrika,1991-06-12,M,O+,0,2013-11-27
967,12,88,11,2,KGID00000967,Hamsini,2001-04-04,M,B-,0,2022-12-12
968,12,88,11,4,KGID00000968,Ishwar,1986-02-18,F,O-,0,2009-10-02
969,12,89,11,6,KGID00000969,Upadhriti,2001-12-04,M,O+,0,2024-03-30
970,12,89,11,2,KGID00000970,Faqid,1974-08-11,M,O-,0,2015-05-24
971,12,89,11,2,KGID00000971,Lohit,1974-01-14,F,A-,0,1996-05-01
972,12,89,7,6,KGID00000972,Upkaar,1976-01-13,M,A-,0,2014-03-02
973,12,89,11,8,KGID00000973,Mekhala,1991-04-28,M,O-,0,2023-01-15
974,12,89,10,9,KGID00000974,Jasmit,1983-05-31,M,A+,0,2022-02-26
975,12,89,11,8,KGID00000975,Gautam,1973-05-05,M,O+,0,2011-03-18
976,12,89,7,5,KGID00000976,Megha,1975-12-07,F,B+,0,2020-12-20
977,12,89,9,8,KGID00000977,Akshay,2000-02-08,F,O-,0,2023-03-08
978,12,89,11,8,KGID00000978,Aishani,1993-09-01,M,B+,0,2019-04-09
979,12,89,10,7,KGID00000979,Jatin,1990-03-11,M,AB-,0,2024-04-03
980,12,89,10,1,KGID00000980,Suhani,1970-10-03,M,AB-,0,1992-04-06
981,12,89,11,6,KGID00000981,Jyoti,1969-03-16,M,O+,0,2024-04-28
982,12,89,10,4,KGID00000982,Adweta,1983-10-04,M,AB+,0,2005-04-07
983,12,89,11,2,KGID00000983,Lakshmi,1970-12-09,M,A+,0,2004-09-04
984,12,89,7,9,KGID00000984,Kamya,1997-07-03,F,AB+,0,2022-09-27
985,12,89,11,7,KGID00000985,Hritik,1968-12-30,M,AB-,0,2004-03-13
986,12,90,8,6,KGID00000986,Vivaan,1998-04-14,M,AB-,0,2021-04-23
987,12,90,10,8,KGID00000987,Urishilla,1987-07-23,F,A-,0,2012-07-10
988,12,90,11,1,KGID00000988,Aryan,1980-11-21,M,O+,0,2012-11-23
989,12,90,11,2,KGID00000989,Falak,1972-02-15,M,AB+,0,2018-12-09
990,12,90,11,4,KGID00000990,Timothy,1989-04-26,M,A-,0,2019-07-31
991,12,90,10,9,KGID00000991,Dev,1981-06-14,M,O+,0,2021-06-02
992,12,90,11,9,KGID00000992,Ucchal,1988-04-30,M,A+,0,2024-01-24
993,12,90,11,8,KGID00000993,Chasmum,1976-05-14,M,O-,0,2022-11-17
994,12,90,11,7,KGID00000994,Nilima,1995-07-24,F,A+,0,2024-08-16
995,12,90,10,3,KGID00000995,Jackson,1974-08-17,F,AB+,0,2005-10-13
996,12,90,11,4,KGID00000996,Logan,1970-11-21,F,AB+,0,2019-06-09
997,12,90,11,7,KGID00000997,Chakradev,1979-07-03,M,B+,0,2010-08-04
998,12,90,10,8,KGID00000998,Baljiwan,1981-12-05,M,O+,0,2022-10-27
999,12,90,11,5,KGID00000999,Daksha,1977-01-22,M,AB+,0,2005-02-23
1000,12,90,10,1,KGID00001000,Waida,1992-09-13,F,O-,0,2016-12-12
1001,12,91,11,5,KGID00001001,Jack,1971-10-07,F,O+,0,2006-01-30
1002,12,91,11,3,KGID00001002,Gunbir,1972-01-19,M,A-,0,2010-10-21
1003,12,91,11,5,KGID00001003,Wahab,2002-10-08,M,A-,0,2024-06-21
1004,12,91,9,7,KGID00001004,Krishna,1982-01-21,F,B-,0,2010-05-21
1005,12,91,9,4,KGID00001005,Lipika,1972-10-16,F,O-,0,2000-11-09
1006,12,91,11,9,KGID00001006,Sudiksha,1970-07-05,M,A-,0,2012-12-30
1007,12,91,11,5,KGID00001007,Kamala,1998-08-16,F,B+,0,2021-10-06
1008,12,91,11,1,KGID00001008,Oni,1981-10-28,F,A+,0,2002-12-12
1009,12,92,9,5,KGID00001009,Mohammed,1992-10-16,F,AB-,0,2021-08-18
1010,12,92,11,8,KGID00001010,Oeshi,1991-12-29,M,O+,0,2017-04-20
1011,12,92,11,4,KGID00001011,Hardik,1981-06-30,M,B+,0,2006-01-18
1012,12,92,11,7,KGID00001012,Vrishti,2002-05-24,F,AB+,0,2024-10-21
1013,12,92,11,7,KGID00001013,Nikita,1990-01-20,F,AB-,0,2021-07-26
1014,12,92,11,5,KGID00001014,Ati,1972-07-02,M,AB-,0,2000-03-12
1015,12,92,11,8,KGID00001015,Bachittar,1992-07-26,F,A+,0,2020-04-30
1016,12,92,9,3,KGID00001016,Kamala,1987-11-21,M,B-,0,2022-05-18
1017,12,92,10,3,KGID00001017,Teerth,1971-09-09,M,B+,0,1996-12-20
1018,12,92,11,8,KGID00001018,Sachi,1982-04-30,F,B+,0,2013-02-15
1019,12,92,11,5,KGID00001019,Sai,1982-09-11,M,O+,0,2020-12-06
1020,12,92,10,4,KGID00001020,Warinder,1984-12-04,M,A+,0,2023-09-21
1021,12,92,11,2,KGID00001021,Janani,1996-02-09,F,B-,0,2019-07-26
1022,12,92,11,7,KGID00001022,Hardik,1970-03-26,M,B+,0,2008-12-27
1023,12,92,10,1,KGID00001023,Jhalak,1993-06-11,F,O+,0,2015-04-26
1024,12,92,11,2,KGID00001024,Jagrati,1998-03-20,M,B-,0,2024-07-17
1025,12,92,11,8,KGID00001025,Darsh,1979-12-10,M,O+,0,2012-11-30
1026,12,92,11,7,KGID00001026,Mitali,1980-09-10,M,B+,0,2009-06-30
1027,12,93,9,6,KGID00001027,Anya,1988-03-24,M,O-,0,2014-07-28
1028,12,93,11,7,KGID00001028,Ranveer,1982-07-02,F,O+,0,2024-11-08
1029,12,93,11,2,KGID00001029,Jason,1979-06-30,M,A+,0,2003-04-11
1030,12,93,9,1,KGID00001030,Suhani,1983-11-22,M,O+,0,2017-08-07
1031,12,93,10,9,KGID00001031,Gavin,1984-08-20,M,B+,0,2007-12-20
1032,12,93,11,8,KGID00001032,Simon,1983-03-20,M,AB-,0,2023-09-09
1033,12,93,11,6,KGID00001033,Ansh,1979-09-06,M,B+,0,2005-03-29
1034,12,93,11,7,KGID00001034,Chandresh,1980-08-08,M,AB+,0,2017-03-05
1035,12,93,11,6,KGID00001035,Gauri,1979-10-31,M,B+,0,2023-03-11
1036,12,93,11,9,KGID00001036,Yagnesh,2002-04-04,F,O-,0,2023-06-04
1037,12,93,9,1,KGID00001037,Jeremiah,1978-04-24,M,B+,0,2007-03-20
1038,12,93,11,8,KGID00001038,Samesh,1990-03-14,M,O-,0,2011-12-01
1039,13,95,11,6,KGID00001039,Ekapad,1974-08-22,M,AB+,0,2000-07-18
1040,13,95,9,4,KGID00001040,Sarthak,1990-10-27,M,A+,0,2017-02-12
1041,13,95,11,4,KGID00001041,Tarak,1986-09-05,F,A-,0,2008-09-21
1042,13,95,7,7,KGID00001042,Viraj,1998-07-24,M,A-,0,2020-05-14
1043,13,95,9,8,KGID00001043,Falguni,1971-08-21,M,AB+,0,2012-08-23
1044,13,95,7,8,KGID00001044,Manbir,1969-12-19,M,B+,0,2019-06-08
1045,13,95,8,6,KGID00001045,Aarnav,1996-11-14,F,A-,0,2020-03-04
1046,13,95,11,5,KGID00001046,Aradhana,1972-02-25,M,O+,0,2010-11-22
1047,13,95,11,7,KGID00001047,Maanav,1975-04-23,M,B+,0,2013-06-05
1048,13,96,11,3,KGID00001048,Kalpit,2001-01-03,M,A-,0,2023-09-28
1049,13,96,11,7,KGID00001049,Zashil,1989-12-17,M,O+,0,2019-12-29
1050,13,96,11,3,KGID00001050,Owen,1984-07-08,M,O+,0,2018-10-08
1051,13,96,11,4,KGID00001051,Imaran,1988-10-16,F,B+,0,2024-03-04
1052,13,96,11,2,KGID00001052,Atharv,1997-01-12,M,O+,0,2023-11-20
1053,13,96,11,3,KGID00001053,Karan,1981-06-22,F,AB+,0,2008-08-31
1054,13,96,11,9,KGID00001054,Alexander,1981-04-03,M,A+,0,2004-02-21
1055,13,96,11,8,KGID00001055,Ishita,1986-07-11,F,AB+,0,2009-02-13
1056,13,96,11,1,KGID00001056,Wazir,2002-06-24,M,O-,0,2024-05-30
1057,13,96,9,2,KGID00001057,Ekiya,1985-08-17,M,AB+,0,2007-01-06
1058,13,96,11,5,KGID00001058,Amol,2001-12-21,M,B+,0,2024-07-10
1059,13,96,8,2,KGID00001059,Owen,1995-02-04,M,A+,1,2018-11-28
1060,13,96,8,8,KGID00001060,Alka,1975-09-14,F,O-,0,2017-05-27
1061,13,96,11,7,KGID00001061,Charles,1995-08-31,F,A-,0,2020-01-17
1062,13,96,7,4,KGID00001062,Jonathan,1973-01-07,F,B-,0,1994-09-18
1063,13,97,11,9,KGID00001063,Oviya,1987-07-19,M,AB+,0,2022-01-15
1064,13,97,9,2,KGID00001064,Ishaan,1986-12-04,M,B+,0,2007-06-28
1065,13,97,11,1,KGID00001065,Devansh,1989-10-04,F,B-,0,2020-07-29
1066,13,97,11,6,KGID00001066,Vamakshi,1985-07-28,M,O+,0,2007-02-22
1067,13,97,11,1,KGID00001067,Saumya,2001-01-23,M,O-,0,2023-08-19
1068,13,97,11,4,KGID00001068,Janaki,1998-06-11,F,A+,0,2024-06-21
1069,13,97,10,7,KGID00001069,Yochana,1970-11-06,F,A-,0,2003-01-06
1070,13,97,11,7,KGID00001070,Ikbal,1983-07-22,M,AB+,0,2014-01-20
1071,13,97,11,9,KGID00001071,Siya,1987-08-27,M,AB-,0,2013-03-16
1072,13,97,11,8,KGID00001072,Yahvi,2000-01-30,M,AB+,0,2024-09-07
1073,13,98,11,8,KGID00001073,Timothy,1998-03-12,F,B+,0,2023-01-15
1074,13,98,10,8,KGID00001074,Caleb,2001-08-10,M,B-,0,2022-06-26
1075,13,98,11,5,KGID00001075,Charvi,1986-08-29,M,A+,0,2018-01-27
1076,13,98,10,3,KGID00001076,Tara,1979-09-13,M,A+,0,2016-01-06
1077,13,98,10,4,KGID00001077,Azaan,1973-02-10,M,B-,0,2021-09-14
1078,13,98,11,1,KGID00001078,Darsh,1983-12-08,F,AB+,0,2021-04-03
1079,13,98,11,1,KGID00001079,Varenya,1991-02-13,F,O-,0,2014-05-03
1080,13,98,11,2,KGID00001080,Neelima,2001-11-25,F,A-,0,2022-08-16
1081,13,98,8,2,KGID00001081,Pooja,1972-09-23,F,AB-,0,2000-06-29
1082,13,98,10,8,KGID00001082,Hritik,1987-10-21,F,A-,0,2019-05-07
1083,13,98,10,4,KGID00001083,Vritti,1974-03-07,M,O+,0,2000-07-07
1084,13,98,7,5,KGID00001084,Sachi,1989-03-31,M,A-,0,2017-08-28
1085,13,98,11,4,KGID00001085,Ethan,1986-08-13,M,O+,0,2015-02-02
1086,13,98,9,7,KGID00001086,Faris,1987-03-27,F,AB-,0,2017-04-09
1087,14,100,9,9,KGID00001087,Ekanta,1968-06-11,F,A-,0,2022-03-11
1088,14,100,11,7,KGID00001088,Manbir,2002-08-24,M,A+,0,2023-06-18
1089,14,100,11,9,KGID00001089,Dominic,1993-10-09,F,O+,0,2014-08-25
1090,14,100,11,6,KGID00001090,Jonathan,1992-10-31,F,A+,0,2019-10-30
1091,14,100,11,7,KGID00001091,Anvi,1995-05-19,M,B-,0,2017-08-24
1092,14,100,11,8,KGID00001092,Ekta,1995-09-24,F,O+,0,2023-04-24
1093,14,100,11,9,KGID00001093,Lakshmi,1971-10-12,M,B+,0,1993-08-28
1094,14,100,11,9,KGID00001094,Chaitaly,1977-08-02,M,AB-,0,2002-03-01
1095,14,100,9,5,KGID00001095,Sudiksha,1969-04-01,M,AB+,0,2014-03-22
1096,14,100,11,6,KGID00001096,Yashasvi,1972-12-14,M,AB-,0,1995-09-10
1097,14,100,11,5,KGID00001097,Qushi,1973-08-05,M,A+,0,2014-02-17
1098,14,100,11,4,KGID00001098,Hardik,2001-06-14,M,AB+,0,2024-12-28
1099,14,100,11,3,KGID00001099,Ishwar,1993-09-10,F,B-,0,2021-07-17
1100,14,100,11,8,KGID00001100,Tanveer,1976-08-20,M,O+,0,2013-03-17
1101,14,100,8,3,KGID00001101,Qushi,1970-10-15,M,O-,0,2010-01-22
1102,14,101,11,9,KGID00001102,Siya,1994-05-21,F,AB+,0,2021-04-08
1103,14,101,11,8,KGID00001103,Vedant,1987-09-28,F,O+,0,2023-06-15
1104,14,101,9,8,KGID00001104,Odika,1973-09-13,M,A-,0,2015-09-30
1105,14,101,11,3,KGID00001105,Harinakshi,1969-06-18,F,AB-,0,2023-06-27
1106,14,101,8,2,KGID00001106,Sudiksha,1986-04-30,M,AB+,0,2009-06-22
1107,14,101,9,6,KGID00001107,Mohini,1984-08-30,M,O-,0,2011-11-03
1108,14,101,9,1,KGID00001108,Ojasvi,1994-06-13,F,AB+,0,2019-09-24
1109,14,101,9,1,KGID00001109,Girish,2001-03-06,M,AB-,0,2024-09-28
1110,14,101,8,5,KGID00001110,Dhriti,1989-08-01,M,AB-,0,2022-11-08
1111,14,101,11,3,KGID00001111,Prisha,2000-04-19,F,O-,0,2024-05-25
1112,14,101,11,2,KGID00001112,Dhriti,1974-09-06,F,O+,0,2009-08-03
1113,14,101,11,1,KGID00001113,Aadhya,1983-03-17,F,O-,0,2016-02-18
1114,14,101,11,5,KGID00001114,Kavya,1975-06-06,M,A-,0,1997-02-10
1115,14,101,8,1,KGID00001115,Michael,1995-10-02,F,B-,0,2022-01-28
1116,14,101,11,9,KGID00001116,Urvi,1968-11-01,M,A+,0,1995-05-25
1117,14,101,9,8,KGID00001117,Ekalinga,1999-08-26,M,AB-,0,2024-09-14
1118,14,101,8,7,KGID00001118,Gavin,1969-01-16,M,A+,0,2005-04-01
1119,14,101,10,2,KGID00001119,Frederick,1979-07-15,F,B+,0,2004-01-31
1120,14,102,10,5,KGID00001120,Girik,1972-01-08,F,B+,0,1999-12-02
1121,14,102,11,1,KGID00001121,Rachana,1976-02-21,M,A-,0,1998-03-22
1122,14,102,11,7,KGID00001122,Gopal,1982-07-17,F,A-,0,2008-10-13
1123,14,102,9,4,KGID00001123,Kashish,1994-10-12,M,O+,0,2021-07-28
1124,14,102,10,9,KGID00001124,Kalpit,1982-04-12,M,O-,0,2013-06-04
1125,14,102,11,9,KGID00001125,Darpan,1968-11-01,F,A-,0,2002-01-27
1126,14,102,11,7,KGID00001126,Forum,1973-08-19,M,B-,0,2007-08-31
1127,14,102,9,4,KGID00001127,Jason,1992-03-29,M,O+,0,2016-10-09
1128,14,102,11,8,KGID00001128,Nirja,1969-11-15,F,AB+,0,1990-01-17
1129,14,102,9,5,KGID00001129,Irya,1970-09-12,M,O+,0,2012-08-18
1130,14,103,9,1,KGID00001130,Pallavi,1990-11-22,M,A-,0,2017-04-23
1131,14,103,10,9,KGID00001131,Charan,1973-07-07,T,O+,0,2000-04-07
1132,14,103,11,6,KGID00001132,Bhavna,1982-04-12,F,O-,0,2022-10-29
1133,14,103,11,4,KGID00001133,Devika,1982-06-05,M,AB-,1,2010-08-30
1134,14,103,11,8,KGID00001134,Indira,1996-12-30,M,A+,0,2017-01-09
1135,14,103,11,8,KGID00001135,Hemang,1999-03-30,F,A-,0,2023-12-11
1136,14,103,11,1,KGID00001136,Yashica,1971-06-24,F,O-,0,2016-02-29
1137,14,103,10,6,KGID00001137,Simon,1984-11-18,M,A+,0,2023-07-24
1138,14,103,10,1,KGID00001138,Mohammed,1976-08-27,M,A+,0,2016-12-10
1139,14,103,11,4,KGID00001139,Vasatika,1999-10-24,M,AB+,0,2022-01-02
1140,14,103,9,1,KGID00001140,Udarsh,1990-02-24,M,B-,1,2019-02-21
1141,14,103,11,2,KGID00001141,Hritik,1996-08-21,F,O-,0,2021-06-11
1142,14,103,9,2,KGID00001142,Inaya,2001-02-20,M,A-,0,2022-12-26
1143,14,103,11,5,KGID00001143,Jhalak,1978-03-23,M,A+,0,2022-06-19
1144,14,103,11,9,KGID00001144,Ishwar,1991-11-27,F,A+,0,2017-09-02
1145,14,103,11,6,KGID00001145,Arya,1997-02-27,M,O+,0,2018-08-01
1146,14,103,11,6,KGID00001146,Upkaar,1988-12-05,M,A+,0,2020-02-12
1147,14,103,9,9,KGID00001147,Pushti,1980-06-19,M,A+,0,2019-11-05
1148,14,104,8,1,KGID00001148,Atharv,1993-08-25,T,B-,0,2023-01-22
1149,14,104,11,4,KGID00001149,Amara,1971-05-04,M,AB+,0,2003-03-19
1150,14,104,11,7,KGID00001150,Ayush,1969-04-01,F,AB-,0,2011-07-13
1151,14,104,10,6,KGID00001151,Pranit,1989-03-30,F,AB-,0,2015-05-07
1152,14,104,9,8,KGID00001152,Anjali,1971-04-09,F,O-,0,2018-11-29
1153,14,104,8,7,KGID00001153,Dayamai,1970-09-21,M,A-,0,1992-06-30
1154,14,104,8,5,KGID00001154,Harinakshi,1987-10-28,M,O+,0,2009-03-24
1155,14,104,11,5,KGID00001155,Indali,1993-01-31,F,O+,0,2014-08-02
1156,14,104,11,8,KGID00001156,Abeer,1978-06-16,M,O+,0,1999-06-23
1157,14,104,11,1,KGID00001157,Pratyush,1983-03-27,M,AB-,0,2018-08-07
1158,14,104,8,2,KGID00001158,Luke,1968-07-20,M,B-,0,2016-09-12
1159,14,104,9,6,KGID00001159,Nandini,1990-10-29,M,O-,0,2016-09-30
1160,14,104,9,3,KGID00001160,Ekaraj,1969-12-23,M,O+,0,1992-09-18
1161,14,105,11,3,KGID00001161,Lucky,1981-12-16,M,AB-,0,2008-07-13
1162,14,105,11,1,KGID00001162,Azaan,1991-03-22,M,A+,0,2015-03-30
1163,14,105,9,2,KGID00001163,Gavin,1976-12-26,M,O-,0,2006-01-11
1164,14,105,11,6,KGID00001164,Tanveer,1994-11-26,F,AB-,0,2022-10-07
1165,14,105,11,8,KGID00001165,Krisha,1975-04-12,F,A+,0,2000-09-13
1166,14,105,11,4,KGID00001166,Oni,1996-08-26,M,B-,0,2019-07-03
1167,14,105,11,7,KGID00001167,Sudiksha,1982-11-14,M,B+,0,2021-02-08
1168,14,105,7,6,KGID00001168,Harita,1968-06-11,M,A-,0,1993-04-23
1169,14,105,11,6,KGID00001169,Nakul,1996-04-26,M,A+,0,2023-07-27
1170,14,105,10,3,KGID00001170,Kala,1977-10-27,M,B-,0,2009-10-02
1171,14,105,7,1,KGID00001171,Devika,1979-09-29,F,B+,0,2004-07-15
1172,14,105,11,4,KGID00001172,Ekta,1972-12-23,M,B-,0,2008-03-07
1173,14,105,10,7,KGID00001173,Frado,1975-09-08,F,A-,0,2019-08-21
1174,14,105,11,4,KGID00001174,Charles,1973-11-12,M,AB-,0,2002-07-05
1175,14,105,11,1,KGID00001175,Nachiket,1996-07-14,F,B-,0,2019-09-29
1176,14,105,10,4,KGID00001176,Nakul,1974-08-31,M,AB+,0,2009-09-12
1177,14,105,11,8,KGID00001177,Chandran,1994-03-14,M,A-,0,2024-12-07
1178,14,105,11,3,KGID00001178,Finn,1995-08-01,M,AB-,0,2016-09-22
1179,14,106,9,9,KGID00001179,Anita,1999-12-17,F,O-,0,2022-02-04
1180,14,106,11,1,KGID00001180,Saanvi,1996-08-15,M,B-,0,2023-07-20
1181,14,106,9,7,KGID00001181,Panini,1977-10-21,F,B+,0,2011-09-23
1182,14,106,10,3,KGID00001182,Vedika,1992-09-11,F,AB+,0,2014-11-26
1183,14,106,10,8,KGID00001183,Riya,1994-03-12,M,AB-,0,2015-06-18
1184,14,106,11,8,KGID00001184,Oeshi,1986-05-06,M,O+,0,2015-03-30
1185,14,106,11,6,KGID00001185,Anjali,1979-11-30,F,AB+,0,2003-05-28
1186,14,106,11,5,KGID00001186,Tanveer,1996-11-14,F,A-,0,2017-11-17
1187,14,106,10,6,KGID00001187,Yauvani,1992-06-29,M,AB-,0,2017-06-29
1188,14,106,11,5,KGID00001188,Ishaan,2002-06-21,M,B+,0,2024-11-30
1189,14,106,11,1,KGID00001189,Hemani,2001-03-09,F,AB+,0,2023-06-19
1190,14,106,11,1,KGID00001190,Qushi,1986-02-11,M,B+,0,2016-02-06
1191,14,106,9,8,KGID00001191,Indrajit,2000-06-12,M,O-,0,2022-03-06
1192,14,106,11,4,KGID00001192,Bhanumati,1971-11-07,M,O+,0,2006-01-16
1193,14,106,11,6,KGID00001193,Vidhi,1993-01-18,M,B+,0,2014-05-04
1194,14,107,11,6,KGID00001194,Darika,1997-07-21,M,O+,0,2021-12-23
1195,14,107,11,9,KGID00001195,Chakradev,2002-12-05,M,A+,0,2024-12-08
1196,14,107,7,6,KGID00001196,Thomas,1974-03-29,M,O+,0,2001-11-23
1197,14,107,9,9,KGID00001197,Megha,1985-07-10,M,O-,0,2007-06-06
1198,14,107,11,5,KGID00001198,Christopher,1988-04-02,M,A-,0,2023-05-02
1199,14,107,9,1,KGID00001199,Abhimanyu,1998-11-27,M,A-,0,2024-06-24
1200,14,107,10,5,KGID00001200,Samarth,1977-03-27,F,A-,0,2008-06-15
1201,14,107,10,6,KGID00001201,Charvi,1968-06-29,F,O+,0,1997-09-16
1202,14,108,9,2,KGID00001202,Siddharth,1986-10-08,M,B-,0,2017-09-22
1203,14,108,9,8,KGID00001203,Laksh,1987-05-22,M,AB+,0,2023-12-01
1204,14,108,11,5,KGID00001204,Aadhya,1998-09-20,M,B+,0,2024-02-23
1205,14,108,11,9,KGID00001205,Bimala,1995-02-17,M,O-,0,2018-10-08
1206,14,108,11,5,KGID00001206,Falak,2001-01-26,F,O-,0,2022-07-06
1207,14,108,11,3,KGID00001207,Jagdish,1981-05-05,M,B+,0,2019-07-18
1208,14,108,11,3,KGID00001208,Abhimanyu,1988-07-15,F,A-,0,2017-08-18
1209,14,108,11,5,KGID00001209,Widisha,1978-10-02,F,AB+,0,2006-01-31
1210,14,108,8,8,KGID00001210,Qushi,2000-08-03,M,A-,0,2022-03-21
1211,15,110,11,7,KGID00001211,Parth,1990-08-17,M,AB+,0,2018-04-24
1212,15,110,8,8,KGID00001212,Kai,1969-03-13,M,O+,0,1993-04-14
1213,15,110,10,2,KGID00001213,Lajita,1968-06-24,F,B+,0,2001-03-29
1214,15,110,11,2,KGID00001214,Victor,1989-09-29,M,B-,0,2020-05-07
1215,15,110,11,3,KGID00001215,Xiti,1989-02-12,M,A+,0,2016-04-05
1216,15,110,9,7,KGID00001216,Irya,1973-07-27,M,A+,0,2017-12-25
1217,15,110,9,4,KGID00001217,Ekbal,1984-01-23,F,B-,0,2008-12-28
1218,15,110,8,2,KGID00001218,Mekhala,1996-06-22,M,AB+,0,2022-11-12
1219,15,110,11,4,KGID00001219,Brijesh,1970-03-08,F,AB-,0,2007-12-06
1220,15,111,8,1,KGID00001220,Rajata,1986-11-30,M,B-,0,2007-08-17
1221,15,111,8,3,KGID00001221,Anirudh,1972-05-01,F,A+,0,2022-10-16
1222,15,111,8,9,KGID00001222,Tripti,1982-09-03,F,B-,0,2010-03-28
1223,15,111,10,4,KGID00001223,Faras,1987-03-12,M,AB-,0,2010-09-16
1224,15,111,7,1,KGID00001224,Dhriti,1997-05-03,M,O-,0,2021-07-19
1225,15,111,11,1,KGID00001225,Pushti,1980-06-28,M,B-,0,2017-07-21
1226,15,111,11,9,KGID00001226,Nidhi,1990-05-30,F,B+,0,2013-04-14
1227,15,111,8,7,KGID00001227,Omisha,1982-07-20,F,B+,0,2017-02-24
1228,15,111,11,8,KGID00001228,Bimala,1998-11-05,M,A+,0,2022-07-26
1229,15,111,11,4,KGID00001229,Ishwar,1985-02-24,M,A+,0,2017-06-18
1230,15,111,11,4,KGID00001230,Nidhi,1973-07-25,F,B-,0,2007-11-09
1231,15,112,9,4,KGID00001231,Ansh,1990-05-16,M,B-,0,2017-08-26
1232,15,112,9,8,KGID00001232,Ekta,2000-07-14,F,AB-,0,2024-05-09
1233,15,112,10,9,KGID00001233,Onveer,2002-02-10,F,O+,0,2023-02-10
1234,15,112,10,6,KGID00001234,Triveni,1969-01-23,M,B-,0,2000-04-10
1235,15,112,11,4,KGID00001235,Janaki,1997-10-30,M,O+,0,2020-10-14
1236,15,112,9,2,KGID00001236,Gaurang,1996-04-01,F,A-,0,2017-01-25
1237,15,112,8,3,KGID00001237,Rajeshri,1974-05-07,M,B-,0,2004-02-28
1238,15,112,8,5,KGID00001238,Hitesh,2000-07-09,M,B-,0,2023-08-15
1239,15,113,11,8,KGID00001239,Yagnesh,1981-08-06,F,B-,0,2014-10-20
1240,15,113,11,7,KGID00001240,Rajata,1971-08-03,M,O-,0,2008-02-17
1241,15,113,11,3,KGID00001241,Nandini,2000-12-19,F,O-,1,2023-06-07
1242,15,113,10,9,KGID00001242,Farhan,1971-09-25,M,B+,0,2005-06-19
1243,15,113,11,7,KGID00001243,Meghana,1988-05-06,M,O-,0,2015-05-10
1244,15,113,9,3,KGID00001244,Dayita,1989-01-18,F,A+,1,2014-05-23
1245,15,113,11,8,KGID00001245,Harinakshi,2000-07-15,M,O+,0,2023-02-06
1246,15,113,11,8,KGID00001246,Timothy,1984-09-26,M,A-,0,2013-08-13
1247,15,113,7,3,KGID00001247,Gauri,1973-08-01,M,O+,0,2011-04-06
1248,15,113,11,9,KGID00001248,Om,2001-09-17,F,AB-,0,2023-12-15
1249,15,114,10,4,KGID00001249,Faraj,1987-01-08,M,A+,0,2024-07-01
1250,15,114,10,1,KGID00001250,Yashvi,1999-09-11,F,B+,0,2023-10-17
1251,15,114,11,5,KGID00001251,Ishaan,1998-07-20,M,B+,1,2020-08-26
1252,15,114,11,7,KGID00001252,Yashvi,1996-11-26,M,A-,0,2024-12-24
1253,15,114,9,7,KGID00001253,Rishi,1986-12-21,M,AB+,0,2010-09-20
1254,15,114,11,5,KGID00001254,Ikshita,1985-03-03,F,A-,0,2019-02-23
1255,15,114,11,3,KGID00001255,Indali,1983-06-13,M,B-,0,2022-04-06
1256,15,114,10,3,KGID00001256,Manbir,1981-10-26,F,A+,0,2002-04-16
1257,15,114,11,7,KGID00001257,Warinder,1986-09-28,F,O+,0,2018-10-10
1258,15,114,10,4,KGID00001258,Harshil,1999-08-01,M,A-,0,2020-10-02
1259,15,114,11,1,KGID00001259,Madhav,1976-04-29,F,B-,0,2006-01-06
1260,15,114,11,2,KGID00001260,Aahana,1986-05-03,F,B+,0,2016-11-19
1261,15,114,8,2,KGID00001261,Rudra,1973-08-04,M,B-,0,2006-06-01
1262,15,114,11,1,KGID00001262,Oscar,1972-07-09,M,A+,0,1993-06-05
1263,15,114,11,4,KGID00001263,Michael,1969-11-16,M,A+,0,1994-05-06
1264,15,114,11,8,KGID00001264,Faqid,2002-02-25,M,AB-,0,2023-09-30
1265,15,114,10,6,KGID00001265,Peter,1998-08-02,F,AB-,0,2022-11-06
1266,15,114,10,6,KGID00001266,Wakeeta,1970-07-26,F,A+,0,2006-12-21
1267,15,115,11,2,KGID00001267,Ucchal,1974-03-25,F,AB+,0,1996-02-25
1268,15,115,11,8,KGID00001268,Saumya,1979-02-24,M,O-,0,2016-07-11
1269,15,115,11,6,KGID00001269,Ekantika,1968-02-21,M,AB-,0,2018-08-16
1270,15,115,11,8,KGID00001270,Diya,2001-01-02,M,O-,0,2023-10-29
1271,15,115,11,7,KGID00001271,Matthew,1971-08-26,F,O-,0,2007-08-17
1272,15,115,11,5,KGID00001272,Ria,1972-07-03,M,B+,0,2010-04-07
1273,15,115,11,1,KGID00001273,Ekansh,2000-02-23,M,A-,0,2023-10-31
1274,15,115,11,3,KGID00001274,Upasna,1992-08-12,F,A-,0,2023-06-22
1275,15,115,11,3,KGID00001275,Riya,1978-12-01,F,A-,0,2008-06-29
1276,15,115,11,6,KGID00001276,Chavvi,1969-04-23,F,AB+,0,1997-03-10
1277,15,115,10,3,KGID00001277,Anvi,1989-05-13,F,O-,0,2012-10-05
1278,15,115,11,2,KGID00001278,Daksh,1978-01-14,F,O+,0,2024-11-01
1279,15,115,11,9,KGID00001279,Indira,2000-07-09,F,O+,0,2023-02-21
1280,15,115,9,2,KGID00001280,Yashica,1973-03-10,M,AB-,0,2007-01-20
1281,15,116,11,6,KGID00001281,Ethan,1973-03-17,M,AB-,0,2019-09-12
1282,15,116,11,1,KGID00001282,Dayita,1968-01-28,M,B-,0,2003-12-11
1283,15,116,11,6,KGID00001283,Triya,1982-05-04,F,B+,0,2020-04-19
1284,15,116,11,7,KGID00001284,Siya,1977-12-18,M,O-,0,2002-10-13
1285,15,116,11,8,KGID00001285,Baljiwan,1981-04-25,F,B+,0,2011-10-27
1286,15,116,9,6,KGID00001286,Dakshesh,1997-11-05,M,A-,0,2018-05-21
1287,15,116,11,4,KGID00001287,Jyoti,1993-09-29,M,O+,0,2019-05-14
1288,15,116,11,4,KGID00001288,Bhavini,1974-11-06,F,A+,0,2004-06-12
1289,15,116,11,5,KGID00001289,Faraj,1989-11-13,F,B+,0,2018-10-15
1290,15,116,11,8,KGID00001290,Gautam,1983-02-19,T,O+,0,2013-06-22
1291,15,116,11,4,KGID00001291,Yashica,1980-09-11,F,O+,0,2013-09-01
1292,16,118,11,1,KGID00001292,Leena,1994-01-13,F,AB+,0,2024-09-16
1293,16,118,9,8,KGID00001293,Turvi,1974-03-03,M,B+,0,2014-10-27
1294,16,118,11,6,KGID00001294,Benjamin,1976-10-10,F,A-,0,1997-05-30
1295,16,118,11,7,KGID00001295,Shivani,1974-08-15,F,B+,0,2011-11-22
1296,16,118,8,1,KGID00001296,Raghav,1989-04-03,M,AB-,0,2014-01-11
1297,16,118,11,4,KGID00001297,Ekanta,1996-02-15,M,B-,0,2021-07-13
1298,16,118,10,7,KGID00001298,Vamakshi,1994-09-28,F,A-,0,2016-12-07
1299,16,118,11,5,KGID00001299,Yachana,1997-03-03,F,O-,0,2022-04-15
1300,16,118,9,8,KGID00001300,Matthew,1971-09-15,F,B-,0,1997-06-22
1301,16,118,11,5,KGID00001301,David,1993-09-07,F,A-,0,2019-05-19
1302,16,118,9,7,KGID00001302,Shravya,1989-09-19,M,B+,0,2024-06-16
1303,16,118,8,7,KGID00001303,Harshil,1992-02-10,F,A+,0,2017-02-23
1304,16,118,11,2,KGID00001304,Hemal,1991-10-11,M,A-,0,2022-12-16
1305,16,119,11,3,KGID00001305,Frado,1973-04-06,M,O-,0,2002-02-08
1306,16,119,9,4,KGID00001306,Yamini,1973-10-11,F,A-,0,2019-10-19
1307,16,119,11,2,KGID00001307,Orinder,1969-07-27,M,AB-,0,1993-10-18
1308,16,119,9,4,KGID00001308,Balveer,1997-07-10,M,AB+,0,2018-01-01
1309,16,119,11,6,KGID00001309,Yug,1993-11-19,M,AB-,0,2019-07-02
1310,16,119,11,1,KGID00001310,Raksha,1998-11-10,M,B-,0,2020-02-10
1311,16,119,11,9,KGID00001311,Reva,1977-08-27,M,AB-,0,2004-01-08
1312,16,119,11,9,KGID00001312,Nathan,1986-12-06,M,O+,0,2008-09-01
1313,16,119,9,5,KGID00001313,Januja,1988-06-16,F,B+,0,2010-11-14
1314,16,119,8,4,KGID00001314,Kashish,2000-11-12,F,B+,0,2022-07-06
1315,16,119,9,1,KGID00001315,Barkha,1987-06-14,F,B-,0,2016-07-01
1316,16,120,11,2,KGID00001316,Lila,1998-09-06,M,A-,0,2023-07-25
1317,16,120,10,4,KGID00001317,Nilima,1980-04-03,M,A-,0,2007-07-26
1318,16,120,11,2,KGID00001318,Hamsini,1984-12-25,M,AB+,0,2007-05-11
1319,16,120,11,6,KGID00001319,Charles,1972-04-14,F,AB+,0,2016-09-23
1320,16,120,11,6,KGID00001320,Gaurika,1970-02-24,F,O+,0,1998-08-29
1321,16,120,11,9,KGID00001321,Dominic,1998-05-28,M,O+,0,2024-12-17
1322,16,120,9,9,KGID00001322,Forum,1968-06-04,F,B+,0,2020-10-20
1323,16,120,11,6,KGID00001323,Girindra,1979-12-29,F,B-,0,2002-05-16
1324,16,120,11,8,KGID00001324,Libni,1988-07-14,F,O-,0,2013-02-08
1325,16,121,11,5,KGID00001325,Bhanumati,1991-05-09,F,A-,0,2017-02-17
1326,16,121,11,2,KGID00001326,Zayyan,1982-01-10,F,A-,0,2021-12-16
1327,16,121,11,1,KGID00001327,Mason,1975-05-29,M,AB+,0,2021-10-21
1328,16,121,11,9,KGID00001328,Gauri,1968-06-24,F,B+,0,2009-01-07
1329,16,121,11,2,KGID00001329,Finn,1998-05-11,M,B-,0,2024-12-20
1330,16,121,11,9,KGID00001330,Lohit,2000-01-13,F,B-,0,2023-05-21
1331,16,121,11,8,KGID00001331,Inaya,1991-09-09,F,B-,0,2012-12-12
1332,16,121,10,6,KGID00001332,Dayita,1973-12-24,F,O+,0,2017-01-16
1333,16,121,9,4,KGID00001333,Manya,1973-01-29,F,A-,0,2009-02-28
1334,16,121,11,1,KGID00001334,Kai,1979-11-16,F,O+,0,2009-07-22
1335,16,121,10,1,KGID00001335,Frado,1996-11-03,F,O-,0,2022-10-13
1336,16,121,7,5,KGID00001336,Dayita,1988-08-25,M,A+,0,2016-05-15
1337,16,122,11,7,KGID00001337,Krisha,1968-05-25,M,A-,0,1994-07-19
1338,16,122,11,8,KGID00001338,Falguni,1986-06-04,M,AB+,0,2009-10-11
1339,16,122,10,7,KGID00001339,Joshua,1981-06-04,F,AB+,0,2018-05-08
1340,16,122,11,3,KGID00001340,Girik,1987-09-16,M,O+,1,2011-08-18
1341,16,122,11,2,KGID00001341,Pallavi,1999-10-24,M,A+,0,2021-02-10
1342,16,122,11,1,KGID00001342,Yashoda,1982-11-09,M,B-,0,2023-03-17
1343,16,122,11,7,KGID00001343,Janaki,1979-12-03,M,O-,0,2005-04-30
1344,16,122,11,7,KGID00001344,Andrew,1982-07-28,M,O+,0,2019-11-05
1345,16,122,11,3,KGID00001345,Janani,1968-12-12,M,A+,0,1995-08-29
1346,16,122,9,7,KGID00001346,Dayamai,1998-06-05,F,A+,0,2022-11-02
1347,16,123,10,4,KGID00001347,Pranit,1971-09-15,M,B+,0,2011-03-29
1348,16,123,11,7,KGID00001348,Tanish,1979-10-27,M,A-,0,2011-02-04
1349,16,123,11,3,KGID00001349,Harita,1976-02-16,M,B+,0,2005-06-19
1350,16,123,10,7,KGID00001350,Vedika,1976-08-14,M,B-,0,2003-07-24
1351,16,123,8,5,KGID00001351,Rehaan,1986-04-09,F,B-,0,2018-10-10
1352,16,123,11,7,KGID00001352,Upkaar,1970-10-02,F,AB+,0,2013-11-14
1353,16,123,10,7,KGID00001353,Laksh,1983-09-30,M,A+,0,2019-12-17
1354,16,123,7,4,KGID00001354,Mohammed,1997-08-16,M,AB+,0,2021-08-10
1355,16,123,8,8,KGID00001355,Faras,1976-04-16,M,AB+,0,2008-04-26
1356,16,123,11,6,KGID00001356,Chakrika,1998-08-20,M,AB-,0,2020-06-17
1357,16,123,11,4,KGID00001357,Harrison,1995-02-15,F,B-,0,2020-03-02
1358,16,123,8,2,KGID00001358,Yashica,1972-10-08,M,B-,0,1998-11-08
1359,16,124,11,6,KGID00001359,Baljiwan,1971-05-11,M,O-,0,2016-07-08
1360,16,124,9,1,KGID00001360,Gayathri,2000-05-01,M,O+,0,2021-11-11
1361,16,124,10,6,KGID00001361,Karan,2002-01-23,F,O-,0,2024-07-27
1362,16,124,8,8,KGID00001362,Krisha,1987-07-25,M,A+,0,2009-07-08
1363,16,124,10,1,KGID00001363,Mitesh,1973-10-13,F,A+,0,2006-12-29
1364,16,124,11,8,KGID00001364,Nicholas,2001-03-23,F,A-,0,2024-03-25
1365,16,124,11,7,KGID00001365,Pratyush,1985-03-25,M,AB+,0,2018-08-13
1366,16,124,7,1,KGID00001366,Noah,1993-08-26,F,O-,0,2016-06-11
1367,16,124,11,4,KGID00001367,Raksha,1979-08-11,M,AB+,0,2013-08-11
1368,16,124,9,4,KGID00001368,Caleb,1970-01-17,M,B+,0,2014-12-07
1369,16,124,10,1,KGID00001369,Nirja,1973-12-18,F,B-,0,2006-02-17
1370,16,124,9,6,KGID00001370,Janya,1973-03-18,F,AB-,0,1994-01-23
1371,16,124,11,3,KGID00001371,Wazir,1992-08-21,M,AB+,0,2018-12-04
1372,16,124,8,4,KGID00001372,Sachi,1968-06-19,F,AB+,0,2005-12-12
1373,16,124,11,7,KGID00001373,Bhavani,1992-02-08,F,AB+,0,2015-05-22
1374,16,125,11,4,KGID00001374,Saumya,1977-03-31,M,B-,0,2017-11-01
1375,16,125,11,3,KGID00001375,Vivaan,2001-10-09,M,O+,0,2024-03-20
1376,16,125,11,3,KGID00001376,William,1972-03-15,M,B+,0,2015-04-01
1377,16,125,11,5,KGID00001377,Dayamai,2000-09-20,M,B+,0,2022-01-05
1378,16,125,11,2,KGID00001378,Upasna,1998-10-31,M,O+,0,2021-02-08
1379,16,125,11,9,KGID00001379,Rishi,1986-01-20,M,A+,0,2009-04-01
1380,16,125,10,1,KGID00001380,Jhalak,1968-12-05,F,A+,0,1994-12-08
1381,16,125,11,1,KGID00001381,Ridhi,1980-01-03,F,A+,0,2007-05-26
1382,16,125,8,2,KGID00001382,Triya,2001-01-07,M,O-,0,2023-11-25
1383,16,125,11,6,KGID00001383,Baghyawati,1975-04-26,M,B-,0,2009-10-15
1384,16,125,11,2,KGID00001384,Lavanya,1996-02-23,M,A+,0,2023-02-05
1385,16,125,10,3,KGID00001385,Yadavi,1990-12-12,M,B-,0,2020-04-25
1386,16,125,11,5,KGID00001386,Omya,1974-08-11,M,O+,0,2010-11-06
1387,16,125,11,3,KGID00001387,Neel,1973-01-15,T,B-,0,2016-01-23
1388,16,125,11,6,KGID00001388,Ryan,1984-01-11,M,A-,0,2006-09-17
1389,16,125,11,9,KGID00001389,Lakshit,1975-12-27,M,B+,0,2015-03-24
1390,16,125,9,5,KGID00001390,Zashil,1997-12-06,M,A-,0,2021-05-20
1391,16,125,11,2,KGID00001391,Charles,1984-07-22,F,B+,0,2010-12-15
1392,17,127,10,8,KGID00001392,Vasana,1985-07-09,F,A-,0,2016-01-08
1393,17,127,11,2,KGID00001393,Kamya,1980-06-28,M,B+,0,2007-06-29
1394,17,127,10,7,KGID00001394,Harshil,1982-04-28,M,O+,0,2014-01-31
1395,17,127,11,4,KGID00001395,Zaitra,1974-03-14,M,O-,0,2024-05-02
1396,17,127,11,7,KGID00001396,Jeet,1992-01-20,M,O+,0,2018-03-01
1397,17,127,11,2,KGID00001397,Bhavani,2001-07-25,M,A+,0,2023-03-26
1398,17,127,11,8,KGID00001398,Fiyaz,1984-04-03,F,A-,0,2017-07-11
1399,17,127,10,5,KGID00001399,Naveen,2002-12-05,M,O+,0,2023-05-23
1400,17,127,11,3,KGID00001400,Anjali,1970-07-04,M,B+,0,2024-07-04
1401,17,127,7,1,KGID00001401,Shivani,1987-01-19,F,A-,0,2016-05-02
1402,17,128,11,6,KGID00001402,Yochana,1969-05-09,M,B-,0,1996-08-03
1403,17,128,11,3,KGID00001403,Manan,1986-09-06,M,B+,0,2010-05-11
1404,17,128,11,7,KGID00001404,Rajeshri,1981-06-08,F,O-,0,2023-02-03
1405,17,128,11,3,KGID00001405,Gavin,1980-11-11,M,A+,0,2005-12-28
1406,17,128,9,7,KGID00001406,Tristan,1975-03-12,F,O-,0,1996-06-27
1407,17,128,11,5,KGID00001407,Shravya,1993-08-29,F,O+,0,2019-08-18
1408,17,128,10,7,KGID00001408,Ikshita,1972-02-15,F,B+,0,2016-05-24
1409,17,128,11,7,KGID00001409,Avi,1970-07-06,M,A-,0,2000-10-26
1410,17,128,11,7,KGID00001410,Oeshi,1982-01-18,F,B+,0,2017-08-21
1411,17,128,10,5,KGID00001411,Chatresh,1987-01-11,M,A-,0,2012-05-14
1412,17,128,11,4,KGID00001412,Meghana,1983-01-18,M,A-,0,2004-08-17
1413,17,128,11,4,KGID00001413,Yadavi,2001-12-07,M,A+,0,2023-09-26
1414,17,128,8,1,KGID00001414,Kashvi,1993-07-28,M,O-,0,2020-05-02
1415,17,128,10,6,KGID00001415,Warinder,1981-11-04,F,O+,0,2002-05-19
1416,17,128,10,6,KGID00001416,Libni,1985-07-10,F,A-,0,2022-04-11
1417,17,128,11,9,KGID00001417,Finn,1990-08-03,F,B+,0,2013-04-07
1418,17,128,11,1,KGID00001418,Kavya,1989-05-24,M,B+,0,2023-02-25
1419,17,129,11,4,KGID00001419,Udarsh,1972-03-08,F,B+,0,2003-05-23
1420,17,129,9,9,KGID00001420,Ayaan,1990-07-02,F,AB-,0,2022-07-31
1421,17,129,9,7,KGID00001421,Eiravati,1981-01-17,M,O+,0,2018-03-01
1422,17,129,11,3,KGID00001422,Hardik,1995-03-23,M,O-,0,2016-11-03
1423,17,129,7,9,KGID00001423,Gautami,2002-05-17,F,A-,0,2023-11-13
1424,17,129,11,3,KGID00001424,Madhav,1975-08-12,M,AB-,0,2009-04-05
1425,17,129,8,8,KGID00001425,Laksh,1999-11-17,M,O-,0,2024-04-29
1426,17,129,11,3,KGID00001426,Balvan,1987-10-30,F,O-,0,2022-08-02
1427,17,129,11,3,KGID00001427,Bhavini,1985-12-25,M,AB-,0,2015-03-05
1428,17,130,11,1,KGID00001428,Urmi,1988-03-10,F,A+,0,2014-11-24
1429,17,130,10,3,KGID00001429,Liam,1993-02-26,F,AB+,0,2014-02-02
1430,17,130,11,7,KGID00001430,Upasna,1971-04-10,F,A-,0,2002-01-02
1431,17,130,11,2,KGID00001431,Saumya,1992-01-02,M,A-,0,2023-06-06
1432,17,130,11,4,KGID00001432,Abdul,2002-06-17,M,A-,0,2024-03-19
1433,17,130,11,8,KGID00001433,Fariq,1989-10-24,M,O-,0,2014-10-08
1434,17,130,9,4,KGID00001434,Anirudh,1989-01-29,M,A+,0,2013-04-07
1435,17,130,11,7,KGID00001435,Aahana,1970-10-19,F,B-,0,2007-03-20
1436,17,130,11,7,KGID00001436,Tanveer,2002-01-11,M,B+,0,2024-12-01
1437,17,130,8,5,KGID00001437,Mason,1986-03-03,F,O-,0,2008-10-31
1438,17,130,11,3,KGID00001438,Pallavi,1998-01-14,F,A-,0,2021-11-28
1439,17,130,11,3,KGID00001439,Indrajit,2001-10-14,M,O+,0,2023-09-01
1440,17,130,11,6,KGID00001440,Bhavya,1975-03-17,F,O+,0,2015-08-05
1441,17,130,11,2,KGID00001441,Wazir,1994-10-14,F,B+,0,2017-03-24
1442,17,130,11,1,KGID00001442,Charvi,2000-12-09,M,O-,0,2022-10-11
1443,17,130,11,7,KGID00001443,Jairaj,1982-03-12,M,A+,0,2005-07-19
1444,17,130,11,8,KGID00001444,Champak,1973-08-21,F,A-,0,2022-06-15
1445,17,130,11,9,KGID00001445,William,1976-06-01,F,O+,0,2015-11-07
1446,18,132,11,6,KGID00001446,Oni,1998-06-27,F,A+,0,2019-02-28
1447,18,132,10,8,KGID00001447,Tanvi,1973-08-05,M,AB-,0,2016-05-22
1448,18,132,11,2,KGID00001448,Dev,1991-06-20,F,O-,0,2019-07-14
1449,18,132,9,9,KGID00001449,Indrajit,1994-09-07,M,AB+,0,2016-10-28
1450,18,132,11,5,KGID00001450,Xalak,1987-08-16,F,A-,0,2022-03-22
1451,18,132,11,1,KGID00001451,Amol,1972-08-27,M,O+,0,1997-01-08
1452,18,132,11,2,KGID00001452,Yutika,1995-12-25,F,A+,0,2022-02-09
1453,18,132,11,8,KGID00001453,Wyatt,1977-07-03,M,A-,0,2007-12-31
1454,18,132,11,8,KGID00001454,Maanas,1973-07-31,M,O+,1,2009-09-23
1455,18,132,10,5,KGID00001455,Bishakha,1978-01-16,M,AB+,0,2021-10-07
1456,18,132,11,4,KGID00001456,Pushti,1986-08-08,M,O+,0,2022-02-06
1457,18,133,9,9,KGID00001457,Aarav,1984-10-17,F,AB-,0,2023-11-10
1458,18,133,11,9,KGID00001458,Ira,1987-04-16,F,B-,0,2013-06-04
1459,18,133,10,7,KGID00001459,Wridesh,1970-04-25,M,O+,0,2016-12-02
1460,18,133,9,3,KGID00001460,Omaja,1982-04-09,M,A-,0,2014-08-08
1461,18,133,9,7,KGID00001461,Rachit,1973-04-23,F,AB+,0,2022-04-29
1462,18,133,9,2,KGID00001462,Frederick,1982-06-18,M,O+,1,2007-07-28
1463,18,133,11,9,KGID00001463,Jalsa,1974-11-12,F,A-,0,1996-03-31
1464,18,133,7,8,KGID00001464,Ekansh,2000-12-06,F,AB-,0,2021-09-25
1465,18,134,11,9,KGID00001465,Yashica,1981-04-26,F,O+,0,2010-09-11
1466,18,134,11,3,KGID00001466,Yashica,1980-05-02,F,A-,0,2004-09-21
1467,18,134,11,3,KGID00001467,Anmol,1973-07-03,M,B+,0,1998-10-21
1468,18,134,11,4,KGID00001468,Madhavi,1984-03-18,M,O-,0,2023-10-21
1469,18,134,11,2,KGID00001469,Upma,1989-10-28,M,O+,0,2024-01-13
1470,18,134,10,3,KGID00001470,Caleb,1988-03-23,M,B+,0,2012-08-12
1471,18,134,11,6,KGID00001471,Lila,1969-05-30,T,O-,0,1995-04-05
1472,18,134,11,9,KGID00001472,Kashvi,1968-03-23,F,A-,0,1997-02-08
1473,18,134,7,9,KGID00001473,Zehaan,1969-01-12,F,B-,0,2013-03-27
1474,18,134,8,6,KGID00001474,Amol,1977-09-24,M,A-,0,1999-04-29
1475,18,134,11,8,KGID00001475,Ishanvi,1980-01-02,M,A-,0,2013-04-11
1476,18,134,11,8,KGID00001476,Ekansh,1981-03-15,M,O+,0,2022-12-14
1477,18,134,10,7,KGID00001477,Hemani,1976-11-16,M,AB+,0,2009-08-11
1478,18,134,9,7,KGID00001478,Wridesh,2000-05-22,F,O+,0,2023-09-27
1479,18,134,10,2,KGID00001479,Hemang,1982-04-19,M,O+,0,2016-12-20
1480,18,134,10,8,KGID00001480,Gaurangi,1996-05-19,M,A+,0,2017-09-21
1481,18,134,10,9,KGID00001481,Kiaan,1986-05-20,M,A+,0,2013-08-01
1482,18,134,11,6,KGID00001482,Chaitanya,1987-04-06,M,B-,0,2012-03-03
1483,18,135,9,1,KGID00001483,Indira,1982-02-07,M,A+,0,2005-09-28
1484,18,135,9,6,KGID00001484,Hamsini,1993-06-15,F,A-,0,2022-12-02
1485,18,135,11,2,KGID00001485,Parth,1991-08-26,M,A-,0,2016-11-16
1486,18,135,11,6,KGID00001486,Ucchal,1998-08-07,F,B-,0,2023-11-18
1487,18,135,11,5,KGID00001487,Varenya,1990-05-14,M,A-,0,2012-01-19
1488,18,135,11,4,KGID00001488,Qabil,1994-07-08,M,AB+,1,2019-04-18
1489,18,135,11,8,KGID00001489,Krishna,1993-10-29,M,O+,0,2014-01-20
1490,18,135,11,6,KGID00001490,Dev,1991-08-30,F,A-,0,2012-11-16
1491,18,135,11,5,KGID00001491,Tanvi,1986-08-14,M,AB-,0,2023-03-22
1492,18,135,11,1,KGID00001492,Balhaar,1982-01-18,M,O-,0,2014-01-28
1493,18,135,11,2,KGID00001493,Chaaya,1973-06-12,M,A+,0,2010-10-10
1494,18,135,9,7,KGID00001494,Saksham,1982-06-25,M,A-,0,2022-04-27
1495,18,135,11,9,KGID00001495,Caleb,1984-07-18,F,A+,0,2023-04-22
1496,18,136,8,5,KGID00001496,Ryan,1981-08-25,M,O+,0,2005-05-14
1497,18,136,9,8,KGID00001497,Benjamin,1974-03-07,M,AB-,0,2021-03-04
1498,18,136,11,8,KGID00001498,Diya,1986-07-16,F,B-,0,2021-04-14
1499,18,136,11,8,KGID00001499,Dayita,1980-08-01,M,AB+,0,2015-06-11
1500,18,136,11,4,KGID00001500,Yutika,1983-11-01,F,B-,0,2016-07-11
1501,18,136,8,4,KGID00001501,Mitali,1990-03-09,M,B-,0,2012-05-08
1502,18,136,10,6,KGID00001502,Urvashi,1989-11-15,M,AB-,0,2012-05-06
1503,18,136,10,3,KGID00001503,Zehaan,1988-05-13,F,A-,0,2023-09-13
1504,18,137,11,9,KGID00001504,Balhaar,1985-04-18,M,O+,0,2016-02-24
1505,18,137,10,2,KGID00001505,Rayaan,1975-05-14,M,A-,0,2009-10-11
1506,18,137,10,5,KGID00001506,Bhavika,1988-09-02,M,O-,0,2013-03-13
1507,18,137,8,6,KGID00001507,Ishanvi,1992-09-07,M,B+,0,2014-11-20
1508,18,137,11,8,KGID00001508,Champak,1982-12-20,M,A-,0,2004-03-11
1509,18,137,10,5,KGID00001509,Garima,1986-12-15,M,B+,0,2011-05-08
1510,18,137,11,7,KGID00001510,Anjali,1990-02-21,M,A+,0,2022-08-19
1511,18,137,11,1,KGID00001511,Jeet,1977-11-06,F,AB+,0,2003-03-03
1512,18,137,11,7,KGID00001512,Jhalak,1980-05-10,M,A-,0,2011-02-28
1513,18,137,11,8,KGID00001513,Rajeshri,1999-01-10,M,B-,0,2021-07-03
1514,18,137,10,1,KGID00001514,Mugdha,1994-09-30,M,O-,0,2018-03-25
1515,18,138,9,3,KGID00001515,Ria,1998-07-26,M,O-,0,2019-10-12
1516,18,138,7,6,KGID00001516,Libni,1989-04-15,M,AB+,0,2019-08-07
1517,18,138,9,6,KGID00001517,Harinakshi,2002-02-07,F,A+,0,2023-01-10
1518,18,138,10,1,KGID00001518,Rachit,1972-11-27,M,AB+,0,1995-01-11
1519,18,138,11,2,KGID00001519,Watika,1975-07-04,M,AB-,0,2002-07-29
1520,18,138,11,8,KGID00001520,Widisha,1992-06-23,M,O-,1,2018-10-10
1521,18,138,10,9,KGID00001521,Jhalak,1999-11-09,F,O-,0,2021-11-14
1522,18,138,11,1,KGID00001522,Zilmil,2000-08-31,M,O+,0,2024-08-03
1523,18,138,11,8,KGID00001523,Amara,1974-05-09,M,O+,0,2011-01-09
1524,18,138,11,2,KGID00001524,Fitan,1976-09-10,F,O-,0,2013-12-12
1525,18,138,11,6,KGID00001525,Panini,1975-11-06,F,O+,0,2007-11-25
1526,19,140,10,9,KGID00001526,Farhan,1969-11-04,F,A-,0,2015-12-30
1527,19,140,11,2,KGID00001527,Qushi,1983-07-26,F,O-,0,2010-06-20
1528,19,140,9,9,KGID00001528,Pranit,1998-07-18,F,B+,0,2020-09-07
1529,19,140,10,8,KGID00001529,Chaaya,1981-03-21,M,AB+,0,2002-09-13
1530,19,140,9,1,KGID00001530,Ekani,1989-11-27,M,A+,0,2016-11-10
1531,19,140,9,9,KGID00001531,Harshil,1980-09-15,M,A-,0,2023-07-09
1532,19,140,9,7,KGID00001532,Fariq,2000-11-18,M,A-,0,2022-02-07
1533,19,140,7,7,KGID00001533,Falak,1983-11-28,M,A-,0,2009-07-30
1534,19,140,11,3,KGID00001534,Chakrika,1994-10-12,M,AB-,0,2018-06-26
1535,19,140,9,5,KGID00001535,Damini,2002-06-08,M,B-,0,2023-07-24
1536,19,140,8,8,KGID00001536,Sanaya,1993-06-02,M,O+,0,2024-05-25
1537,19,140,11,9,KGID00001537,Pooja,1972-04-22,M,AB-,0,1999-03-21
1538,19,141,11,7,KGID00001538,Ojas,1989-01-03,M,O+,0,2017-12-11
1539,19,141,11,7,KGID00001539,Sachi,1969-03-08,M,B+,0,2024-05-24
1540,19,141,10,6,KGID00001540,Indali,1978-11-19,M,AB+,0,2021-12-22
1541,19,141,11,1,KGID00001541,Sanya,1973-08-25,M,O-,0,2012-01-28
1542,19,141,8,6,KGID00001542,Brijesh,1980-02-13,M,AB+,0,2005-10-20
1543,19,141,11,9,KGID00001543,Ira,1970-09-24,F,A+,0,1996-06-12
1544,19,141,11,8,KGID00001544,Radhika,1993-03-18,M,B+,0,2022-04-21
1545,19,141,10,4,KGID00001545,Anvi,1968-04-15,M,A+,0,2011-10-03
1546,19,141,11,4,KGID00001546,Dakshesh,1991-04-26,M,O-,0,2014-03-04
1547,19,141,11,2,KGID00001547,Falan,1985-07-11,M,O-,0,2007-04-01
1548,19,141,11,8,KGID00001548,Nidra,1992-07-10,F,A-,0,2018-11-03
1549,19,141,11,4,KGID00001549,Januja,1976-04-15,M,B-,0,2003-05-11
1550,19,141,10,8,KGID00001550,Yochana,1997-12-10,M,AB+,0,2019-02-14
1551,19,141,11,7,KGID00001551,Nathaniel,1972-10-24,F,B+,0,2013-10-24
1552,19,141,11,1,KGID00001552,Azaan,1993-04-23,M,A+,0,2018-05-15
1553,19,141,11,1,KGID00001553,Luke,1995-10-22,F,AB-,0,2020-12-25
1554,19,141,11,5,KGID00001554,Raksha,2000-06-07,M,B+,0,2023-07-28
1555,19,141,11,6,KGID00001555,Bakhshi,1990-07-28,F,O+,0,2015-09-23
1556,19,142,11,6,KGID00001556,Jonathan,1983-10-13,M,B+,0,2018-09-17
1557,19,142,11,2,KGID00001557,Ekalinga,1981-08-03,F,O-,0,2019-09-03
1558,19,142,11,9,KGID00001558,Warinder,1997-07-23,F,AB+,0,2020-01-09
1559,19,142,10,7,KGID00001559,Jeevika,1994-01-18,M,A+,0,2018-11-26
1560,19,142,9,2,KGID00001560,Janaki,1972-04-30,M,O-,0,2022-11-04
1561,19,142,9,2,KGID00001561,Leela,2002-08-14,F,B+,0,2023-08-31
1562,19,142,10,1,KGID00001562,Bachittar,1986-11-04,M,A-,0,2008-06-11
1563,19,142,11,1,KGID00001563,Mitesh,1987-10-22,F,AB-,0,2016-05-24
1564,19,142,11,9,KGID00001564,Shivani,1973-12-22,M,AB+,0,2022-08-05
1565,19,142,11,3,KGID00001565,Kamala,1978-02-11,M,B-,0,2008-01-10
1566,19,143,11,4,KGID00001566,Kamya,1997-12-29,M,B+,0,2019-01-30
1567,19,143,10,9,KGID00001567,Sachi,1986-04-21,F,AB-,0,2019-09-30
1568,19,143,11,9,KGID00001568,Faraj,2000-09-01,M,B-,0,2024-08-08
1569,19,143,11,9,KGID00001569,Laksh,1983-10-17,F,A-,0,2011-12-30
1570,19,143,11,2,KGID00001570,Jeevika,1971-03-07,M,AB+,0,2017-07-12
1571,19,143,11,9,KGID00001571,Mitali,1970-04-23,M,B-,0,2017-12-24
1572,19,143,10,6,KGID00001572,Dipta,1979-04-11,M,B+,0,2017-07-06
1573,19,143,8,9,KGID00001573,Arya,1993-10-22,F,AB+,0,2016-09-15
1574,20,145,11,8,KGID00001574,Zaid,1972-12-21,F,AB+,0,2019-02-22
1575,20,145,7,4,KGID00001575,Ishaan,1986-11-26,M,A+,0,2012-11-07
1576,20,145,11,1,KGID00001576,Atharv,2000-12-01,M,A-,0,2022-11-07
1577,20,145,11,1,KGID00001577,Quincy,1995-05-13,M,A-,0,2023-11-19
1578,20,145,11,9,KGID00001578,Xalak,1995-06-22,M,B+,0,2016-11-26
1579,20,145,8,9,KGID00001579,Zarna,1969-08-06,M,AB-,0,2012-04-11
1580,20,145,10,1,KGID00001580,Lila,1978-03-20,M,B-,0,1999-12-18
1581,20,145,11,9,KGID00001581,Jacob,1998-08-03,M,O+,0,2019-03-16
1582,20,146,11,3,KGID00001582,Adweta,1987-02-23,M,A-,0,2020-04-28
1583,20,146,11,4,KGID00001583,Abha,1984-06-29,M,A+,0,2012-11-21
1584,20,146,8,7,KGID00001584,Sanaya,1968-06-13,F,A+,0,2000-03-10
1585,20,146,7,1,KGID00001585,Tanish,2000-04-15,M,B+,0,2022-05-27
1586,20,146,10,4,KGID00001586,Bhavika,1982-02-02,T,B+,0,2010-11-04
1587,20,146,11,2,KGID00001587,Vritti,1973-06-28,M,B-,0,2023-06-15
1588,20,146,11,4,KGID00001588,Ryan,1984-01-05,M,AB+,0,2024-04-05
1589,20,146,11,9,KGID00001589,Jason,1981-02-16,F,AB-,0,2012-12-15
1590,20,146,11,7,KGID00001590,Krishna,1970-06-03,F,O-,0,2006-07-20
1591,20,146,9,4,KGID00001591,Ethan,1974-02-24,M,B-,0,2018-05-15
1592,20,147,7,8,KGID00001592,Siya,1978-07-18,F,A+,0,2018-10-01
1593,20,147,7,5,KGID00001593,Orinder,1980-06-20,F,A-,0,2018-03-27
1594,20,147,11,1,KGID00001594,Sai,1985-03-22,F,O+,0,2017-02-09
1595,20,147,9,7,KGID00001595,Gagan,1985-01-05,M,AB+,0,2010-02-19
1596,20,147,11,6,KGID00001596,Ekaja,1969-03-01,F,AB+,0,2017-04-22
1597,20,147,11,6,KGID00001597,Idika,2001-12-19,F,O+,0,2022-02-26
1598,20,147,11,2,KGID00001598,Dhruv,2000-12-27,M,AB+,0,2021-04-27
1599,20,147,11,9,KGID00001599,Bina,1988-10-16,M,O+,0,2018-07-05
1600,20,147,11,1,KGID00001600,Charita,1978-09-08,M,AB+,0,2004-11-30
1601,20,147,10,6,KGID00001601,Nakul,1992-05-07,M,A+,0,2019-08-21
1602,20,148,10,2,KGID00001602,Owen,1979-03-28,M,AB-,0,2000-07-21
1603,20,148,11,1,KGID00001603,Janaki,1987-11-28,M,O-,0,2018-05-18
1604,20,148,10,4,KGID00001604,Yashoda,1996-08-09,M,A-,0,2023-03-30
1605,20,148,11,2,KGID00001605,Udarsh,1982-02-01,M,AB+,0,2024-05-19
1606,20,148,10,4,KGID00001606,Jairaj,1990-03-14,F,B+,0,2013-11-08
1607,20,148,11,1,KGID00001607,Sai,1978-06-09,M,O-,0,2004-02-19
1608,20,148,8,1,KGID00001608,Liam,2000-03-06,F,AB+,0,2022-04-12
1609,20,148,7,1,KGID00001609,Warjas,1983-11-07,M,AB-,0,2016-02-14
1610,20,148,11,2,KGID00001610,Wakeeta,1973-01-28,M,AB-,0,2016-12-03
1611,20,148,11,2,KGID00001611,Atharv,1998-07-19,F,AB+,0,2023-08-31
1612,20,148,10,7,KGID00001612,Jalsa,1984-02-28,F,AB-,0,2012-07-07
1613,20,148,11,3,KGID00001613,Jyoti,1995-11-24,M,AB+,0,2016-05-07
1614,20,148,11,4,KGID00001614,Unni,1969-02-22,F,AB-,0,1994-10-07
1615,20,149,11,3,KGID00001615,Kai,1969-06-18,M,A-,0,2019-06-23
1616,20,149,11,9,KGID00001616,Gabriel,1978-01-27,T,O+,0,2024-05-12
1617,20,149,9,8,KGID00001617,Dominic,1991-09-03,F,O-,0,2013-02-25
1618,20,149,9,4,KGID00001618,Dayamai,1993-10-20,M,AB-,0,2017-04-15
1619,20,149,10,8,KGID00001619,Mitali,1973-03-05,F,O+,0,2004-10-24
1620,20,149,10,6,KGID00001620,Varenya,1990-09-06,F,B-,0,2012-09-18
1621,20,149,11,3,KGID00001621,Nirja,1993-07-16,F,B-,0,2023-04-14
1622,20,149,11,3,KGID00001622,Nimrat,1994-03-25,M,AB+,0,2022-06-20
1623,20,149,8,9,KGID00001623,Ethan,1986-04-28,F,O-,0,2016-06-11
1624,20,149,11,1,KGID00001624,Jeremiah,1976-01-26,M,O+,0,2017-05-15
1625,20,149,11,3,KGID00001625,Edhitha,1989-01-28,F,O+,0,2012-04-07
1626,20,149,9,9,KGID00001626,Ethan,1971-04-11,F,O+,0,1997-12-08
1627,20,149,10,9,KGID00001627,Shivani,1986-01-17,M,AB+,0,2022-08-19
1628,20,149,11,2,KGID00001628,Unnati,1983-02-06,T,A+,0,2017-04-07
1629,20,150,11,8,KGID00001629,Zansi,1986-05-05,F,O+,0,2021-02-23
1630,20,150,11,9,KGID00001630,Hemangini,1974-01-14,M,A+,0,2003-03-25
1631,20,150,10,7,KGID00001631,Kabir,1997-02-16,M,B+,0,2023-02-01
1632,20,150,11,4,KGID00001632,Qabil,2002-09-03,M,AB-,0,2023-04-10
1633,20,150,11,7,KGID00001633,Kai,1991-07-23,M,O+,0,2023-05-26
1634,20,150,9,4,KGID00001634,Rachita,1974-06-04,M,AB+,0,1996-11-18
1635,20,150,11,5,KGID00001635,Yadavi,1972-06-17,M,AB+,0,2008-07-31
1636,20,150,11,5,KGID00001636,Christopher,1975-08-06,F,A-,0,2008-12-09
1637,20,150,11,4,KGID00001637,Jeet,1974-04-29,M,B+,0,1999-04-22
1638,20,150,11,1,KGID00001638,Zarna,1992-03-19,M,A+,0,2017-05-18
1639,20,150,10,8,KGID00001639,Michael,1993-08-14,M,O-,0,2018-10-13
1640,20,150,8,2,KGID00001640,Daksha,1999-09-07,M,O+,0,2024-09-26
1641,20,150,8,2,KGID00001641,Nitesh,1974-02-19,F,A-,0,2007-06-29
1642,20,151,11,9,KGID00001642,Neel,1982-09-03,M,O-,0,2006-07-07
1643,20,151,11,6,KGID00001643,Ekantika,2002-11-09,F,A+,0,2023-03-17
1644,20,151,11,4,KGID00001644,Umang,1991-05-20,F,A+,0,2019-02-14
1645,20,151,11,7,KGID00001645,Hiral,1979-01-12,F,B-,0,2006-02-20
1646,20,151,10,3,KGID00001646,Zilmil,1974-10-17,F,AB+,0,2016-09-25
1647,20,151,11,4,KGID00001647,Bhanumati,1971-12-24,M,A-,0,2015-02-28
1648,20,151,11,1,KGID00001648,Farhan,1999-11-06,M,AB+,0,2020-12-30
1649,20,151,11,8,KGID00001649,Zashil,1978-07-12,M,B+,0,2014-08-23
1650,20,151,11,8,KGID00001650,Ronith,1981-02-07,F,O+,0,2023-10-05
1651,20,151,11,4,KGID00001651,Anvi,1981-04-02,M,AB+,0,2006-05-01
1652,20,151,11,2,KGID00001652,Jeremiah,1979-02-05,M,AB-,0,2019-01-21
1653,20,152,11,8,KGID00001653,Chavvi,1999-08-13,F,O-,0,2020-09-19
1654,20,152,11,5,KGID00001654,Girik,1969-04-19,M,O+,0,2003-01-19
1655,20,152,11,7,KGID00001655,Yadavi,1979-09-26,M,O-,0,2014-03-31
1656,20,152,10,8,KGID00001656,Om,1970-06-14,F,AB-,0,2003-01-14
1657,20,152,8,4,KGID00001657,Mitesh,1988-01-30,M,B+,0,2018-03-12
1658,20,152,11,6,KGID00001658,Onveer,1972-12-12,M,A+,0,2020-07-06
1659,20,152,7,6,KGID00001659,Geetika,1985-01-03,F,A-,0,2008-01-10
1660,20,152,11,4,KGID00001660,Benjamin,1984-03-29,F,O+,0,2017-01-04
1661,20,152,9,6,KGID00001661,Ayush,1975-03-29,M,B-,0,2012-10-08
1662,20,152,7,9,KGID00001662,Finn,1968-11-24,M,O+,0,2023-11-15
1663,20,152,8,1,KGID00001663,Chakradev,1980-09-12,M,B-,0,2014-07-11
1664,20,152,11,7,KGID00001664,Alka,1984-12-12,M,AB+,0,2019-09-13
1665,20,152,8,1,KGID00001665,Shivansh,1990-08-18,M,B+,0,2020-04-25
1666,21,154,11,5,KGID00001666,Omaja,1976-09-18,F,O+,0,2024-03-03
1667,21,154,7,4,KGID00001667,Azaan,1980-04-17,M,O-,0,2021-08-02
1668,21,154,11,9,KGID00001668,Widisha,1977-12-20,M,AB+,0,2016-03-24
1669,21,154,11,1,KGID00001669,Bimala,1978-12-21,T,O+,0,2016-02-26
1670,21,154,11,8,KGID00001670,Chasmum,2000-01-20,M,A+,0,2021-08-10
1671,21,154,9,2,KGID00001671,Vasudha,1984-08-03,F,AB-,0,2015-09-11
1672,21,154,11,9,KGID00001672,Yash,1971-10-02,M,O-,0,1996-04-11
1673,21,154,8,8,KGID00001673,Nidra,1986-01-31,M,B-,0,2020-10-29
1674,21,154,11,6,KGID00001674,Chameli,1986-06-22,F,A+,0,2013-12-26
1675,21,154,11,5,KGID00001675,Sudiksha,1986-03-27,F,O-,0,2007-02-15
1676,21,154,10,6,KGID00001676,Elijah,1997-03-31,M,O-,0,2020-08-23
1677,21,154,11,2,KGID00001677,Darpan,2000-11-18,M,A-,0,2021-06-16
1678,21,154,11,2,KGID00001678,Nakul,1975-04-09,M,O-,0,2019-04-28
1679,21,154,8,3,KGID00001679,Ria,1987-01-10,F,O-,0,2019-02-08
1680,21,154,11,1,KGID00001680,Ojasvi,1986-10-03,M,O+,0,2015-12-16
1681,21,154,11,9,KGID00001681,Veda,1998-05-09,M,AB-,0,2022-01-15
1682,21,154,9,6,KGID00001682,Ucchal,1981-01-06,M,AB+,0,2011-03-04
1683,21,155,11,3,KGID00001683,Samar,2001-06-30,M,O-,1,2022-10-05
1684,21,155,11,2,KGID00001684,Harini,1974-09-29,T,A+,0,2016-02-08
1685,21,155,9,9,KGID00001685,Maanas,1999-02-18,M,A-,0,2020-07-11
1686,21,155,11,6,KGID00001686,Dhriti,1975-01-07,F,B-,0,1998-12-29
1687,21,155,7,5,KGID00001687,Eiravati,1976-08-22,F,O+,0,2009-04-26
1688,21,155,10,5,KGID00001688,Hemani,1996-01-05,M,B-,0,2021-07-10
1689,21,155,9,5,KGID00001689,Mohini,2000-10-10,M,A-,0,2022-03-20
1690,21,155,11,6,KGID00001690,Kalpit,1996-12-03,M,AB+,0,2021-04-18
1691,21,155,11,8,KGID00001691,Kamala,1995-08-17,M,A+,0,2023-07-01
1692,21,155,11,3,KGID00001692,Yutika,1972-02-05,M,O-,0,2020-08-01
1693,21,155,10,9,KGID00001693,Hitesh,1970-05-05,F,O+,0,1997-02-22
1694,21,156,10,4,KGID00001694,Eiravati,2002-02-02,M,O+,0,2023-05-01
1695,21,156,11,9,KGID00001695,Wyatt,1983-12-04,M,A-,0,2010-12-28
1696,21,156,11,5,KGID00001696,Unnati,1975-06-14,F,O+,0,2024-06-05
1697,21,156,11,9,KGID00001697,Jason,1979-03-28,F,AB-,0,2005-05-24
1698,21,156,11,6,KGID00001698,Amara,1988-11-27,F,B-,0,2024-01-11
1699,21,156,11,6,KGID00001699,Shivani,1976-07-26,M,A+,0,2014-02-27
1700,21,156,10,5,KGID00001700,Yug,1976-09-28,M,AB-,0,1997-04-02
1701,21,156,11,5,KGID00001701,Lohit,1968-07-31,M,AB+,0,2017-03-21
1702,21,156,10,5,KGID00001702,Gunbir,1999-03-14,M,A+,0,2023-12-13
1703,21,156,11,8,KGID00001703,Chandresh,2000-03-17,M,O-,0,2023-08-23
1704,21,156,11,1,KGID00001704,Bina,1992-06-21,M,B+,0,2015-05-02
1705,21,156,9,7,KGID00001705,Leena,1973-11-26,F,A-,0,1997-09-18
1706,21,156,11,2,KGID00001706,Omya,1970-10-18,F,AB+,0,2005-02-04
1707,21,157,11,6,KGID00001707,Yuvraj,2001-01-29,F,AB-,0,2022-02-04
1708,21,157,9,6,KGID00001708,Nathaniel,1994-04-28,M,O+,0,2023-02-05
1709,21,157,11,4,KGID00001709,Falak,1970-10-04,F,B+,0,1993-11-30
1710,21,157,8,5,KGID00001710,Dhriti,1987-11-21,M,O+,0,2008-12-30
1711,21,157,11,5,KGID00001711,Ranveer,1968-02-22,M,A-,0,2003-12-17
1712,21,157,11,8,KGID00001712,Nathaniel,1999-03-27,M,A-,0,2020-06-25
1713,21,157,8,1,KGID00001713,Wishi,1982-03-29,F,A+,0,2016-04-04
1714,21,157,10,4,KGID00001714,Yutika,1971-08-24,M,B-,0,2024-06-27
1715,21,157,11,7,KGID00001715,Unni,1981-12-05,F,B+,0,2004-05-23
1716,21,157,11,4,KGID00001716,Wishi,1986-07-27,M,B-,0,2012-01-26
1717,21,157,10,5,KGID00001717,Darika,1999-04-16,M,AB-,0,2022-06-19
1718,21,158,11,3,KGID00001718,Widisha,1991-06-18,M,O+,0,2022-01-31
1719,21,158,11,6,KGID00001719,Arin,1999-07-01,F,AB+,0,2022-06-07
1720,21,158,11,5,KGID00001720,Gautam,1990-08-06,M,B-,0,2023-05-16
1721,21,158,11,9,KGID00001721,Maya,1969-05-30,F,B+,0,1995-03-05
1722,21,158,11,7,KGID00001722,Yashasvi,1982-06-27,F,A+,0,2011-05-08
1723,21,158,8,1,KGID00001723,Tanvi,1984-02-05,M,O-,0,2024-07-01
1724,21,158,11,6,KGID00001724,Wridesh,1972-06-29,M,O-,0,2001-05-24
1725,21,158,11,8,KGID00001725,Tanveer,1987-09-10,M,O+,0,2021-10-30
1726,21,158,11,6,KGID00001726,Ira,1978-12-04,M,O-,0,2010-05-01
1727,21,158,10,2,KGID00001727,Chanakya,1978-07-05,M,AB+,0,2021-09-28
1728,21,158,11,9,KGID00001728,Chandresh,1969-04-12,M,AB+,0,1997-05-11
1729,21,158,11,3,KGID00001729,Baghyawati,1991-07-05,M,AB-,0,2016-06-13
1730,21,158,8,3,KGID00001730,Warda,1972-01-21,F,O-,0,2006-11-16
1731,21,159,7,3,KGID00001731,Upma,1974-08-13,M,A-,0,2003-12-28
1732,21,159,11,4,KGID00001732,Bhavika,1987-08-01,M,AB-,1,2010-01-08
1733,21,159,9,9,KGID00001733,Abhiram,1972-06-24,F,B-,0,2014-02-13
1734,21,159,11,4,KGID00001734,Hritik,1988-10-15,F,A-,0,2024-11-03
1735,21,159,10,6,KGID00001735,Raagini,1973-12-27,F,O+,0,2011-12-09
1736,21,159,11,1,KGID00001736,Krish,1983-07-24,M,B+,0,2014-12-14
1737,21,159,10,1,KGID00001737,Aishani,1983-03-31,M,O+,0,2015-03-31
1738,21,159,11,4,KGID00001738,Jasmit,1974-03-12,M,AB+,0,2017-06-05
1739,21,159,10,7,KGID00001739,Neha,1997-05-03,M,AB+,0,2020-01-07
1740,21,159,11,7,KGID00001740,Jasmit,1969-07-24,M,O+,0,2001-09-16
1741,21,159,11,6,KGID00001741,Chakradev,1988-11-08,F,A-,0,2010-11-08
1742,21,159,11,6,KGID00001742,Nandini,1968-07-19,M,O+,0,1997-03-20
1743,21,159,7,7,KGID00001743,Charan,1997-04-30,F,AB+,0,2022-07-04
1744,21,159,11,8,KGID00001744,Robert,1973-03-14,M,O-,0,2021-01-28
1745,21,159,11,3,KGID00001745,Janani,1984-05-13,F,O+,0,2007-07-04
1746,22,161,9,5,KGID00001746,Bhavya,1983-02-14,M,O-,0,2024-12-13
1747,22,161,11,8,KGID00001747,Ethan,1969-10-14,M,A+,0,1995-06-15
1748,22,161,11,6,KGID00001748,Libni,1979-04-27,F,A+,0,2019-02-04
1749,22,161,9,1,KGID00001749,Yamini,1984-01-04,M,AB+,0,2014-05-10
1750,22,161,11,1,KGID00001750,Shravya,1984-01-10,M,O+,0,2021-06-01
1751,22,161,8,3,KGID00001751,Ati,1972-03-29,F,O+,0,1998-08-28
1752,22,161,10,4,KGID00001752,Jagat,1988-07-18,F,O-,0,2024-06-15
1753,22,161,10,2,KGID00001753,Kabir,1969-09-19,M,A-,0,1996-08-01
1754,22,161,11,7,KGID00001754,Gunbir,1981-07-18,M,AB+,0,2020-12-14
1755,22,162,11,4,KGID00001755,Meera,1987-06-11,M,AB+,0,2010-08-11
1756,22,162,11,6,KGID00001756,Kashvi,1978-12-07,M,B-,0,2001-03-11
1757,22,162,11,5,KGID00001757,Harinakshi,2001-07-02,M,A+,0,2023-01-16
1758,22,162,11,5,KGID00001758,Jasmit,1998-06-03,M,B-,1,2022-03-13
1759,22,162,11,5,KGID00001759,Maanas,1973-10-27,M,AB-,0,2006-04-29
1760,22,162,9,4,KGID00001760,Rushil,1999-10-21,M,AB+,0,2021-10-26
1761,22,162,11,7,KGID00001761,Yashodhara,1988-08-30,F,AB-,0,2022-03-10
1762,22,162,11,6,KGID00001762,Neelima,1993-01-05,M,AB-,0,2014-02-21
1763,22,162,9,4,KGID00001763,Xiti,2001-04-23,M,B+,0,2024-10-18
1764,22,163,11,2,KGID00001764,Banjeet,1997-08-20,F,AB-,0,2024-05-29
1765,22,163,11,5,KGID00001765,Chakradev,1991-10-03,M,AB-,0,2020-04-12
1766,22,163,11,3,KGID00001766,Balvan,1974-12-29,F,O+,0,2023-01-11
1767,22,163,11,9,KGID00001767,Laksh,2001-09-14,F,B-,0,2023-08-05
1768,22,163,11,2,KGID00001768,Gauri,1984-12-22,M,B-,0,2018-08-14
1769,22,163,8,3,KGID00001769,Urvi,1980-12-23,F,O+,0,2009-01-05
1770,22,163,10,5,KGID00001770,Zilmil,1977-10-07,M,AB-,0,2016-10-04
1771,22,163,11,9,KGID00001771,Tanmayi,1998-10-23,M,O+,0,2022-07-25
1772,22,163,11,5,KGID00001772,Manthan,2001-12-12,F,O-,0,2024-08-08
1773,22,163,11,1,KGID00001773,Yutika,1985-12-11,M,AB-,0,2012-06-20
1774,22,163,11,7,KGID00001774,Logan,1998-08-27,M,O+,0,2020-02-07
1775,22,163,11,4,KGID00001775,Falak,1996-07-19,M,A-,0,2017-04-29
1776,22,164,11,4,KGID00001776,Eiravati,1982-07-31,M,O-,0,2016-09-04
1777,22,164,11,7,KGID00001777,Nicholas,1969-01-07,M,B-,0,2023-04-30
1778,22,164,9,4,KGID00001778,Maya,1984-07-21,M,B-,0,2021-03-21
1779,22,164,10,8,KGID00001779,Chandani,1969-05-21,M,O-,0,1999-04-15
1780,22,164,11,2,KGID00001780,Gayathri,1988-09-11,F,AB-,0,2020-03-21
1781,22,164,11,2,KGID00001781,Yashica,1978-12-25,M,A+,0,2019-09-25
1782,22,164,11,7,KGID00001782,Yashodhara,1991-04-25,M,O+,0,2022-07-18
1783,22,164,11,9,KGID00001783,Vrishti,1992-02-07,F,O-,0,2015-09-19
1784,22,164,11,1,KGID00001784,Chandani,1981-02-20,M,O-,0,2019-11-15
1785,22,164,9,2,KGID00001785,Vaishnavi,1974-07-19,F,AB-,0,2006-10-10
1786,22,164,10,4,KGID00001786,Anay,1978-11-26,M,AB-,0,2020-08-24
1787,22,164,8,4,KGID00001787,Jyoti,1999-10-22,F,AB-,0,2022-10-03
1788,22,164,11,5,KGID00001788,Garima,1988-03-14,M,A+,0,2024-09-09
1789,22,164,9,4,KGID00001789,Imaran,1980-12-08,F,AB-,0,2002-03-02
1790,22,165,11,5,KGID00001790,Omaja,1975-02-06,M,O-,0,2021-06-18
1791,22,165,9,3,KGID00001791,Darika,1999-03-07,M,O+,0,2020-09-20
1792,22,165,9,5,KGID00001792,Avi,1977-06-29,M,A+,0,2024-02-29
1793,22,165,11,7,KGID00001793,Urvi,2001-06-09,M,B+,0,2024-11-24
1794,22,165,11,9,KGID00001794,Alka,1994-05-03,M,AB-,0,2024-07-24
1795,22,165,11,9,KGID00001795,Vedant,1997-01-31,M,O-,0,2019-11-24
1796,22,165,7,4,KGID00001796,Charan,1970-11-26,M,B-,0,2006-05-11
1797,22,165,11,4,KGID00001797,Varsha,2000-09-09,M,O-,0,2021-09-02
1798,22,165,11,9,KGID00001798,Onkar,1968-07-18,F,B-,0,2023-06-23
1799,22,165,7,6,KGID00001799,Lajita,1996-02-05,M,AB+,0,2018-02-09
1800,22,165,11,1,KGID00001800,Manbir,2001-04-01,M,B-,0,2022-06-12
1801,22,165,11,4,KGID00001801,Xavier,1976-03-12,F,O-,0,2007-12-30
1802,22,166,10,4,KGID00001802,Azad,1980-06-12,F,A-,0,2005-02-05
1803,22,166,9,4,KGID00001803,Imaran,1981-07-31,M,O-,0,2004-09-24
1804,22,166,11,2,KGID00001804,Rayaan,1970-04-16,M,A-,0,2005-04-21
1805,22,166,11,4,KGID00001805,Anirudh,1972-06-24,M,AB+,0,2017-05-01
1806,22,166,11,4,KGID00001806,Ridhi,1973-01-01,M,O-,0,2013-11-09
1807,22,166,10,5,KGID00001807,Dipta,1986-04-07,M,B+,0,2020-06-27
1808,22,166,11,5,KGID00001808,Omya,1980-09-23,F,B-,0,2014-06-11
1809,22,166,11,8,KGID00001809,Max,1990-07-26,M,B+,0,2017-12-04
1810,22,166,10,8,KGID00001810,Nitara,1990-11-09,M,A-,0,2021-07-21
1811,22,166,11,6,KGID00001811,Samar,1972-03-29,F,B+,0,2012-11-18
1812,22,166,8,5,KGID00001812,Nirja,1978-05-25,M,AB-,0,2008-07-25
1813,22,166,11,4,KGID00001813,Yachana,1998-09-18,M,B+,0,2022-05-14
1814,22,166,9,3,KGID00001814,Urishilla,1985-10-09,F,B+,0,2023-08-17
1815,22,166,11,7,KGID00001815,David,1989-04-02,F,AB+,0,2024-08-28
1816,22,166,10,3,KGID00001816,Lakshit,1981-08-14,M,AB-,0,2018-08-20
1817,22,166,10,7,KGID00001817,Zilmil,1981-10-25,F,A+,0,2021-01-29
1818,22,166,11,3,KGID00001818,Sarthak,1986-05-03,F,AB+,1,2014-12-06
1819,22,167,9,5,KGID00001819,Ekta,2000-02-23,F,A+,0,2022-06-09
1820,22,167,11,9,KGID00001820,Vanya,1982-08-11,F,B-,0,2015-07-08
1821,22,167,11,2,KGID00001821,Krisha,1980-04-15,M,AB-,0,2005-10-17
1822,22,167,11,1,KGID00001822,Dipta,1994-08-06,F,O+,0,2020-04-08
1823,22,167,11,5,KGID00001823,Oscar,1989-11-05,F,O+,0,2015-08-09
1824,22,167,8,9,KGID00001824,Tripti,1983-05-16,M,AB+,0,2010-03-11
1825,22,167,9,6,KGID00001825,Hema,2001-08-20,F,O+,0,2022-06-01
1826,22,167,11,4,KGID00001826,Irya,1994-06-16,M,O-,0,2018-05-09
1827,22,167,11,5,KGID00001827,Aishani,2002-03-20,M,AB+,0,2024-11-07
1828,22,167,9,6,KGID00001828,Veda,2002-07-15,F,AB-,0,2023-03-11
1829,22,167,11,6,KGID00001829,Rehaan,1977-08-20,M,O-,0,2006-04-05
1830,22,168,11,5,KGID00001830,Yatin,1999-08-01,M,A+,0,2021-06-14
1831,22,168,11,8,KGID00001831,Arya,1987-03-03,F,A+,0,2016-11-20
1832,22,168,11,7,KGID00001832,Chanchal,1968-09-22,T,AB-,0,2015-05-18
1833,22,168,11,2,KGID00001833,Umang,1993-10-13,F,A-,0,2017-09-29
1834,22,168,11,9,KGID00001834,Chameli,1991-11-08,F,A-,0,2015-07-20
1835,22,168,11,2,KGID00001835,Bhavya,1997-03-01,F,O+,0,2020-02-21
1836,22,168,11,6,KGID00001836,Sarthak,2001-02-22,M,AB-,0,2022-11-08
1837,22,168,11,1,KGID00001837,Vrinda,2001-03-03,M,AB+,1,2024-06-04
1838,22,168,11,4,KGID00001838,Edhitha,1968-11-05,M,B+,0,1990-05-20
1839,22,168,9,9,KGID00001839,Varsha,1998-04-04,M,B-,0,2022-08-30
1840,22,168,11,3,KGID00001840,Ikshita,1983-11-28,M,B+,0,2024-01-13
1841,22,169,8,3,KGID00001841,Anusha,1991-12-05,M,A-,0,2012-11-19
1842,22,169,10,4,KGID00001842,Bhavna,1978-04-28,M,O+,0,2008-05-14
1843,22,169,9,1,KGID00001843,Jairaj,1977-09-29,M,O-,0,2013-12-09
1844,22,169,11,4,KGID00001844,Ladli,1969-02-20,M,O-,0,2009-11-30
1845,22,169,9,2,KGID00001845,Megha,2002-08-01,M,B+,0,2024-01-25
1846,22,169,11,3,KGID00001846,Hemani,1991-03-03,F,A-,0,2014-09-23
1847,22,169,11,6,KGID00001847,Madhav,1984-01-28,M,B-,0,2021-10-25
1848,22,169,11,5,KGID00001848,Bina,1984-02-21,M,O-,1,2015-09-21
1849,22,169,10,2,KGID00001849,Brijesh,1986-11-03,M,AB+,0,2015-12-24
1850,22,169,11,4,KGID00001850,Bhavna,1997-03-31,T,A-,0,2021-05-16
1851,22,170,11,6,KGID00001851,Farhan,1968-09-16,M,B-,0,2002-04-28
1852,22,170,7,3,KGID00001852,Hiral,1991-04-07,F,A+,0,2015-06-29
1853,22,170,11,6,KGID00001853,Riya,2001-03-09,M,B+,0,2023-08-24
1854,22,170,9,3,KGID00001854,Aahana,1991-04-06,M,A-,0,2015-05-25
1855,22,170,7,7,KGID00001855,Varenya,1977-02-25,F,AB+,0,2011-09-24
1856,22,170,7,1,KGID00001856,Tanish,1969-02-27,F,A+,0,2004-11-15
1857,22,170,9,9,KGID00001857,Saksham,1986-04-15,M,B+,0,2008-01-16
1858,22,170,7,7,KGID00001858,Anika,1977-12-27,F,A-,0,2002-02-18
1859,22,170,11,8,KGID00001859,Anita,1986-08-14,M,A+,0,2019-01-14
1860,22,170,11,6,KGID00001860,Laksh,1979-07-10,F,AB-,0,2005-10-01
1861,22,170,11,8,KGID00001861,Ikbal,1972-04-28,F,B-,0,2014-06-08
1862,22,170,11,2,KGID00001862,Wriddhish,1974-05-25,F,O+,0,2005-02-12
1863,22,170,11,5,KGID00001863,Xavier,1979-03-16,M,AB+,0,2010-02-23
1864,22,170,11,9,KGID00001864,Chandresh,1997-12-24,M,AB+,0,2024-08-16
1865,23,172,10,3,KGID00001865,Upkaar,1984-10-23,M,A+,0,2019-10-31
1866,23,172,11,4,KGID00001866,Viraj,1996-05-05,F,A+,0,2017-07-16
1867,23,172,7,7,KGID00001867,Charles,1978-09-01,M,O-,0,2006-04-06
1868,23,172,10,7,KGID00001868,Harish,1996-03-14,M,B-,0,2023-06-23
1869,23,172,10,5,KGID00001869,Odika,1987-09-24,F,AB-,0,2010-08-23
1870,23,172,11,8,KGID00001870,Ganga,1979-06-14,F,O-,0,2015-04-18
1871,23,172,11,9,KGID00001871,Urmi,1983-05-11,M,AB-,0,2021-02-12
1872,23,172,7,2,KGID00001872,Harish,1992-05-15,M,O-,0,2015-11-01
1873,23,172,9,3,KGID00001873,Laksh,1999-12-20,F,AB+,0,2021-08-28
1874,23,172,11,3,KGID00001874,Abdul,1971-09-21,M,B-,0,2014-08-22
1875,23,173,9,6,KGID00001875,Nakul,1968-09-30,M,B+,0,1998-11-30
1876,23,173,11,6,KGID00001876,Niharika,1970-02-08,M,B+,0,2014-12-01
1877,23,173,8,4,KGID00001877,Vamakshi,1975-06-06,F,B+,0,2024-06-24
1878,23,173,11,5,KGID00001878,Vansha,1987-01-08,M,O+,0,2012-07-14
1879,23,173,11,8,KGID00001879,Ryan,1986-11-23,M,AB+,1,2017-09-08
1880,23,173,10,4,KGID00001880,Bhavna,1992-12-05,F,A-,0,2019-12-28
1881,23,173,11,3,KGID00001881,Ekani,1974-06-13,F,B-,0,2016-07-28
1882,23,173,9,4,KGID00001882,Bhavika,1986-10-18,M,AB-,0,2015-10-09
1883,23,173,11,7,KGID00001883,Daniel,1980-05-22,M,B+,0,2007-04-20
1884,23,173,9,1,KGID00001884,Gaurav,1980-05-10,F,AB+,0,2015-09-10
1885,23,173,11,4,KGID00001885,Vincent,1994-11-04,F,AB+,0,2020-04-13
1886,23,173,11,3,KGID00001886,Baljiwan,1995-05-13,M,AB-,0,2021-02-04
1887,23,173,11,5,KGID00001887,Parth,1969-11-02,M,O-,0,2007-02-11
1888,23,173,9,8,KGID00001888,Omisha,1999-11-02,F,B-,0,2023-11-17
1889,23,173,8,6,KGID00001889,Patrick,2000-10-28,M,O-,0,2024-05-20
1890,23,173,11,2,KGID00001890,Balhaar,1986-11-30,F,AB+,0,2008-04-09
1891,23,173,11,6,KGID00001891,Mekhala,1979-04-16,M,AB+,0,2022-10-12
1892,23,173,8,8,KGID00001892,Warhi,1972-07-14,M,O-,0,2024-12-27
1893,23,174,11,8,KGID00001893,Quincy,1972-08-30,M,O+,0,2024-10-13
1894,23,174,11,1,KGID00001894,Bimala,1997-12-11,M,A-,0,2022-04-17
1895,23,174,8,6,KGID00001895,Baljiwan,2002-04-09,M,O+,0,2023-09-02
1896,23,174,11,8,KGID00001896,Aditya,1969-10-15,F,A+,0,2005-07-31
1897,23,174,11,1,KGID00001897,Chanchal,1996-03-05,M,B+,0,2021-11-04
1898,23,174,11,7,KGID00001898,Hredhaan,1972-06-06,F,O-,0,2006-02-10
1899,23,174,10,6,KGID00001899,Gautami,1998-08-21,F,B-,0,2022-11-10
1900,23,174,11,5,KGID00001900,Bhavani,1982-07-22,F,B+,0,2013-04-11
1901,23,174,11,7,KGID00001901,Suhani,1992-07-19,F,B+,0,2020-03-21
1902,23,174,11,9,KGID00001902,Wakeeta,1982-12-21,F,B-,0,2010-11-21
1903,23,174,10,7,KGID00001903,Krish,2000-05-20,M,O-,0,2021-07-05
1904,23,174,11,8,KGID00001904,Yamini,1977-01-25,M,O-,0,2009-11-15
1905,23,174,11,1,KGID00001905,Upadhriti,1975-07-24,M,AB+,0,2010-06-24
1906,23,174,11,9,KGID00001906,Anjali,1993-02-20,M,O+,0,2017-04-28
1907,23,175,9,7,KGID00001907,Reyansh,1972-01-23,F,B+,0,2024-12-03
1908,23,175,11,7,KGID00001908,Isaiah,1985-10-18,M,AB+,0,2008-12-25
1909,23,175,11,8,KGID00001909,Ganga,1982-07-11,F,B-,0,2008-01-16
1910,23,175,11,8,KGID00001910,Nicholas,1980-04-12,M,B-,0,2002-03-08
1911,23,175,9,3,KGID00001911,Tara,1997-01-23,M,B-,0,2020-06-03
1912,23,175,11,7,KGID00001912,Aarini,1989-09-04,M,B-,0,2019-11-05
1913,23,175,11,7,KGID00001913,Quincy,1994-01-21,F,AB-,0,2019-06-25
1914,23,175,10,4,KGID00001914,Akshay,1984-08-09,M,AB-,0,2013-03-06
1915,23,175,11,4,KGID00001915,Geetika,1982-06-06,F,B+,0,2022-04-15
1916,23,176,11,2,KGID00001916,Chakrika,1992-01-06,F,B-,0,2020-01-13
1917,23,176,11,4,KGID00001917,Reyansh,1996-12-06,M,A+,0,2023-03-20
1918,23,176,11,2,KGID00001918,Parth,1994-07-06,F,B+,0,2019-11-22
1919,23,176,11,6,KGID00001919,Nidra,1997-03-03,M,B+,0,2018-08-24
1920,23,176,10,5,KGID00001920,Prisha,2000-03-30,F,A+,0,2022-07-20
1921,23,176,11,3,KGID00001921,Yutika,1999-08-03,F,B-,0,2024-04-14
1922,23,176,10,5,KGID00001922,Falak,1999-04-11,M,O+,0,2023-10-13
1923,23,176,11,1,KGID00001923,Gabriel,1998-07-24,F,A+,0,2022-07-12
1924,23,176,10,2,KGID00001924,Nandini,1973-05-14,M,B+,0,1997-03-09
1925,23,176,10,3,KGID00001925,Girish,1994-12-25,F,A+,0,2023-09-05
1926,23,176,11,2,KGID00001926,Qasim,1973-05-11,M,O+,0,2008-11-19
1927,23,176,11,7,KGID00001927,Logan,1985-05-18,M,O-,0,2024-01-20
1928,23,176,10,6,KGID00001928,Vansha,1972-04-19,M,O+,0,2006-12-17
1929,23,176,11,7,KGID00001929,Ekiya,1976-04-11,M,AB-,0,2008-09-08
1930,23,176,11,2,KGID00001930,Yuvraj,1983-03-28,M,A+,0,2014-02-17
1931,23,176,8,6,KGID00001931,Abeer,1992-12-27,M,A+,0,2014-04-30
1932,23,177,7,5,KGID00001932,Advika,1982-08-30,M,AB-,0,2011-08-18
1933,23,177,11,8,KGID00001933,Leela,1976-06-15,M,B-,0,2024-11-07
1934,23,177,8,6,KGID00001934,Warinder,1998-08-24,M,O-,0,2020-09-25
1935,23,177,11,3,KGID00001935,Sanya,1975-12-18,F,O-,0,2018-10-04
1936,23,177,7,5,KGID00001936,Amara,1992-02-11,F,A-,0,2015-09-13
1937,23,177,9,2,KGID00001937,Forum,1991-04-04,M,B+,0,2015-10-03
1938,23,177,11,9,KGID00001938,Chasmum,1988-05-24,F,O-,0,2023-10-09
1939,23,177,11,4,KGID00001939,Advay,1970-12-08,M,B-,0,2006-03-06
1940,23,177,11,6,KGID00001940,Advika,1986-02-18,M,O-,0,2007-12-07
1941,23,177,11,2,KGID00001941,Jagvi,1999-09-28,F,A-,0,2024-03-25
1942,23,177,10,9,KGID00001942,Warinder,1991-08-27,M,B-,0,2024-08-17
1943,23,177,9,5,KGID00001943,David,2002-04-01,F,O+,0,2023-07-22
1944,23,177,10,8,KGID00001944,Jagat,1989-12-31,M,O-,0,2010-07-15
1945,23,177,10,1,KGID00001945,Udyati,2002-07-28,M,A+,0,2023-10-22
1946,23,177,8,9,KGID00001946,Damyanti,1994-05-09,M,AB-,0,2023-05-22
1947,23,177,11,7,KGID00001947,Nathaniel,1970-02-12,M,A+,0,2004-08-03
1948,23,178,11,9,KGID00001948,Nidra,2001-02-16,F,AB-,0,2024-11-07
1949,23,178,8,8,KGID00001949,Yadavi,1977-08-15,F,B-,0,2002-06-05
1950,23,178,8,4,KGID00001950,Deepa,1977-02-17,M,A+,0,2020-03-20
1951,23,178,10,5,KGID00001951,Jacob,1998-12-03,M,B-,0,2020-04-21
1952,23,178,11,7,KGID00001952,Chakrika,1982-11-02,F,AB-,0,2006-12-21
1953,23,178,11,4,KGID00001953,Jhalak,1974-12-29,F,AB+,0,2001-05-10
1954,23,178,11,5,KGID00001954,Timothy,1993-08-04,M,AB+,0,2021-12-18
1955,23,178,7,5,KGID00001955,Theodore,1986-07-22,F,B-,0,2015-06-17
1956,23,178,11,7,KGID00001956,Kiaan,1994-12-02,M,O-,0,2015-02-12
1957,23,178,11,2,KGID00001957,Vanya,1971-03-01,M,O-,0,2020-08-07
1958,23,178,11,7,KGID00001958,Michael,1975-07-05,M,AB+,0,2007-07-04
1959,23,178,11,7,KGID00001959,Suhani,1972-11-12,F,B-,0,1998-05-11
1960,23,178,11,3,KGID00001960,Kashvi,1990-05-03,M,A+,0,2015-07-03
1961,23,178,8,7,KGID00001961,Ojasvi,1978-04-04,M,A-,0,2000-09-15
1962,23,178,11,3,KGID00001962,Urishilla,1987-08-26,M,A+,0,2024-07-23
1963,23,178,11,6,KGID00001963,Tejas,1976-06-23,M,A+,0,2006-06-10
1964,23,178,10,6,KGID00001964,Yug,1979-04-02,M,A+,0,2007-11-15
1965,23,178,9,2,KGID00001965,Finn,1981-02-01,M,B-,0,2024-09-05
1966,23,179,7,4,KGID00001966,Sanya,1987-10-05,M,AB+,0,2009-07-22
1967,23,179,9,2,KGID00001967,Janaki,1982-03-30,F,O+,0,2004-04-09
1968,23,179,7,6,KGID00001968,Faras,2000-04-26,M,B+,0,2021-12-14
1969,23,179,11,1,KGID00001969,Isaac,1968-04-06,M,O+,0,2007-02-06
1970,23,179,8,9,KGID00001970,David,1978-01-26,M,O-,0,2000-07-30
1971,23,179,11,8,KGID00001971,Yashasvi,1980-09-01,F,B-,0,2018-05-08
1972,23,179,11,8,KGID00001972,Samaksh,1983-06-25,M,B+,0,2018-04-12
1973,23,179,11,5,KGID00001973,Mason,1978-01-15,F,B+,0,2005-06-23
1974,23,179,10,6,KGID00001974,Nitesh,1979-07-16,F,O+,0,2007-03-11
1975,23,179,9,9,KGID00001975,Falak,1988-08-18,F,O+,0,2018-03-16
1976,23,179,11,7,KGID00001976,Zinal,1977-05-02,F,O-,0,2016-03-15
1977,23,179,11,6,KGID00001977,Riya,1985-06-04,M,O+,0,2016-05-25
1978,23,179,11,4,KGID00001978,Jackson,1979-01-13,M,AB-,0,2009-09-24
1979,23,179,11,6,KGID00001979,Samesh,2002-04-08,F,B-,0,2024-02-23
1980,23,179,11,5,KGID00001980,Vrinda,1992-05-07,F,O+,0,2023-02-23
1981,23,180,10,9,KGID00001981,Gavin,1975-01-11,M,O-,0,2013-03-28
1982,23,180,9,3,KGID00001982,Yashvi,1993-06-14,M,B+,0,2021-06-25
1983,23,180,11,7,KGID00001983,Sanaya,1976-11-14,M,B-,0,2003-10-05
1984,23,180,9,9,KGID00001984,Christopher,1989-10-30,F,A+,0,2017-02-03
1985,23,180,11,1,KGID00001985,Sudiksha,1971-11-05,F,A+,0,1992-12-17
1986,23,180,8,3,KGID00001986,Kevin,1984-01-01,F,AB+,0,2009-07-22
1987,23,180,10,8,KGID00001987,Yochana,1982-02-25,M,B+,0,2016-02-01
1988,23,180,8,3,KGID00001988,Ojasvi,1993-03-15,M,A-,0,2015-10-17
1989,23,180,11,9,KGID00001989,Tanmayi,1975-02-06,F,AB+,0,2021-03-12
1990,23,180,11,3,KGID00001990,Dalbir,1973-01-31,F,A-,0,2023-10-12
1991,23,180,9,7,KGID00001991,Turvi,1985-02-01,M,A+,0,2016-08-09
1992,24,182,11,3,KGID00001992,Darika,1994-03-27,M,A+,0,2021-05-31
1993,24,182,11,6,KGID00001993,Anthony,1993-06-04,F,AB-,0,2017-11-09
1994,24,182,9,3,KGID00001994,Meghana,1981-06-17,M,B-,0,2019-08-29
1995,24,182,10,2,KGID00001995,Aachal,1999-11-29,M,O-,1,2024-06-11
1996,24,182,11,6,KGID00001996,Aarush,1986-09-27,F,B-,0,2010-10-16
1997,24,182,11,6,KGID00001997,Tejas,1969-01-19,F,A+,0,2011-12-18
1998,24,182,11,7,KGID00001998,Elijah,1979-10-20,M,AB+,0,2020-02-20
1999,24,182,11,2,KGID00001999,Chakradev,1988-07-19,M,A+,0,2023-10-16
2000,24,182,11,1,KGID00002000,Pallavi,1995-12-31,M,B-,0,2016-02-13
2001,24,182,10,5,KGID00002001,Hemangini,1969-08-12,F,AB-,0,2021-03-10
2002,24,182,11,6,KGID00002002,Devansh,1987-01-16,M,AB-,0,2017-02-17
2003,24,182,11,5,KGID00002003,Darpan,1989-12-04,M,O-,0,2016-04-26
2004,24,182,8,9,KGID00002004,Ekapad,1997-11-19,F,A+,0,2021-07-29
2005,24,183,10,2,KGID00002005,Urmi,1975-12-11,M,B-,0,2012-09-30
2006,24,183,11,1,KGID00002006,Azad,1968-06-07,F,AB-,0,2022-06-09
2007,24,183,11,8,KGID00002007,Bhavini,1975-01-03,F,AB-,0,2022-02-20
2008,24,183,8,3,KGID00002008,Nilima,1973-06-21,M,A-,0,1996-07-09
2009,24,183,11,7,KGID00002009,Pranit,1972-02-09,F,B-,0,1993-03-04
2010,24,183,11,9,KGID00002010,Krishna,1985-05-09,M,B-,0,2013-03-09
2011,24,183,11,8,KGID00002011,Osha,1999-09-06,M,A+,0,2021-01-16
2012,24,183,11,4,KGID00002012,Kavya,1971-07-27,M,B-,0,1999-11-21
2013,24,183,11,3,KGID00002013,Lavanya,1971-05-26,F,B-,0,2000-06-10
2014,24,184,11,9,KGID00002014,Saumya,1981-04-23,F,B-,0,2020-06-29
2015,24,184,11,9,KGID00002015,Krishna,2000-12-27,M,AB+,0,2022-05-09
2016,24,184,9,8,KGID00002016,Keya,1970-10-06,M,A+,0,1993-10-25
2017,24,184,11,8,KGID00002017,Faris,1971-08-02,M,A-,0,2022-03-27
2018,24,184,11,2,KGID00002018,Kiaan,1984-03-19,M,AB-,0,2020-08-28
2019,24,184,11,8,KGID00002019,Ijaya,1989-07-20,M,O-,0,2018-04-23
2020,24,184,11,3,KGID00002020,Jagat,1976-07-14,M,AB-,0,2007-03-27
2021,24,184,11,7,KGID00002021,Pranav,1982-07-20,M,O-,0,2023-09-17
2022,24,184,9,7,KGID00002022,Maya,2001-09-01,F,B+,0,2024-02-29
2023,24,184,10,7,KGID00002023,Joshua,1996-05-10,M,O+,0,2018-09-04
2024,24,184,11,3,KGID00002024,Udant,1975-10-01,M,A+,0,2002-10-10
2025,24,184,9,1,KGID00002025,Aarush,1983-02-17,M,B+,0,2008-06-08
2026,24,184,11,4,KGID00002026,Arin,1992-08-22,M,O-,0,2019-03-25
2027,24,184,11,1,KGID00002027,Chanchal,1975-03-03,M,A-,0,2017-11-10
2028,24,184,10,5,KGID00002028,Ubika,1989-05-20,M,O-,0,2023-08-20
2029,24,184,11,3,KGID00002029,Panini,1968-07-31,M,AB+,0,2003-10-26
2030,24,184,11,3,KGID00002030,Ladli,1973-06-19,M,AB-,0,2020-11-15
2031,24,184,11,8,KGID00002031,Victor,1973-09-30,M,O-,0,2010-07-30
2032,24,185,9,4,KGID00002032,Yug,1982-08-19,F,AB-,0,2018-06-09
2033,24,185,11,9,KGID00002033,Triveni,1989-05-11,M,AB-,0,2016-04-17
2034,24,185,11,4,KGID00002034,Hiral,1982-06-08,F,B-,0,2020-07-12
2035,24,185,10,1,KGID00002035,Mohammed,1993-04-08,M,A-,0,2019-04-09
2036,24,185,9,9,KGID00002036,Anya,1982-06-05,M,AB+,0,2004-10-28
2037,24,185,10,3,KGID00002037,Ranbir,1976-08-31,M,A+,0,2009-05-23
2038,24,185,9,6,KGID00002038,Isaiah,1968-02-20,F,O-,0,2004-09-05
2039,24,185,11,6,KGID00002039,Azad,1982-05-10,M,B-,0,2013-11-14
2040,24,185,11,2,KGID00002040,Oni,1994-10-21,M,A+,0,2021-10-14
2041,24,185,9,4,KGID00002041,Amol,1990-08-12,F,O+,0,2017-05-02
2042,24,185,11,4,KGID00002042,Wridesh,1981-05-17,M,A+,0,2013-09-16
2043,24,186,11,8,KGID00002043,Samuel,1971-07-13,F,B+,0,2008-07-14
2044,24,186,10,8,KGID00002044,Ekalinga,1975-01-15,F,A-,0,2022-08-21
2045,24,186,11,8,KGID00002045,Harrison,1976-11-14,M,B+,0,2024-03-17
2046,24,186,7,9,KGID00002046,Bahadurjit,1970-05-08,M,B+,0,2005-08-24
2047,24,186,11,7,KGID00002047,Sanya,1992-09-04,F,O+,0,2013-07-28
2048,24,186,11,5,KGID00002048,Chanakya,2002-02-11,M,A+,0,2023-02-05
2049,24,186,8,8,KGID00002049,Yash,2000-03-04,M,A-,0,2021-09-28
2050,24,186,8,2,KGID00002050,Chaitanya,1975-04-30,F,AB-,0,2006-07-17
2051,24,186,11,8,KGID00002051,Neelima,2001-09-05,M,A+,0,2022-05-23
2052,24,186,11,3,KGID00002052,Reva,1985-10-05,M,A-,0,2021-07-31
2053,24,186,11,4,KGID00002053,Vivaan,1973-03-03,M,A+,0,2005-09-12
2054,24,186,11,1,KGID00002054,Teerth,1978-02-11,M,B-,0,2020-06-21
2055,24,186,11,6,KGID00002055,Daksh,1974-03-05,M,O+,1,2017-06-15
2056,24,186,11,7,KGID00002056,Logan,1990-01-29,M,A+,0,2011-07-12
2057,24,186,7,1,KGID00002057,Yahvi,1978-04-18,M,A-,0,2021-01-17
2058,24,186,10,4,KGID00002058,Bimala,1975-05-13,M,A+,0,2013-10-25
2059,24,186,11,9,KGID00002059,Vivaan,1980-08-15,M,O+,0,2012-12-01
2060,24,186,9,6,KGID00002060,Eiravati,1995-04-04,M,AB+,0,2018-11-15
2061,24,187,10,9,KGID00002061,Ekani,1969-04-17,F,B-,0,2009-12-26
2062,24,187,8,4,KGID00002062,Warjas,1972-10-14,F,AB+,0,2002-03-23
2063,24,187,11,5,KGID00002063,Chasmum,1994-08-11,M,A+,0,2024-03-03
2064,24,187,9,9,KGID00002064,Luke,1979-04-27,M,A+,0,2009-09-22
2065,24,187,9,8,KGID00002065,Timothy,1982-12-24,F,O+,0,2007-08-18
2066,24,187,11,3,KGID00002066,Odika,1985-07-12,F,O-,0,2019-07-02
2067,24,187,10,2,KGID00002067,Charita,1997-12-02,M,A+,0,2020-10-14
2068,24,187,11,1,KGID00002068,Anvi,1968-07-02,M,O+,0,2002-04-21
2069,24,187,11,6,KGID00002069,Darsh,1972-05-12,M,B-,0,1995-05-28
2070,24,187,11,5,KGID00002070,Parth,1984-09-21,M,A+,0,2006-09-16
2071,24,187,7,3,KGID00002071,Prisha,1973-05-21,M,B-,0,2007-07-20
2072,24,187,11,8,KGID00002072,Warhi,1998-08-02,M,A-,0,2019-05-05
2073,24,187,9,9,KGID00002073,Champak,1994-01-03,M,A+,0,2022-10-17
2074,24,187,11,3,KGID00002074,Hemangini,2000-10-22,M,O+,0,2024-11-17
2075,24,187,7,8,KGID00002075,Lakshmi,1990-04-24,M,A+,0,2020-09-12
2076,24,187,8,5,KGID00002076,Eiravati,1970-10-29,F,B-,0,2003-08-07
2077,24,187,7,4,KGID00002077,Omaja,1980-03-13,F,A+,0,2009-06-09
2078,24,187,8,7,KGID00002078,Nilima,1993-04-06,M,O-,0,2023-05-15
2079,24,188,10,6,KGID00002079,Manthan,1971-12-19,M,O-,0,2018-10-29
2080,24,188,10,9,KGID00002080,Charita,1984-08-26,M,AB-,0,2021-04-16
2081,24,188,10,7,KGID00002081,Krisha,1975-10-21,M,AB-,0,2022-01-10
2082,24,188,9,9,KGID00002082,Qarin,1998-03-04,M,O+,0,2024-07-18
2083,24,188,10,6,KGID00002083,Urvashi,1974-03-05,F,O-,0,2009-12-05
2084,24,188,11,6,KGID00002084,Wridesh,1975-05-15,M,B+,0,1997-12-01
2085,24,188,11,3,KGID00002085,Umang,2001-05-29,F,B-,0,2022-11-23
2086,24,188,10,9,KGID00002086,Charita,1986-10-17,M,A-,0,2009-07-05
2087,24,189,11,4,KGID00002087,Maanas,1997-10-24,F,AB-,0,2019-11-06
2088,24,189,10,7,KGID00002088,Ubika,1984-09-29,M,O+,0,2017-04-20
2089,24,189,10,2,KGID00002089,Dalbir,1986-04-20,M,O-,0,2022-06-05
2090,24,189,11,1,KGID00002090,Nitara,2001-10-16,F,A-,0,2023-01-21
2091,24,189,11,4,KGID00002091,Omaja,1999-03-04,F,AB+,0,2021-09-19
2092,24,189,11,1,KGID00002092,Krish,1972-05-01,M,AB+,0,2001-07-27
2093,24,189,9,2,KGID00002093,Lipika,2002-10-24,M,O-,0,2024-11-27
2094,24,189,11,7,KGID00002094,Xavier,1984-01-14,M,AB+,0,2019-11-03
2095,24,189,10,8,KGID00002095,Aadhya,1981-08-17,F,A+,0,2021-03-22
2096,24,189,11,6,KGID00002096,Samar,1990-06-05,M,O-,0,2018-03-03
2097,24,189,10,7,KGID00002097,Ganga,1992-03-06,F,AB-,0,2015-03-14
2098,24,189,11,1,KGID00002098,Farhan,1969-03-23,F,A-,0,2007-01-17
2099,25,191,8,8,KGID00002099,Shivani,1979-01-03,M,AB-,0,2004-03-20
2100,25,191,11,5,KGID00002100,Kamala,1969-07-16,M,O-,0,2004-06-25
2101,25,191,11,3,KGID00002101,George,1968-06-17,M,A+,0,2020-09-03
2102,25,191,11,8,KGID00002102,Rayaan,1990-07-09,M,O+,0,2015-01-24
2103,25,191,11,5,KGID00002103,Charan,2000-06-28,M,O-,0,2021-04-10
2104,25,191,11,5,KGID00002104,Amrita,1975-04-20,M,O+,0,1997-10-14
2105,25,191,9,8,KGID00002105,Krishna,1971-06-12,M,A+,0,2000-12-06
2106,25,191,11,7,KGID00002106,Balveer,1997-05-01,M,B+,0,2019-12-25
2107,25,191,11,8,KGID00002107,Elijah,1994-03-06,M,O-,0,2024-06-25
2108,25,191,11,3,KGID00002108,Raghav,1973-03-17,M,A+,0,1998-07-22
2109,25,191,10,1,KGID00002109,Teerth,1999-05-09,F,AB-,0,2022-05-30
2110,25,191,8,5,KGID00002110,Varenya,1989-03-31,M,O+,0,2010-10-02
2111,25,191,8,8,KGID00002111,Sathvik,1997-10-25,M,B-,0,2022-01-04
2112,25,191,11,3,KGID00002112,Gaurangi,1973-06-05,M,B+,0,1995-01-31
2113,25,191,11,9,KGID00002113,Chavvi,1992-06-27,M,A-,0,2021-05-17
2114,25,191,11,2,KGID00002114,Alexander,1994-02-10,M,B-,0,2019-08-20
2115,25,192,9,1,KGID00002115,Siddharth,1999-06-19,M,A+,0,2022-03-11
2116,25,192,11,1,KGID00002116,Ranveer,1994-04-08,M,B+,0,2020-12-13
2117,25,192,10,4,KGID00002117,Jacob,1989-07-19,F,O-,0,2014-10-16
2118,25,192,8,9,KGID00002118,Varenya,1985-05-25,F,A-,0,2018-05-28
2119,25,192,9,2,KGID00002119,Xavier,1990-11-14,M,A-,0,2014-04-06
2120,25,192,10,6,KGID00002120,Samarth,2001-10-17,F,AB+,0,2024-04-26
2121,25,192,11,7,KGID00002121,Mekhala,1969-12-04,M,AB-,0,2004-05-17
2122,25,192,11,8,KGID00002122,Wriddhish,1978-01-29,M,O+,0,2004-09-17
2123,25,192,11,9,KGID00002123,Ekanta,1975-01-20,M,A-,0,2006-10-29
2124,25,192,7,2,KGID00002124,Barkha,1970-12-22,F,B+,0,2016-03-12
2125,25,192,7,5,KGID00002125,Lajita,1980-06-10,M,AB-,0,2018-08-23
2126,25,192,11,5,KGID00002126,Unnati,1982-09-03,F,O-,0,2023-08-15
2127,25,193,11,8,KGID00002127,Jagrati,1998-11-18,M,O-,0,2020-07-16
2128,25,193,11,2,KGID00002128,Darika,1995-08-25,M,AB+,0,2023-01-30
2129,25,193,11,4,KGID00002129,Advika,1994-08-31,M,AB-,0,2020-10-04
2130,25,193,11,4,KGID00002130,Jagvi,1983-08-20,F,O+,0,2010-11-14
2131,25,193,11,3,KGID00002131,Yochana,1998-01-15,F,AB+,0,2021-02-10
2132,25,193,11,9,KGID00002132,Widisha,1999-12-19,M,O-,0,2023-01-16
2133,25,193,9,4,KGID00002133,Unnati,2000-07-02,M,AB-,0,2022-08-20
2134,25,193,11,4,KGID00002134,Guneet,1990-04-17,M,AB+,0,2019-05-30
2135,25,193,11,5,KGID00002135,Upasna,1983-04-25,M,AB+,0,2007-04-13
2136,25,193,10,1,KGID00002136,Ekaja,1992-09-13,M,AB+,0,2021-10-26
2137,25,193,11,9,KGID00002137,Samar,1992-09-12,M,B-,0,2019-03-20
2138,25,193,11,2,KGID00002138,Kamala,1996-03-04,M,O+,0,2022-06-29
2139,25,193,9,1,KGID00002139,Dhriti,1973-07-06,M,A-,0,2010-03-18
2140,25,193,11,2,KGID00002140,Odika,1980-01-15,F,O+,0,2006-09-19
2141,25,194,11,6,KGID00002141,Chakradev,1968-06-10,F,AB+,0,1994-12-31
2142,25,194,10,5,KGID00002142,Timothy,1977-11-20,F,AB-,0,2023-08-06
2143,25,194,9,4,KGID00002143,Madhav,1992-11-01,M,O+,0,2020-02-08
2144,25,194,11,5,KGID00002144,Amol,1975-03-12,F,A-,0,2000-02-02
2145,25,194,11,8,KGID00002145,Advika,1977-11-29,M,B+,0,2008-11-09
2146,25,194,10,5,KGID00002146,Omisha,1968-02-21,M,O+,0,2000-09-17
2147,25,194,9,8,KGID00002147,Chakrika,1971-09-05,M,O+,0,2010-04-29
2148,25,194,11,5,KGID00002148,Michael,1969-01-12,M,O-,0,2014-04-13
2149,25,194,11,1,KGID00002149,Rohan,1983-05-10,M,O+,0,2011-03-23
2150,25,194,11,2,KGID00002150,Forum,1984-09-23,M,O+,0,2008-03-29
2151,25,194,11,6,KGID00002151,Victor,1977-10-10,M,B-,0,2012-02-05
2152,25,194,11,8,KGID00002152,Ladli,1985-01-07,F,B-,0,2019-06-20
2153,25,194,8,1,KGID00002153,Yatan,1999-12-26,M,AB-,0,2024-06-26
2154,25,194,7,8,KGID00002154,Xalak,1987-07-28,F,A-,0,2024-03-29
2155,25,194,10,5,KGID00002155,Geetika,1980-01-27,M,B+,0,2017-06-12
2156,25,194,11,4,KGID00002156,Aarini,1991-03-14,F,O+,0,2023-11-28
2157,25,194,11,3,KGID00002157,Vrinda,1972-01-14,M,A+,0,2024-09-20
2158,25,194,11,3,KGID00002158,Vritti,1979-06-12,M,O+,0,2020-04-28
2159,25,195,9,9,KGID00002159,Triveni,1981-12-23,M,A-,0,2009-06-23
2160,25,195,11,5,KGID00002160,Om,2001-03-30,M,O+,0,2022-12-27
2161,25,195,9,2,KGID00002161,Indira,1976-10-06,M,A-,0,2024-01-13
2162,25,195,11,8,KGID00002162,Omkaar,1991-12-14,M,AB-,0,2014-10-13
2163,25,195,9,1,KGID00002163,Logan,1976-05-18,M,B+,0,2008-01-08
2164,25,195,11,9,KGID00002164,Vrinda,1968-12-05,F,O+,0,2012-06-20
2165,25,195,8,4,KGID00002165,Qarin,1974-12-29,F,AB-,0,2000-12-07
2166,25,195,10,3,KGID00002166,Daniel,1979-01-10,F,B-,0,2020-05-28
2167,25,195,11,7,KGID00002167,Bahadurjit,1969-11-23,M,AB+,0,1993-01-03
2168,25,195,11,9,KGID00002168,Falan,1998-05-23,M,O+,0,2023-06-06
2169,25,196,11,7,KGID00002169,Chanakya,1991-04-24,F,O+,0,2019-12-09
2170,25,196,11,4,KGID00002170,Abeer,1973-08-30,M,AB-,0,1995-08-20
2171,25,196,8,7,KGID00002171,Nitara,1986-07-01,M,A+,0,2015-08-01
2172,25,196,9,7,KGID00002172,Laksh,1968-09-19,F,B+,0,1999-09-02
2173,25,196,11,5,KGID00002173,Vihaan,2002-01-13,M,B+,1,2023-05-24
2174,25,196,9,8,KGID00002174,Ekansh,1987-09-11,M,O-,0,2013-09-02
2175,25,196,9,1,KGID00002175,Matthew,1973-11-06,M,B+,0,2012-08-26
2176,25,196,11,1,KGID00002176,Aditya,1981-04-02,M,O+,0,2018-10-12
2177,25,196,11,5,KGID00002177,Tejas,1971-07-03,M,O-,0,2018-11-01
2178,25,196,11,6,KGID00002178,Yashasvi,1989-07-04,M,AB+,0,2011-07-10
2179,25,196,9,9,KGID00002179,Tamanna,1972-07-17,M,A+,0,1999-07-20
2180,25,196,11,8,KGID00002180,Kashvi,1984-08-26,M,O-,0,2005-07-17
2181,25,196,10,9,KGID00002181,Darpan,1984-07-03,M,O-,0,2006-02-22
2182,25,196,11,9,KGID00002182,Vasudha,1991-01-20,F,A-,0,2012-10-23
2183,25,196,9,8,KGID00002183,Vinaya,1984-12-13,F,AB+,0,2012-05-28
2184,25,197,8,7,KGID00002184,Amol,1985-03-21,M,A+,0,2012-03-09
2185,25,197,11,4,KGID00002185,Abeer,1976-09-21,M,B+,0,2015-10-08
2186,25,197,11,2,KGID00002186,Nisha,1977-06-12,M,A+,0,1998-01-10
2187,25,197,11,8,KGID00002187,Advik,1970-12-18,F,B+,0,2000-10-29
2188,25,197,11,8,KGID00002188,Anay,1971-08-03,F,AB-,0,2022-01-10
2189,25,197,11,9,KGID00002189,Anvi,1989-01-12,M,AB-,0,2015-10-16
2190,25,197,10,9,KGID00002190,Bhavini,1974-12-24,F,B-,0,2024-12-14
2191,25,197,7,6,KGID00002191,Anay,1989-09-06,F,AB+,0,2016-02-08
2192,25,197,11,5,KGID00002192,Yadavi,1986-02-25,F,AB+,0,2008-02-25
2193,25,197,9,4,KGID00002193,Qushi,1978-01-11,M,B+,0,2008-10-27
2194,25,197,11,7,KGID00002194,Praneel,1990-09-09,F,O+,0,2019-02-21
2195,25,198,8,8,KGID00002195,Hredhaan,1975-04-15,F,A-,0,2023-12-13
2196,25,198,11,7,KGID00002196,Gopal,1970-07-21,F,B+,0,2010-07-17
2197,25,198,11,6,KGID00002197,Manthan,1982-12-21,M,B-,0,2024-01-11
2198,25,198,11,4,KGID00002198,Wridesh,1985-10-11,M,B-,0,2019-03-14
2199,25,198,11,3,KGID00002199,Rehaan,1975-05-25,M,O+,0,2011-01-28
2200,25,198,8,3,KGID00002200,Zayyan,1971-09-10,M,O-,0,1992-05-19
2201,25,198,11,3,KGID00002201,Irya,1999-04-13,T,A+,0,2023-08-20
2202,25,198,7,6,KGID00002202,Amara,1981-01-26,F,A-,0,2018-06-15
2203,25,198,11,1,KGID00002203,Mekhala,1982-10-23,T,A-,0,2005-03-29
2204,25,198,11,7,KGID00002204,Farhan,1976-08-15,F,O-,0,2004-08-16
2205,25,198,11,2,KGID00002205,Kashvi,1995-08-10,F,AB+,0,2021-11-24
2206,25,198,11,9,KGID00002206,Nidra,1979-08-30,M,B-,0,2007-01-22
2207,25,199,10,3,KGID00002207,Tripti,1983-03-11,F,O-,0,2018-11-30
2208,25,199,11,7,KGID00002208,Yagnesh,1981-03-04,F,B-,0,2019-12-29
2209,25,199,11,4,KGID00002209,Upkaar,1997-11-19,M,B+,0,2021-08-30
2210,25,199,7,2,KGID00002210,Charita,1970-08-20,M,O-,0,2017-05-12
2211,25,199,11,6,KGID00002211,Faris,1980-09-02,M,O-,0,2015-12-05
2212,25,199,9,9,KGID00002212,Azad,1996-11-25,F,AB+,0,2024-06-30
2213,25,199,9,1,KGID00002213,Girik,1989-03-24,M,O+,0,2024-09-19
2214,25,199,8,7,KGID00002214,Nidra,1969-05-29,M,O-,0,2001-04-24
2215,25,200,11,3,KGID00002215,Ladli,1982-07-07,F,O+,0,2013-01-31
2216,25,200,11,1,KGID00002216,Krishna,2001-09-16,F,B+,0,2023-01-12
2217,25,200,11,3,KGID00002217,Vamakshi,1989-11-03,M,B+,0,2017-07-03
2218,25,200,11,3,KGID00002218,Daksh,1980-06-18,M,A+,0,2010-01-27
2219,25,200,11,6,KGID00002219,Aditya,1995-08-01,M,O-,0,2020-03-07
2220,25,200,11,3,KGID00002220,Onveer,1977-01-17,M,AB+,0,2007-06-21
2221,25,200,11,4,KGID00002221,Fitan,1994-06-27,M,A+,0,2021-11-13
2222,25,200,11,9,KGID00002222,Xalak,1992-07-17,T,O-,0,2019-07-06
2223,25,200,10,2,KGID00002223,Radha,1986-04-09,M,O+,0,2020-03-20
2224,25,200,11,4,KGID00002224,Garima,1995-04-22,F,B-,0,2022-05-31
2225,25,200,10,4,KGID00002225,Girish,1997-04-01,F,AB+,0,2018-06-08
2226,25,200,7,4,KGID00002226,Brijesh,1978-04-13,F,O-,0,2000-10-26
2227,25,200,7,5,KGID00002227,Victor,1970-02-21,M,O+,1,1994-05-31
2228,25,200,11,5,KGID00002228,Siddharth,2000-11-13,F,A+,0,2024-08-03
2229,26,202,9,5,KGID00002229,Vaishnavi,1997-08-30,F,B-,0,2024-03-12
2230,26,202,10,3,KGID00002230,Anika,2000-07-21,M,B-,1,2022-11-04
2231,26,202,11,4,KGID00002231,Chakradhar,1982-09-30,F,A+,0,2017-07-04
2232,26,202,11,3,KGID00002232,Falan,2000-10-15,F,AB+,0,2022-06-13
2233,26,202,11,6,KGID00002233,Avni,1977-02-25,M,AB+,0,2005-05-09
2234,26,202,11,2,KGID00002234,Bachittar,1992-08-11,F,A-,0,2014-07-16
2235,26,202,7,5,KGID00002235,Praneel,1978-09-29,F,A-,0,2001-12-17
2236,26,202,10,8,KGID00002236,Divya,1990-06-13,M,O-,0,2022-12-28
2237,26,202,10,2,KGID00002237,Amol,1971-09-26,M,O+,0,2007-12-24
2238,26,202,11,2,KGID00002238,Sarthak,1979-03-24,T,B+,0,2000-10-25
2239,26,202,9,4,KGID00002239,Maanas,1998-12-06,M,AB-,0,2024-12-30
2240,26,202,11,2,KGID00002240,Mitali,2001-12-11,F,O+,0,2024-06-04
2241,26,202,9,2,KGID00002241,Faraj,1996-08-05,F,B-,0,2022-06-04
2242,26,202,11,8,KGID00002242,Chandani,1990-03-05,M,AB-,0,2023-07-03
2243,26,202,8,1,KGID00002243,Nicholas,1988-04-25,M,A+,0,2013-03-21
2244,26,202,11,7,KGID00002244,Wridesh,1997-02-05,F,A+,0,2021-10-19
2245,26,202,11,2,KGID00002245,Lopa,1971-10-28,M,A-,0,1998-01-05
2246,26,203,11,2,KGID00002246,Garima,1992-09-28,F,A+,0,2020-08-23
2247,26,203,11,9,KGID00002247,Leena,1979-01-14,F,AB+,0,2013-12-30
2248,26,203,8,5,KGID00002248,Logan,1981-06-19,F,B+,0,2008-02-22
2249,26,203,11,6,KGID00002249,Farhan,1971-05-03,M,AB+,0,2015-10-26
2250,26,203,11,6,KGID00002250,Xiti,1969-03-04,M,A-,0,2002-10-16
2251,26,203,11,2,KGID00002251,Hiral,1995-01-17,M,A-,0,2022-09-21
2252,26,203,11,2,KGID00002252,Chatresh,1982-04-12,M,B-,0,2022-12-04
2253,26,203,8,5,KGID00002253,Guneet,1970-03-15,F,A-,0,2003-05-28
2254,26,203,11,9,KGID00002254,Rajeshri,1993-11-24,M,AB+,0,2023-10-05
2255,26,203,11,7,KGID00002255,Vincent,1969-10-29,M,AB-,0,2003-12-29
2256,26,203,8,1,KGID00002256,Faqid,1971-01-31,M,O-,0,1996-03-25
2257,26,203,11,2,KGID00002257,Harini,1986-03-18,M,B-,0,2019-02-26
2258,26,203,9,2,KGID00002258,Mekhala,1997-02-01,F,A+,0,2024-05-19
2259,26,203,11,9,KGID00002259,Eta,1973-09-06,M,O+,1,2001-08-06
2260,26,203,11,8,KGID00002260,Ayushman,1980-04-04,M,A+,0,2009-05-31
2261,26,204,11,5,KGID00002261,Anjali,1976-08-19,M,O+,0,2020-09-04
2262,26,204,11,5,KGID00002262,Shravya,1993-12-10,M,A-,0,2017-03-24
2263,26,204,10,1,KGID00002263,Vritti,1995-02-24,F,O+,0,2021-07-31
2264,26,204,11,3,KGID00002264,Vedant,1999-01-04,F,A-,0,2020-09-19
2265,26,204,10,4,KGID00002265,Ishani,1999-11-24,T,A+,0,2020-03-23
2266,26,204,11,5,KGID00002266,Keya,1973-12-18,F,A+,0,2003-10-14
2267,26,204,11,7,KGID00002267,Rachana,1999-03-25,M,B-,0,2020-01-29
2268,26,204,9,6,KGID00002268,Quincy,1997-01-24,M,O+,0,2019-05-20
2269,26,204,11,4,KGID00002269,Lajita,1980-05-03,F,B+,0,2020-11-21
2270,26,204,10,8,KGID00002270,Frederick,1997-11-13,M,AB+,0,2020-09-21
2271,26,204,10,3,KGID00002271,Chakrika,1987-06-09,M,A+,0,2018-05-25
2272,26,204,11,2,KGID00002272,Yatin,1977-02-21,F,B+,0,2016-07-18
2273,26,204,9,8,KGID00002273,Ethan,2002-07-01,F,A-,0,2023-01-15
2274,26,204,10,8,KGID00002274,Fitan,1996-11-24,M,AB+,0,2019-07-08
2275,26,204,11,8,KGID00002275,Amrita,1980-02-04,M,B+,1,2008-03-13
2276,26,204,9,4,KGID00002276,Mitesh,1989-10-18,F,B+,0,2018-08-17
2277,26,204,11,2,KGID00002277,Lajita,1991-06-01,M,AB+,0,2017-09-18
2278,26,205,8,5,KGID00002278,Mitesh,1972-10-21,M,B-,0,2003-10-28
2279,26,205,11,3,KGID00002279,Lopa,1992-12-08,F,A+,0,2024-11-20
2280,26,205,7,9,KGID00002280,Edhitha,2002-06-21,M,AB-,1,2024-12-07
2281,26,205,9,7,KGID00002281,Jalsa,1972-11-12,M,AB+,0,2006-09-29
2282,26,205,11,2,KGID00002282,Hredhaan,1998-01-17,M,B-,0,2023-01-01
2283,26,205,10,8,KGID00002283,Gavin,1983-01-29,F,AB-,0,2012-01-02
2284,26,205,11,2,KGID00002284,Abdul,1993-03-24,M,B+,0,2014-03-09
2285,26,205,11,7,KGID00002285,Darika,1977-03-12,M,A-,0,2018-12-14
2286,26,206,11,4,KGID00002286,Sai,1974-02-01,M,A-,0,2004-11-25
2287,26,206,7,2,KGID00002287,Jagvi,1994-05-09,T,O-,0,2019-08-03
2288,26,206,8,2,KGID00002288,Anamika,1978-08-14,F,B-,0,2004-04-30
2289,26,206,11,1,KGID00002289,Harsh,1992-04-08,F,O-,0,2016-09-30
2290,26,206,9,2,KGID00002290,Kevin,1986-06-22,M,B-,0,2014-06-02
2291,26,206,10,6,KGID00002291,Gagan,1987-02-27,F,O-,0,2023-08-14
2292,26,206,9,1,KGID00002292,Rachit,2001-02-22,F,B-,0,2022-07-19
2293,26,206,9,3,KGID00002293,Raagini,2001-01-29,M,B-,0,2022-04-03
2294,26,206,10,8,KGID00002294,Saumya,1970-09-30,M,B+,0,2020-09-05
2295,26,206,11,6,KGID00002295,Yauvani,2000-06-24,F,AB+,0,2022-02-23
2296,26,206,11,3,KGID00002296,Nikita,1998-11-09,M,A+,0,2019-09-17
2297,26,206,7,2,KGID00002297,Harshil,1975-11-08,M,B+,0,2014-11-09
2298,26,206,9,4,KGID00002298,Atharv,1972-11-11,F,B+,0,2012-06-30
2299,26,206,11,6,KGID00002299,Gaurav,1992-11-23,F,B+,0,2024-11-27
2300,26,206,11,4,KGID00002300,Irya,1997-08-17,F,O+,0,2024-05-12
2301,26,206,11,6,KGID00002301,Girik,1987-12-19,M,B-,0,2014-04-06
2302,26,207,9,9,KGID00002302,Ekta,1981-04-04,M,A-,0,2018-11-05
2303,26,207,8,1,KGID00002303,Lekha,1999-02-25,M,A-,0,2020-09-16
2304,26,207,10,3,KGID00002304,Advik,1997-02-20,M,B+,0,2024-07-06
2305,26,207,9,1,KGID00002305,Bishakha,1973-09-02,M,A-,0,2004-10-15
2306,26,207,11,9,KGID00002306,Odika,1983-03-19,M,AB+,0,2015-10-11
2307,26,207,9,7,KGID00002307,Lipika,1975-12-31,M,B-,0,1997-12-22
2308,26,207,11,2,KGID00002308,Frado,1999-05-06,M,O-,0,2023-07-27
2309,26,207,11,6,KGID00002309,Xavier,1992-07-10,M,AB+,0,2014-10-19
2310,27,209,7,1,KGID00002310,Omkaar,2002-05-03,F,A+,0,2023-01-12
2311,27,209,11,3,KGID00002311,Lajita,1971-10-02,F,A-,0,2006-06-19
2312,27,209,9,9,KGID00002312,Omkaar,1972-05-28,F,A+,0,2012-09-10
2313,27,209,11,3,KGID00002313,Liam,1995-02-18,F,AB-,0,2016-04-15
2314,27,209,8,5,KGID00002314,Amruta,1990-08-10,M,A-,0,2017-07-02
2315,27,209,9,9,KGID00002315,Charvi,1997-12-20,M,O-,0,2024-06-18
2316,27,209,11,5,KGID00002316,Amrita,1974-10-03,M,A+,0,2002-11-19
2317,27,209,11,8,KGID00002317,Waida,1990-10-01,M,A+,1,2020-09-30
2318,27,209,10,6,KGID00002318,Madhav,1979-01-07,F,A-,0,2016-12-13
2319,27,209,11,7,KGID00002319,Dev,1991-10-11,M,A-,0,2015-05-13
2320,27,209,9,4,KGID00002320,Oliver,1980-02-01,T,AB-,0,2023-12-15
2321,27,209,10,7,KGID00002321,Radhika,1975-08-21,F,A+,0,2021-11-15
2322,27,209,8,7,KGID00002322,Anya,1977-04-29,M,O-,0,2008-10-13
2323,27,210,11,9,KGID00002323,Oviya,2002-12-04,M,A-,0,2024-10-13
2324,27,210,11,5,KGID00002324,Chandani,1973-06-28,F,A-,0,2011-07-28
2325,27,210,11,5,KGID00002325,Veda,2001-02-15,F,AB+,0,2022-01-11
2326,27,210,11,8,KGID00002326,Faraj,1992-07-22,F,B-,0,2023-08-17
2327,27,210,10,9,KGID00002327,Jalsa,2002-04-06,F,O+,0,2023-07-12
2328,27,210,9,7,KGID00002328,Zayan,1970-12-09,M,AB+,0,1997-05-07
2329,27,210,11,5,KGID00002329,Yatin,1996-12-09,M,B+,0,2024-07-05
2330,27,210,11,6,KGID00002330,Warhi,2001-12-07,F,O+,0,2022-09-25
2331,27,211,11,8,KGID00002331,Rohan,1979-04-19,F,O+,0,2003-09-08
2332,27,211,11,6,KGID00002332,Tanvi,1985-06-27,F,AB-,0,2009-07-07
2333,27,211,11,7,KGID00002333,Hredhaan,1969-11-24,F,AB-,0,1998-05-16
2334,27,211,11,1,KGID00002334,Krishna,1981-03-07,F,O-,0,2010-08-07
2335,27,211,11,9,KGID00002335,Daksha,1980-07-20,M,A+,0,2014-01-14
2336,27,211,11,9,KGID00002336,Abeer,1984-07-10,F,B+,0,2010-06-01
2337,27,211,10,8,KGID00002337,Meghana,2000-07-17,M,A+,0,2021-10-02
2338,27,211,10,5,KGID00002338,Gaurangi,1980-12-29,M,B-,0,2003-08-01
2339,27,211,11,9,KGID00002339,Lajita,1983-12-05,M,AB-,0,2008-05-10
2340,27,211,9,3,KGID00002340,Forum,2000-09-03,F,A-,0,2022-03-31
2341,27,211,11,2,KGID00002341,Ria,1991-08-09,M,B-,0,2022-06-18
2342,27,211,8,8,KGID00002342,Gaurika,1998-06-13,M,O+,0,2021-03-21
2343,27,212,7,2,KGID00002343,Qushi,1986-03-29,F,O-,0,2007-10-12
2344,27,212,10,8,KGID00002344,Laban,1985-06-18,F,O+,0,2008-02-20
2345,27,212,11,1,KGID00002345,Charita,1991-07-11,F,B-,0,2012-03-09
2346,27,212,11,2,KGID00002346,Ekani,1969-04-26,M,O+,0,2016-04-16
2347,27,212,9,1,KGID00002347,Sai,1994-10-15,M,O+,0,2020-11-15
2348,27,212,11,5,KGID00002348,Varenya,1990-04-23,F,A-,0,2016-12-01
2349,27,212,11,4,KGID00002349,Dipta,1968-02-20,M,AB-,0,2017-11-10
2350,27,212,8,2,KGID00002350,Peter,1981-12-17,F,AB+,0,2005-03-07
2351,27,212,10,9,KGID00002351,Mitali,1978-05-18,M,A+,0,2016-10-22
2352,27,212,11,3,KGID00002352,Eiravati,1986-04-08,F,B+,0,2011-05-15
2353,27,212,11,2,KGID00002353,Bishakha,1990-09-09,M,AB+,0,2014-04-26
2354,27,213,8,5,KGID00002354,Vritti,1979-06-12,M,O+,0,2001-08-20
2355,27,213,8,1,KGID00002355,Xavier,1984-06-15,F,AB-,0,2019-02-21
2356,27,213,11,1,KGID00002356,Eshana,1987-03-25,M,A-,0,2017-10-06
2357,27,213,9,4,KGID00002357,Krisha,1968-10-21,F,A+,0,1991-11-22
2358,27,213,9,2,KGID00002358,Avni,1985-07-09,F,A+,0,2014-12-04
2359,27,213,11,4,KGID00002359,Maya,1971-04-05,M,B+,0,2006-05-16
2360,27,213,10,1,KGID00002360,Janya,1983-04-11,F,B+,0,2011-12-24
2361,27,213,8,7,KGID00002361,Ishaan,1996-02-05,F,B+,0,2022-06-11
2362,27,213,11,1,KGID00002362,Ryan,1979-10-31,M,AB+,0,2013-01-09
2363,27,213,7,4,KGID00002363,Pranit,1991-09-04,M,B-,0,2022-01-13
2364,27,213,11,3,KGID00002364,Avi,1992-09-06,M,B-,0,2024-11-09
2365,27,213,10,1,KGID00002365,Triya,2000-06-20,M,AB-,0,2021-09-12
2366,27,213,11,9,KGID00002366,Shaurya,1995-03-03,M,A-,0,2016-07-13
2367,27,213,10,8,KGID00002367,Raksha,1976-02-26,T,B+,0,1997-09-16
2368,27,214,11,7,KGID00002368,Bishakha,1995-12-24,F,O+,0,2023-01-07
2369,27,214,11,2,KGID00002369,Ekapad,1992-10-16,F,AB+,0,2023-03-27
2370,27,214,11,4,KGID00002370,Nilima,1993-12-25,M,A-,0,2018-04-23
2371,27,214,11,3,KGID00002371,Xalak,1981-11-20,F,A-,0,2010-09-21
2372,27,214,11,3,KGID00002372,Liam,1978-01-02,F,O+,0,2012-03-16
2373,27,214,11,1,KGID00002373,Chavvi,1970-06-16,T,O-,0,2009-04-17
2374,27,214,11,1,KGID00002374,Wyatt,1988-07-04,F,B+,0,2018-05-15
2375,27,214,10,9,KGID00002375,Zayyan,2000-06-29,M,AB-,0,2022-04-13
2376,27,214,11,4,KGID00002376,Mitesh,1984-03-24,F,B+,0,2019-08-02
2377,27,214,11,1,KGID00002377,Pallavi,1968-10-13,F,O+,0,2002-10-09
2378,27,214,8,7,KGID00002378,Krishna,1974-05-23,M,B+,0,2020-05-26
2379,27,214,11,7,KGID00002379,Ethan,1992-06-04,F,A-,0,2016-04-16
2380,27,214,10,7,KGID00002380,Saumya,1984-12-20,F,B-,1,2012-09-24
2381,27,214,11,3,KGID00002381,Varenya,1987-02-08,F,AB-,0,2010-03-15
2382,27,214,11,5,KGID00002382,Nandini,2001-08-29,F,AB+,0,2022-09-04
2383,27,214,9,5,KGID00002383,Yashawini,1994-05-11,F,AB+,0,2023-12-06
2384,27,214,8,8,KGID00002384,Omya,1969-04-27,F,A+,1,1997-05-14
2385,27,215,11,2,KGID00002385,Balhaar,1985-07-10,T,A-,0,2014-09-25
2386,27,215,11,2,KGID00002386,Jagvi,1990-08-08,M,B-,0,2015-07-14
2387,27,215,10,2,KGID00002387,Frederick,1969-02-21,M,A+,0,1992-02-25
2388,27,215,10,6,KGID00002388,Ikbal,1981-02-22,M,O+,0,2005-04-13
2389,27,215,11,8,KGID00002389,Yuvraj,1991-05-29,F,B+,0,2016-05-23
2390,27,215,10,5,KGID00002390,Isha,1996-08-05,M,O-,0,2020-02-21
2391,27,215,11,1,KGID00002391,Ojas,1985-07-11,F,O-,0,2009-08-22
2392,27,215,11,3,KGID00002392,Chaitanya,2002-03-23,M,AB-,1,2024-02-26
2393,27,215,11,8,KGID00002393,Mugdha,2001-06-16,F,A+,0,2024-10-04
2394,27,215,11,5,KGID00002394,Garima,1994-12-29,M,AB+,0,2015-10-01
2395,27,215,9,4,KGID00002395,Qushi,1977-02-02,M,B+,0,2018-05-12
2396,27,215,10,4,KGID00002396,Hitesh,2000-01-26,M,O+,0,2021-12-17
2397,27,215,11,1,KGID00002397,Advaith,1971-07-20,M,B+,0,2012-10-28
2398,27,215,8,7,KGID00002398,Guneet,1975-04-30,M,O+,0,1996-01-08
2399,27,215,11,3,KGID00002399,Aarna,1998-01-14,M,AB-,0,2022-07-25
2400,27,215,9,9,KGID00002400,Tristan,1988-01-27,M,AB+,0,2010-09-01
2401,27,216,11,3,KGID00002401,Yashvi,1982-06-28,F,AB+,0,2004-01-27
2402,27,216,11,5,KGID00002402,Zilmil,1972-03-28,M,A+,0,2012-05-05
2403,27,216,9,7,KGID00002403,Timothy,1979-03-22,M,A-,0,2004-07-22
2404,27,216,11,9,KGID00002404,Sanaya,2001-03-27,M,B+,0,2024-10-20
2405,27,216,11,8,KGID00002405,Kavya,1996-08-31,F,B+,0,2018-01-13
2406,27,216,9,3,KGID00002406,Mahika,1991-04-20,M,AB-,0,2021-06-01
2407,27,216,11,8,KGID00002407,Ubika,2000-10-19,M,O+,0,2024-11-07
2408,27,216,9,2,KGID00002408,Xiti,1992-03-11,F,B+,0,2018-06-14
2409,27,216,11,6,KGID00002409,Matthew,1986-04-27,M,O-,0,2007-08-27
2410,27,216,7,9,KGID00002410,Hemani,1999-07-11,F,O+,0,2023-04-20
2411,28,218,11,7,KGID00002411,Aryan,1999-05-28,F,O-,0,2020-05-05
2412,28,218,11,1,KGID00002412,Vasudha,2002-12-25,M,A+,0,2023-05-31
2413,28,218,9,3,KGID00002413,Henry,1997-07-22,M,AB-,0,2019-12-02
2414,28,218,9,6,KGID00002414,Chakrika,1985-08-23,M,AB-,0,2021-03-23
2415,28,218,11,5,KGID00002415,Ojasvi,1972-09-14,M,B+,0,2023-10-22
2416,28,218,11,2,KGID00002416,Frederick,2002-07-18,F,B+,0,2023-06-28
2417,28,218,10,1,KGID00002417,Jack,1988-06-26,M,AB+,0,2022-04-30
2418,28,218,11,9,KGID00002418,Lucky,1992-04-21,F,B+,0,2019-06-24
2419,28,218,11,1,KGID00002419,Ijaya,1982-11-04,F,B-,0,2020-11-27
2420,28,219,11,5,KGID00002420,Devika,2000-04-05,M,AB+,0,2024-05-10
2421,28,219,10,9,KGID00002421,Hemal,1995-03-02,M,A-,0,2019-10-15
2422,28,219,10,9,KGID00002422,Tamanna,1988-04-08,M,A+,0,2023-01-16
2423,28,219,11,4,KGID00002423,Samuel,1984-01-05,F,O+,0,2009-01-06
2424,28,219,11,1,KGID00002424,Vasudha,1992-03-10,F,O-,0,2017-03-10
2425,28,219,11,8,KGID00002425,Ijaya,1995-07-18,M,O-,0,2016-09-17
2426,28,219,9,7,KGID00002426,Vamakshi,1995-12-22,M,B+,0,2022-06-11
2427,28,219,9,4,KGID00002427,Gunbir,1991-02-25,M,A+,0,2024-12-08
2428,28,219,11,1,KGID00002428,Raksha,1998-07-28,M,B+,0,2024-11-17
2429,28,219,11,5,KGID00002429,Sneha,1984-07-15,F,AB-,0,2006-03-01
2430,28,219,10,6,KGID00002430,Eiravati,2000-08-22,F,A+,0,2024-06-22
2431,28,219,9,6,KGID00002431,Ekalinga,1980-07-16,F,AB+,0,2008-11-22
2432,28,219,11,7,KGID00002432,Charita,1985-08-20,M,AB-,0,2016-05-01
2433,28,219,11,3,KGID00002433,Chaitanya,1976-04-30,F,AB+,0,2008-01-24
2434,28,219,11,9,KGID00002434,Ishwar,1977-12-19,F,A-,0,2006-09-23
2435,28,219,9,6,KGID00002435,Arin,1971-07-28,M,AB-,0,2022-09-14
2436,28,220,9,3,KGID00002436,Hemal,1983-05-27,F,B+,0,2012-09-22
2437,28,220,11,6,KGID00002437,Ikbal,1999-02-27,M,AB-,0,2021-03-31
2438,28,220,11,9,KGID00002438,Nitesh,1990-08-18,F,AB-,0,2013-05-20
2439,28,220,11,5,KGID00002439,Yagnesh,1989-12-18,F,AB-,1,2021-08-22
2440,28,220,10,5,KGID00002440,Zaitra,1989-11-17,M,B-,0,2016-06-11
2441,28,220,11,2,KGID00002441,Owen,1998-04-19,F,A-,0,2024-09-29
2442,28,220,11,4,KGID00002442,Nathaniel,1975-05-24,M,AB-,0,1998-02-07
2443,28,220,10,6,KGID00002443,Ganga,1969-09-09,M,AB+,0,1993-11-10
2444,28,220,10,6,KGID00002444,Pooja,1972-10-27,M,B-,0,2007-08-29
2445,28,220,10,8,KGID00002445,Turvi,1977-08-14,F,A-,0,2016-10-25
2446,28,220,11,1,KGID00002446,Vincent,1982-03-26,F,AB+,0,2004-01-11
2447,28,220,9,5,KGID00002447,Nidhi,1996-11-09,F,A-,0,2018-03-23
2448,28,220,10,9,KGID00002448,Qarin,1988-06-25,F,A-,0,2017-08-03
2449,28,220,11,3,KGID00002449,Quincy,1993-03-09,F,A+,0,2014-09-04
2450,28,220,9,9,KGID00002450,Rachana,1991-01-25,F,AB-,0,2023-10-25
2451,28,221,11,7,KGID00002451,Meghana,1993-01-01,M,AB-,0,2023-01-28
2452,28,221,11,8,KGID00002452,Ayush,1986-08-21,M,AB+,0,2024-10-08
2453,28,221,9,9,KGID00002453,Rudra,1990-02-06,M,AB+,0,2018-07-30
2454,28,221,10,6,KGID00002454,Shivani,1994-05-23,F,AB-,0,2019-09-25
2455,28,221,11,9,KGID00002455,Pushti,1980-12-02,M,A-,0,2008-12-22
2456,28,221,11,1,KGID00002456,Lopa,1987-03-16,M,A+,0,2015-06-15
2457,28,221,8,4,KGID00002457,Aayush,1981-10-06,M,B-,0,2018-09-17
2458,28,221,9,6,KGID00002458,Tanish,1996-10-29,F,A-,0,2018-04-20
2459,28,221,10,9,KGID00002459,Samesh,1989-07-21,M,O+,0,2010-10-04
2460,28,221,9,5,KGID00002460,Arya,1972-07-02,M,O+,0,2005-09-26
2461,28,222,11,8,KGID00002461,Dev,1990-01-03,F,B-,0,2014-03-26
2462,28,222,11,5,KGID00002462,Harsh,1987-10-14,F,B+,0,2024-02-19
2463,28,222,9,6,KGID00002463,Rachit,1991-02-11,M,A-,0,2015-10-05
2464,28,222,11,2,KGID00002464,Jasmit,1975-10-03,F,B-,0,2020-05-16
2465,28,222,9,1,KGID00002465,Eshana,1995-03-18,F,A-,0,2017-08-09
2466,28,222,11,4,KGID00002466,Ronith,1972-01-12,M,O-,0,2016-04-22
2467,28,222,11,1,KGID00002467,Tanvi,1988-10-10,M,O-,0,2016-09-27
2468,28,222,11,3,KGID00002468,Ishaan,1997-11-01,F,AB-,0,2023-02-11
2469,28,222,10,9,KGID00002469,Adweta,2001-07-02,F,O-,0,2024-01-14
2470,28,222,9,1,KGID00002470,Vrishti,1993-08-15,M,A-,0,2024-07-25
2471,28,222,11,7,KGID00002471,Dhriti,1998-01-16,F,B-,0,2024-02-01
2472,28,222,10,8,KGID00002472,Lipika,1992-08-22,F,O-,0,2017-01-28
2473,28,222,11,8,KGID00002473,Manya,1977-08-24,F,B-,0,2006-11-24
2474,28,222,11,6,KGID00002474,Ishaan,1976-05-07,M,B+,0,1998-04-25
2475,28,222,11,7,KGID00002475,Ijaya,1995-07-31,F,A-,0,2018-05-26
2476,28,222,11,2,KGID00002476,Indira,1997-06-25,F,B-,0,2024-07-24
2477,28,222,9,6,KGID00002477,Tanvi,1975-06-21,F,B-,0,2010-08-01
2478,29,224,9,5,KGID00002478,Orinder,1992-12-08,M,O-,0,2019-11-29
2479,29,224,11,4,KGID00002479,Chameli,2001-05-11,M,O+,0,2024-10-06
2480,29,224,11,5,KGID00002480,Frado,1993-08-12,F,O-,0,2017-09-24
2481,29,224,11,8,KGID00002481,Krish,1976-02-04,M,B+,0,2017-01-16
2482,29,224,9,8,KGID00002482,Dhriti,1982-11-07,F,O-,0,2008-07-12
2483,29,224,9,6,KGID00002483,Jacob,1999-10-03,M,B-,0,2024-08-01
2484,29,224,7,3,KGID00002484,William,1998-04-15,F,O+,0,2020-02-08
2485,29,224,11,4,KGID00002485,Dalaja,1970-06-08,M,A+,0,2015-08-01
2486,29,224,11,8,KGID00002486,Jackson,1995-03-18,M,O-,0,2023-09-10
2487,29,224,9,9,KGID00002487,Qadim,2001-03-11,M,B-,0,2024-02-02
2488,29,224,10,1,KGID00002488,Kashvi,1970-09-24,M,AB+,0,2024-09-01
2489,29,224,9,2,KGID00002489,Lohit,1985-05-25,F,AB-,0,2020-06-23
2490,29,224,8,2,KGID00002490,Yasti,1975-04-24,M,B+,0,2005-06-03
2491,29,224,9,6,KGID00002491,Lipika,2000-09-25,F,A-,0,2024-04-16
2492,29,224,11,4,KGID00002492,Omya,1997-04-29,M,B-,0,2023-09-26
2493,29,224,11,4,KGID00002493,Lakshit,1989-02-01,F,O-,0,2011-11-09
2494,29,225,9,3,KGID00002494,Leela,1970-03-04,F,A-,0,2019-05-29
2495,29,225,8,7,KGID00002495,Pallavi,1998-10-22,M,B+,0,2024-02-29
2496,29,225,11,2,KGID00002496,Quincy,2001-06-18,M,O+,0,2022-07-02
2497,29,225,11,1,KGID00002497,Vidhi,1969-11-16,M,AB-,0,1995-06-05
2498,29,225,11,4,KGID00002498,Oscar,2002-02-02,M,B-,0,2024-03-24
2499,29,225,11,6,KGID00002499,Ojas,1987-05-09,M,A+,0,2016-07-12
2500,29,225,11,9,KGID00002500,Vrishti,1997-11-01,M,AB+,0,2021-05-19
2501,29,225,8,7,KGID00002501,Bhavya,1969-01-07,F,B+,0,2015-01-18
2502,29,225,11,6,KGID00002502,Logan,1993-11-09,F,B+,0,2021-06-16
2503,29,226,9,6,KGID00002503,Rachit,1994-07-12,T,AB-,0,2017-03-04
2504,29,226,11,1,KGID00002504,Divya,1970-12-17,F,B-,0,2024-04-15
2505,29,226,11,8,KGID00002505,Shravya,1983-06-27,F,A-,0,2006-11-16
2506,29,226,11,4,KGID00002506,Chatresh,1974-05-13,M,AB-,0,2007-05-11
2507,29,226,11,3,KGID00002507,Jagrati,1985-05-17,M,A+,0,2012-11-19
2508,29,226,8,1,KGID00002508,Aditya,2001-04-24,M,O-,0,2022-11-16
2509,29,226,11,3,KGID00002509,Vedhika,1984-03-25,M,O-,0,2018-10-11
2510,29,226,9,8,KGID00002510,Laban,1995-10-14,F,A-,0,2016-09-08
2511,29,226,11,4,KGID00002511,Robert,1969-01-01,M,AB+,0,2008-06-30
2512,29,226,11,6,KGID00002512,Leena,1972-10-19,M,B+,0,2008-05-11
2513,29,226,11,4,KGID00002513,Yashasvi,1996-10-19,F,AB+,0,2017-02-01
2514,29,226,8,6,KGID00002514,Warda,1968-10-03,F,O+,0,2017-08-21
2515,29,226,11,8,KGID00002515,Nilima,2002-06-20,M,AB+,0,2024-10-17
2516,29,226,10,6,KGID00002516,Vyanjana,1994-06-21,M,O+,0,2022-08-05
2517,29,227,10,5,KGID00002517,Ojasvi,1972-10-09,M,A+,0,1999-02-21
2518,29,227,11,9,KGID00002518,Sachi,2002-07-02,M,B-,0,2023-05-02
2519,29,227,11,4,KGID00002519,Vrinda,1986-07-04,M,O+,0,2019-06-04
2520,29,227,11,7,KGID00002520,Oliver,1989-12-07,M,A+,0,2013-08-19
2521,29,227,11,8,KGID00002521,Fitan,1998-01-23,M,A+,0,2023-02-09
2522,29,227,8,1,KGID00002522,Azaan,1983-05-17,M,B-,0,2019-10-18
2523,29,227,11,1,KGID00002523,Thomas,1972-07-23,M,B-,0,2004-01-22
2524,29,227,11,9,KGID00002524,Brinda,1980-11-27,F,O-,0,2017-03-14
2525,29,227,11,4,KGID00002525,Bachittar,1975-11-06,M,O+,0,2001-02-14
2526,29,227,11,8,KGID00002526,Anvi,1991-09-09,M,O+,0,2019-12-20
2527,29,227,11,9,KGID00002527,Umang,1977-03-05,M,B-,0,2003-05-29
2528,29,228,11,5,KGID00002528,Bhavya,1975-01-09,F,O+,0,2015-09-18
2529,29,228,9,2,KGID00002529,Om,1983-11-05,M,B+,0,2017-02-14
2530,29,228,11,5,KGID00002530,Tanvi,1969-06-09,M,O+,0,1992-08-01
2531,29,228,11,1,KGID00002531,Warhi,1996-02-13,F,A-,0,2023-08-11
2532,29,228,11,2,KGID00002532,Yasti,1997-11-24,F,A+,1,2023-03-30
2533,29,228,11,9,KGID00002533,Isaiah,1994-04-07,F,A-,0,2017-08-24
2534,29,228,11,5,KGID00002534,Ishaan,1999-05-25,M,AB-,0,2024-10-23
2535,29,228,11,3,KGID00002535,Amrita,1970-12-13,M,A+,0,2005-03-16
2536,29,228,10,8,KGID00002536,Jeevika,1994-10-27,F,O+,0,2024-03-19
2537,29,228,11,2,KGID00002537,Benjamin,1990-02-08,M,O-,0,2016-01-07
2538,29,228,11,9,KGID00002538,Ridhi,1985-02-22,F,A-,0,2019-07-11
2539,29,229,11,8,KGID00002539,Tejas,1974-08-29,M,A+,0,2004-09-13
2540,29,229,11,3,KGID00002540,Pavani,1979-02-19,F,O+,0,2010-06-19
2541,29,229,11,2,KGID00002541,Harsh,1991-02-13,T,O-,0,2018-06-26
2542,29,229,8,7,KGID00002542,Yug,1979-11-06,F,B+,0,2007-05-29
2543,29,229,11,9,KGID00002543,Chameli,1991-02-16,F,A-,0,2022-05-02
2544,29,229,8,5,KGID00002544,Bachittar,1975-02-07,M,A-,0,1997-03-25
2545,29,229,11,9,KGID00002545,Shivani,2001-09-07,F,O-,0,2024-11-16
2546,29,229,11,1,KGID00002546,Adya,1971-09-30,F,AB+,0,2011-12-08
2547,29,229,11,7,KGID00002547,Ijaya,1971-03-02,F,AB+,0,2016-07-08
2548,29,229,9,6,KGID00002548,Gagan,1973-05-24,M,B-,0,2014-03-30
2549,29,229,11,8,KGID00002549,Reva,1990-09-26,F,B+,0,2019-05-21
2550,29,229,7,7,KGID00002550,Jacob,1992-03-23,M,O-,0,2014-01-19
2551,29,229,11,7,KGID00002551,Warjas,1976-01-25,M,AB+,0,2005-06-23
2552,29,229,8,3,KGID00002552,Shaurya,1997-01-24,M,O-,0,2018-12-11
2553,29,230,10,7,KGID00002553,Indali,1975-06-02,M,B+,0,2022-11-28
2554,29,230,11,8,KGID00002554,Priya,1993-12-14,F,A+,0,2024-07-30
2555,29,230,11,5,KGID00002555,Noah,1978-04-15,F,A-,0,2004-04-15
2556,29,230,11,1,KGID00002556,Liam,1983-11-27,M,B-,0,2013-07-31
2557,29,230,10,6,KGID00002557,Samuel,1998-12-29,F,AB-,0,2021-07-07
2558,29,230,11,7,KGID00002558,Samuel,1994-01-23,M,A+,0,2023-12-13
2559,29,230,11,5,KGID00002559,Daniel,1999-06-28,F,O+,0,2023-08-03
2560,29,230,10,1,KGID00002560,Indali,1979-11-17,M,AB+,0,2019-04-04
2561,29,230,11,6,KGID00002561,Avni,1974-11-10,M,B+,0,2020-02-27
2562,29,230,11,4,KGID00002562,Om,1994-01-06,F,O+,0,2023-07-11
2563,29,230,11,4,KGID00002563,Ekiya,1968-01-06,M,O+,0,2012-07-17
2564,29,230,11,7,KGID00002564,Brinda,1995-07-19,M,AB+,0,2016-06-17
2565,29,230,9,8,KGID00002565,Bimala,2001-10-09,M,A-,0,2024-12-15
2566,29,230,11,5,KGID00002566,Amara,1970-11-04,M,A-,0,1995-01-01
2567,29,230,11,6,KGID00002567,Yoshita,2000-07-05,F,B+,0,2022-05-24
2568,29,230,11,2,KGID00002568,Girish,2000-01-23,M,O-,0,2023-04-15
2569,29,230,11,4,KGID00002569,Krishna,1983-04-30,M,AB+,0,2008-03-08
2570,29,231,8,1,KGID00002570,Nisha,1982-11-29,F,AB-,0,2020-06-27
2571,29,231,10,3,KGID00002571,Daniel,1981-07-20,M,A-,0,2024-03-25
2572,29,231,11,5,KGID00002572,Aradhana,1976-09-01,M,O+,0,2009-12-21
2573,29,231,8,2,KGID00002573,Jonathan,2001-11-22,F,B+,0,2024-09-18
2574,29,231,11,9,KGID00002574,Kevin,1993-09-17,F,A+,0,2022-06-12
2575,29,231,11,2,KGID00002575,Zaid,1992-09-21,M,O-,0,2016-04-06
2576,29,231,11,6,KGID00002576,Madhav,1972-09-09,F,O+,0,2003-02-28
2577,29,231,11,9,KGID00002577,Ekanta,1992-06-27,M,B-,0,2022-06-21
2578,29,231,11,9,KGID00002578,Yug,1999-03-30,M,O+,0,2023-06-20
2579,29,231,11,6,KGID00002579,Maya,1972-01-19,M,AB-,0,2007-09-07
2580,29,231,8,3,KGID00002580,Vrishti,1973-07-26,F,B+,0,2021-07-12
2581,29,231,11,4,KGID00002581,Lucky,1989-06-06,F,O+,0,2018-02-07
2582,29,231,8,8,KGID00002582,Amruta,1973-01-31,M,A+,0,1997-02-27
2583,29,231,11,4,KGID00002583,Oeshi,2001-10-06,M,B-,0,2024-03-19
2584,29,231,11,9,KGID00002584,Keya,1973-08-22,M,AB-,0,1998-06-27
2585,29,231,8,1,KGID00002585,Siya,1989-10-11,M,AB+,0,2010-03-04
2586,29,232,11,3,KGID00002586,Faqid,1994-01-12,M,O+,0,2017-10-21
2587,29,232,11,7,KGID00002587,Girik,1980-04-15,M,A+,0,2020-07-05
2588,29,232,11,5,KGID00002588,Neha,1975-04-05,M,AB-,0,1996-08-23
2589,29,232,11,8,KGID00002589,Yutika,1992-02-10,F,AB+,0,2013-08-28
2590,29,232,11,1,KGID00002590,Arunima,1976-08-16,M,B-,0,2019-09-20
2591,29,232,10,3,KGID00002591,Jyoti,1986-02-21,F,B+,0,2015-07-21
2592,29,232,10,2,KGID00002592,Suhani,1980-12-21,M,AB-,0,2003-06-07
2593,29,232,10,7,KGID00002593,Vinaya,1970-05-29,M,B+,0,1991-05-31
2594,29,232,9,7,KGID00002594,Falak,1976-02-14,F,O-,0,2017-04-10
2595,29,232,11,6,KGID00002595,Aarnav,1985-12-30,M,O+,0,2009-01-05
2596,29,232,8,2,KGID00002596,Girik,1980-08-07,M,AB+,0,2005-06-26
2597,29,232,11,1,KGID00002597,Tara,1985-06-01,F,A+,0,2007-05-07
2598,30,234,11,8,KGID00002598,Ishita,1985-10-07,T,B+,0,2016-10-16
2599,30,234,8,6,KGID00002599,Dev,1993-12-02,M,A+,0,2020-09-05
2600,30,234,10,5,KGID00002600,Mitali,1974-01-19,F,O+,0,2013-04-29
2601,30,234,11,4,KGID00002601,Tejas,1975-05-21,M,B-,0,1998-05-26
2602,30,234,11,7,KGID00002602,Pushti,1983-05-07,M,O+,0,2009-02-10
2603,30,234,11,6,KGID00002603,Siddharth,1988-09-08,F,B+,0,2021-06-06
2604,30,234,10,5,KGID00002604,Warda,1991-01-22,M,B-,0,2015-12-03
2605,30,234,11,5,KGID00002605,Amrita,1984-03-28,M,O+,0,2022-11-16
2606,30,234,11,6,KGID00002606,Ekantika,1980-10-16,F,B-,0,2021-12-16
2607,30,234,8,3,KGID00002607,Bhanumati,1974-04-11,F,O-,0,2003-09-07
2608,30,234,11,2,KGID00002608,Geetika,2002-05-01,M,O+,0,2024-05-18
2609,30,234,10,8,KGID00002609,Kalpit,1981-03-01,M,B-,0,2009-06-18
2610,30,234,11,3,KGID00002610,Vedhika,1985-01-08,F,O-,0,2021-05-14
2611,30,234,7,2,KGID00002611,Hemal,1992-05-08,M,O+,0,2014-05-13
2612,30,234,11,4,KGID00002612,Chanakya,1979-06-08,M,B-,0,2014-10-03
2613,30,234,11,4,KGID00002613,Chakradhar,1974-06-30,M,B-,0,2006-12-19
2614,30,234,7,2,KGID00002614,Hardik,1999-05-26,M,O+,0,2024-06-01
2615,30,235,10,6,KGID00002615,Tripti,1971-01-02,F,AB+,0,2011-01-23
2616,30,235,11,5,KGID00002616,Amol,1984-02-15,M,B-,0,2010-11-14
2617,30,235,11,8,KGID00002617,Jeet,1998-11-18,M,B-,0,2019-09-28
2618,30,235,11,6,KGID00002618,Nakul,1972-10-21,M,A-,0,1993-09-13
2619,30,235,11,5,KGID00002619,Ridhi,1990-07-14,F,O+,0,2022-06-30
2620,30,235,11,9,KGID00002620,Tanmayi,1987-02-02,M,B+,0,2021-02-24
2621,30,235,11,5,KGID00002621,Aadi,1994-11-11,T,AB-,0,2015-09-07
2622,30,235,11,5,KGID00002622,Priya,1989-07-02,F,B+,0,2012-05-07
2623,30,235,9,9,KGID00002623,Samaksh,1972-01-07,F,O+,0,2019-11-02
2624,30,235,9,9,KGID00002624,Kevin,1973-12-05,F,O-,0,2003-02-20
2625,30,235,9,2,KGID00002625,Chasmum,1993-06-24,M,A-,0,2022-11-20
2626,30,235,11,7,KGID00002626,Nathan,1990-06-05,F,B+,0,2011-09-04
2627,30,235,11,9,KGID00002627,Anusha,1975-09-25,F,B-,0,2019-03-12
2628,30,235,9,3,KGID00002628,Girik,1973-03-31,M,A+,1,1994-09-02
2629,30,235,11,7,KGID00002629,Jalsa,1985-04-24,M,A+,0,2016-05-07
2630,30,235,11,9,KGID00002630,Zashil,1996-04-27,F,O-,0,2023-09-11
2631,30,236,7,4,KGID00002631,Fitan,1971-10-01,M,A-,0,2005-04-03
2632,30,236,11,5,KGID00002632,Kamya,1978-07-21,F,B-,0,2023-10-22
2633,30,236,8,8,KGID00002633,Noah,1990-11-22,M,B+,0,2012-01-24
2634,30,236,10,2,KGID00002634,Charles,1994-05-29,M,B-,0,2018-07-19
2635,30,236,11,3,KGID00002635,Meghana,1988-07-02,M,AB+,0,2018-01-25
2636,30,236,11,8,KGID00002636,Dalaja,1994-05-23,F,AB-,1,2019-04-03
2637,30,236,11,7,KGID00002637,Vivaan,1987-07-21,M,A-,0,2017-09-15
2638,30,236,11,5,KGID00002638,Pushti,1985-08-17,F,A-,0,2014-04-27
2639,30,236,11,1,KGID00002639,Gavin,1978-01-31,F,AB-,0,2011-08-29
2640,30,237,11,8,KGID00002640,Girish,1994-07-13,M,A+,0,2018-01-06
2641,30,237,11,7,KGID00002641,Aarav,1976-09-24,M,AB+,0,2016-04-14
2642,30,237,10,7,KGID00002642,Tanay,2000-07-19,M,O-,0,2024-03-08
2643,30,237,11,9,KGID00002643,Vansha,1992-03-21,M,A-,0,2022-09-21
2644,30,237,11,2,KGID00002644,Faras,1997-08-16,M,AB-,0,2023-06-11
2645,30,237,11,2,KGID00002645,Kevin,1984-04-13,M,O+,0,2015-03-05
2646,30,237,11,2,KGID00002646,Upkaar,1973-09-03,M,AB-,0,1994-12-31
2647,30,237,11,9,KGID00002647,Zilmil,1991-06-01,F,B+,0,2024-12-12
2648,30,237,10,1,KGID00002648,Sai,1971-07-12,F,AB-,0,2016-10-26
2649,30,237,11,6,KGID00002649,Aditya,1988-09-04,M,A-,0,2017-02-07
2650,30,237,11,3,KGID00002650,Abhiram,1999-09-03,M,O+,0,2020-07-03
2651,30,237,11,9,KGID00002651,Hemal,1972-05-01,M,A-,0,2017-04-22
2652,30,237,11,5,KGID00002652,Jai,1974-03-07,M,B+,0,2014-07-19
2653,30,237,11,2,KGID00002653,Pahal,1990-12-23,M,AB+,0,2024-03-06
2654,30,237,10,9,KGID00002654,Kevin,1973-11-30,M,AB+,0,1998-09-21
2655,30,237,11,7,KGID00002655,Vanya,1970-01-13,F,B+,1,2005-04-22
2656,30,237,11,8,KGID00002656,Ekavir,1973-08-31,F,A+,0,2010-06-21
2657,31,239,8,6,KGID00002657,Veer,1985-11-29,M,A+,0,2010-12-04
2658,31,239,9,8,KGID00002658,Leela,1974-02-06,T,B+,0,2007-06-29
2659,31,239,11,1,KGID00002659,Gaurav,2000-05-06,M,O-,0,2022-07-28
2660,31,239,11,3,KGID00002660,Harsh,1991-03-06,F,O-,0,2016-02-06
2661,31,239,9,7,KGID00002661,Harshil,1986-10-29,F,AB-,1,2008-08-16
2662,31,239,8,1,KGID00002662,Dhriti,1983-10-06,M,AB-,0,2016-08-12
2663,31,239,11,2,KGID00002663,Jhalak,1988-10-21,M,O+,0,2011-06-14
2664,31,239,11,4,KGID00002664,Chandani,2001-05-14,F,O-,0,2024-01-13
2665,31,240,9,8,KGID00002665,Laksh,1969-12-19,M,O+,0,1991-06-22
2666,31,240,11,5,KGID00002666,Lavanya,1968-03-16,F,A-,0,2011-09-15
2667,31,240,11,6,KGID00002667,Kiaan,1982-01-03,F,B-,0,2015-08-08
2668,31,240,9,8,KGID00002668,Luke,1993-06-15,M,B-,0,2019-11-08
2669,31,240,11,5,KGID00002669,Ekapad,1973-11-24,M,O-,0,2020-09-12
2670,31,240,11,9,KGID00002670,Abhiram,2000-11-12,F,O-,0,2021-06-30
2671,31,240,10,4,KGID00002671,Nitesh,1992-02-25,F,A-,0,2014-11-09
2672,31,240,10,9,KGID00002672,Ria,1974-11-23,F,O+,0,2010-10-12
2673,31,240,9,4,KGID00002673,Indali,1989-01-02,F,AB-,0,2016-08-28
2674,31,240,11,3,KGID00002674,Tanay,1978-11-08,M,A+,0,2014-02-18
2675,31,240,10,1,KGID00002675,Max,1992-06-23,F,O-,0,2022-10-07
2676,31,240,11,5,KGID00002676,Nisha,2000-03-12,F,B-,0,2022-05-30
2677,31,240,11,4,KGID00002677,Saanvi,1982-04-05,M,AB+,0,2020-12-12
2678,31,240,9,6,KGID00002678,Teerth,1970-02-16,M,O-,0,2005-11-03
2679,31,240,11,8,KGID00002679,Gabriel,1985-08-25,M,AB-,0,2014-01-28
2680,31,240,11,3,KGID00002680,Harish,1975-02-25,F,A+,0,2005-03-28
2681,31,240,11,6,KGID00002681,Logan,1982-12-13,M,O-,0,2023-03-28
2682,31,241,11,2,KGID00002682,Jatin,1997-11-17,F,A-,0,2024-09-23
2683,31,241,11,7,KGID00002683,Leena,1988-10-02,M,A+,0,2020-05-20
2684,31,241,11,7,KGID00002684,Indali,1999-08-02,M,B+,0,2022-06-30
2685,31,241,7,6,KGID00002685,Pushti,2000-03-01,F,AB-,0,2024-06-25
2686,31,241,11,3,KGID00002686,Divya,1999-05-04,T,A-,0,2020-06-19
2687,31,241,9,6,KGID00002687,Logan,1982-01-27,F,A+,1,2020-08-09
2688,31,241,11,1,KGID00002688,Yug,2002-01-26,M,A-,0,2024-12-17
2689,31,241,11,5,KGID00002689,Aradhana,1976-03-18,M,AB-,0,2012-07-26
2690,31,241,10,8,KGID00002690,Frado,1990-01-31,F,B+,0,2013-03-29
2691,31,241,11,6,KGID00002691,Yuvraj,1983-11-15,F,B-,0,2019-11-20
2692,31,241,11,7,KGID00002692,Bhavani,1970-02-27,M,B-,0,1991-06-09
2693,31,241,11,2,KGID00002693,Avi,1968-07-18,M,AB-,0,1999-02-13
2694,31,242,11,9,KGID00002694,Charvi,1987-03-21,M,AB+,0,2009-01-08
2695,31,242,11,2,KGID00002695,Samesh,1996-02-13,F,AB-,0,2023-11-18
2696,31,242,11,6,KGID00002696,Zarna,1975-10-26,M,B-,0,2020-06-19
2697,31,242,11,1,KGID00002697,Yashodhara,1983-04-10,M,A-,0,2007-04-15
2698,31,242,11,1,KGID00002698,Ranbir,1989-11-03,F,O+,0,2022-10-09
2699,31,242,11,2,KGID00002699,Manya,1992-07-23,M,O-,0,2014-04-27
2700,31,242,8,8,KGID00002700,Chakrika,1999-03-13,M,B+,0,2021-05-09
2701,31,242,11,5,KGID00002701,Chatura,1997-09-14,M,AB-,0,2020-03-04
